api-gateway_energy,clientone_energy,clientthree_energy,clienttwo_energy,kernel_processes_energy,orchestrator_energy,policy_energy,policy-enforcer_energy,rabbitmq_energy,server_energy,sidecar_energy,system_processes_energy
1342.7659556086762,2882.6395977388856,2553.0263008300435,2632.53084980754,80902.2131528681,1121.24017291908,2259.314349096285,1155.36801823871,5821.915483895622,2902.4543747374983,21562.099520610842,204254.6798046974
1338.2771355778998,2913.263626376924,2572.4483179179806,2649.152125943918,81260.54543349441,1127.1897823202355,2272.472928966203,1158.885914605989,5852.495734063692,2931.0039201679656,21537.209555862668,205091.26205347557
1331.282476320072,2940.6713558586753,2594.754330983387,2667.5655373094637,81592.0317999084,1136.3563549415753,2281.5363521765184,1164.0469323908853,5886.9242886833745,2956.4995437499683,21534.94671790365,205808.52498881062
1323.3663987603024,2966.0390567660793,2612.6361969382606,2685.250215136863,81915.93279913286,1142.4729653730415,2288.8835697111344,1168.4169289838162,5915.940089460683,2979.8539990857007,21545.32879658436,206203.94889589297
1312.3736802322824,2977.95679874465,2624.876183433361,2698.8611361032504,82206.3417638361,1147.652667709362,2296.3038739181798,1171.806593655406,5946.213400698024,2992.4482021896997,21589.77704889632,206687.91748140953
1302.3721667869045,2987.654743861554,2633.0988231847887,2706.449342211735,82472.57523928396,1151.5047363858332,2302.33820498727,1174.2923026890196,5974.397333177015,3003.481058307857,21606.598547566544,207258.20611105318
1293.6806419978577,2999.9775166682766,2639.4801476134026,2717.1326397222383,82747.33437368172,1157.1826978660501,2310.609348153173,1178.8745290621116,6009.732523234069,3011.4263683649997,21653.10514474382,207876.96014337955
1284.9583265514286,3012.9029309200428,2652.1878780457882,2728.634174226632,83031.53229976792,1160.5260946780245,2315.920941821313,1180.7501811051786,6036.240205476718,3026.883988564973,21680.805385577994,208465.13062509272
1275.0016070997028,3022.8934928480903,2660.3765216058778,2739.3337293509308,83307.0373511,1167.4038487381245,2324.8843879446304,1186.0985703423096,6063.288588302783,3037.5608424049724,21730.972563107363,209141.10383558352
1265.5090170419298,3033.804447180787,2669.2529450611964,2751.3424223220654,83584.84166078648,1170.1834026316822,2329.984280480122,1187.030168190699,6091.76644289662,3049.2734844897846,21750.661144815567,209707.20624529687
1256.3564446808214,3044.131768746438,2675.398108571014,2760.317919983131,83859.79437916169,1177.8371177054883,2338.453365018589,1192.0702340160562,6121.387502393249,3059.841425849786,21803.818161847368,210247.5963196144
1252.684278525359,3059.7017509817006,2687.179107404011,2774.634810843321,84152.38128463329,1181.328065814732,2343.5275994915114,1193.7791161589134,6145.380098821821,3073.7534389894213,21840.769343133557,210842.0586218675
1255.526777292427,3066.125663017134,2695.3545133078537,2781.78486730627,84423.09512805837,1188.1513600656397,2352.1096343723793,1199.1894942309857,6162.766691220528,3086.3191029520863,21886.132855424912,211422.35628795886
1257.0342251190127,3074.0812739696603,2700.622512063919,2789.28669475383,84673.13341959957,1189.658687130193,2358.582730968701,1199.3957941125743,6186.580381881338,3095.663552520766,21896.586105973023,212293.75535157835
1269.0255196196038,3078.9739437142744,2696.3816990620094,2792.318829475945,84878.1631699063,1193.9347270380865,2366.740908725642,1205.70840559086,6202.339723488627,3095.8803626320396,21906.686918371106,213438.86879393802
1278.8944192557758,3075.966541617042,2702.803420720028,2799.233481933507,85099.82654508964,1195.7941954834644,2371.616099430094,1206.2424396120593,6223.46008437098,3100.4085587131312,21994.854089647328,214468.73967307637
1293.9032830766946,3080.591704392539,2708.546959169898,2805.2133970579407,85330.28230233632,1202.6349268852555,2379.030369724748,1214.8951191946694,6225.216562711123,3104.2301370413134,22276.796508994517,215208.90324879656
1303.2238978601467,3081.7602949402167,2714.9031266142783,2809.6608860231945,85563.1571919687,1204.460615167415,2386.68475434275,1216.4312008737256,6247.495032278026,3106.218867039309,22522.83576149151,215851.00339977402
1319.86546954404,3087.4301582874195,2717.3571807717767,2815.293047301476,85790.23803209429,1209.723006303753,2394.221152750202,1221.477659337487,6253.945833392687,3108.9240138793093,22677.591812752005,216471.0950392025
1330.2767954732572,3089.5792584374385,2726.304800656237,2820.4552857744634,86027.49910020114,1212.4983548234684,2401.0792664368905,1224.9925241322508,6276.5013449263,3112.6849194780466,22821.24142421923,217194.40093717197
1347.6837972766975,3096.1828049012393,2732.3966239305664,2826.9970008374876,86260.50404851857,1218.3690179862642,2408.448803429704,1230.8387190469803,6282.231253264555,3117.6840523723326,22978.894437521616,217907.68404134992
1357.4123470666132,3094.0938664956934,2739.1906879842822,2829.3790862556702,86489.33557851441,1219.5927206333233,2417.226372902524,1232.4101233326944,6307.04685385279,3121.001406738825,23108.24539930548,218594.24570079535
1373.2920913755165,3101.103109582108,2743.753669437345,2836.8251489158597,86717.22357003135,1226.9425687012103,2425.256921899866,1240.5041677432787,6316.684305038651,3123.7739682748256,23270.51384713759,219311.6335647641
1381.5252251931342,3106.266423224384,2753.279587885725,2843.4106923118907,86976.24281133842,1230.9393977715877,2434.2817564282414,1242.7117103719554,6339.016873919953,3133.601428764791,23420.745103201807,219740.0417377053
1388.814740150656,3117.714420833086,2769.266741282087,2854.9656830892022,87270.55476613737,1237.464076751155,2442.7549951779392,1249.7701324574896,6350.876376330755,3147.110742663789,23640.86697835104,219966.84493061472
1388.2759090949842,3134.9062650102633,2778.693661399467,2862.4458695240182,87563.33244759151,1240.69973563771,2452.209698648278,1253.7848861287082,6374.186523179495,3162.279975769663,23737.432343378678,220295.77298729084
1389.442177782675,3147.625615001597,2786.571736421808,2871.6996491948858,87836.1639023314,1245.9757588119185,2460.3568788856087,1257.6745477310455,6393.82060543899,3171.2309965626046,23783.16046407228,220954.08640167853
1389.1714081048033,3160.5685468847983,2796.3507350532227,2878.4003862598915,88108.83125815263,1249.9529051074364,2469.062863698307,1260.2971115125583,6417.456417525823,3185.1083356800896,23807.156610135527,221624.50742572718
1391.064508398152,3171.6141540385097,2804.4803899207996,2887.9049704545696,88378.02889356426,1258.4693121991388,2476.229691979378,1268.5355920574343,6436.239790426283,3195.378092253031,23856.36465266927,222310.75778331576
1389.6245838842945,3185.150412181303,2812.848901570904,2897.21137051716,88652.17618243946,1261.2485224527143,2485.5823018574965,1270.9266159369863,6457.132484977369,3208.8705359413875,23882.107787296518,222979.90739867277
1391.2516040593462,3198.497382124304,2819.7065856659165,2906.433862069018,88924.25397149699,1264.0163853530266,2494.5085795582972,1274.9493103831023,6480.135948936511,3218.0165793084043,23931.608637340036,223546.55935705584
1390.8577998294695,3212.6385231767135,2830.2567339084653,2918.915109274206,89208.40481309968,1268.0432499892488,2501.2272418186544,1277.8043544664724,6496.779071562562,3234.4732251866435,23985.699953975796,224209.7111712618
1392.758776024038,3224.78125705774,2840.5954441265176,2929.0111036229455,89486.22205445399,1270.1401453707433,2509.5522730117527,1279.8444476839636,6520.934070768197,3244.0131728647493,24035.854734975008,224919.35107930625
1391.5318469484077,3237.5336843986274,2850.564167324455,2942.629735426033,89771.60161267027,1271.724969372845,2516.515143430728,1281.5363213814423,6538.171688919453,3258.4992911673016,24075.69041519566,225492.16306433067
1392.8531656055336,3249.06556423056,2859.606190927661,2952.2217714325275,90048.1078199994,1274.7619352177046,2525.7726548041865,1286.69683573377,6562.122526752629,3268.633800882732,24119.442179413058,226123.510964993
1392.398055626542,3259.9387000610923,2871.829401559952,2966.6947201995,90339.04421807542,1278.425507587834,2532.805274448006,1287.1514468128385,6579.142633303435,3282.7221408954633,24167.426275283433,226775.7001574118
1394.0520367455738,3270.38230064971,2881.7771555495283,2976.303923421175,90609.51239612221,1279.2338925584083,2541.448166195757,1289.4586735416422,6602.016282879456,3293.094545499098,24210.830352848432,227462.46298234724
1393.3349214159166,3278.610331963896,2892.3528029926165,2986.073702865743,90892.17733312809,1279.328377029545,2547.718392412074,1290.3830190341353,6623.667637398999,3305.3928425666577,24235.76145815855,228084.52525815702
1395.3926548671632,3289.01136741493,2900.782305247603,2994.7293351924245,91160.70808993149,1280.141063173765,2556.713197977639,1294.9748646458202,6650.265594368422,3314.007929093457,24278.787315631598,228730.55087017795
1395.6087703325447,3298.434899776744,2912.2153886650717,3004.9686086848415,91442.85489923749,1281.2417804723584,2561.038124952689,1295.2402161643622,6670.9395846362795,3326.714841926395,24309.51837789533,229362.26543067285
1396.1697975596333,3308.395014395558,2924.8473920513543,3014.8432293340015,91717.07318952051,1286.3207565294933,2567.7836012213656,1303.1599001715683,6690.736853685788,3337.409325063568,24370.696421150114,230072.3699221638
1395.9593214346337,3317.361523827681,2932.852463323326,3020.598426549913,91989.41766110607,1288.5994261450394,2574.3279613987647,1304.9355724320726,6714.857481542931,3348.207621872596,24379.1508888721,230605.174323961
1397.0848278708315,3327.2540417018668,2940.716643895802,3027.2690850020776,92254.6740199116,1292.5192643672744,2580.2778773187374,1307.9852874893475,6734.909729807563,3357.749952043796,24419.11650387424,231177.6831096177
1397.3764278116846,3339.8386172640116,2949.4234839221235,3028.7878945179586,92511.37719674873,1295.3044945582892,2586.123762545868,1311.6041391199233,6758.7771601857185,3368.8530638130824,24444.339517689128,231760.78526934944
1398.427516756519,3349.1434530305496,2958.731577496019,3031.6142761426077,92733.75189905659,1298.5539511170614,2590.785890522541,1313.2353491515846,6777.151584245386,3378.3935350403444,24487.643969526976,232263.84305688916
1398.545756135963,3359.7380035033048,2965.800343773151,3040.102909711613,93052.49368342967,1298.4255944997735,2596.537597240026,1316.6456247940457,6803.28445321364,3388.4791703931623,24504.366387048656,232971.01500324006
1399.5226142883162,3369.6905376293043,2974.4393952344244,3045.533728928468,93320.10206008177,1303.9632498245326,2602.2409154600673,1323.0779416894961,6824.28434689978,3397.938189993164,24549.427534411214,233548.82227214443
1400.004389584768,3383.4005203513652,2983.0879347642935,3055.314685050911,93590.48264166311,1306.2252896307887,2608.987779334128,1325.5257230433715,6847.509294977511,3407.8911648215567,24577.159711689324,234102.95807807884
1400.8242216045403,3394.013437842689,2993.5215328021523,3064.4008056156026,93862.78495071779,1309.9376428191915,2614.677460149344,1330.0635985781657,6865.1467984926785,3419.448393665839,24637.401796701823,234686.59459843836
1400.6938445612916,3405.2066970889036,3001.6211033064524,3067.657049153494,94137.0355095856,1312.6726041626428,2622.8388702008187,1334.4193471923356,6891.64450232925,3431.206386862804,24650.646708386026,235214.1225394996
1402.35995356604,3417.1701839938237,3009.633278908795,3077.7983833146072,94411.3474327679,1313.0997757067303,2631.0654479632108,1333.436250831285,6912.263765740156,3442.028290793838,24691.593703373124,235799.85978101086
1402.8851773453794,3429.57822648409,3021.3754414165005,3085.36104924241,94693.18849058819,1314.683556796994,2638.4239045682907,1338.295113973128,6938.57795899646,3455.6402550598373,24723.69372127453,236485.37491228982
1405.337069176489,3441.458288604242,3031.851791909918,3098.730772333357,94971.55615237521,1315.5094373504157,2647.911771880541,1343.584163658991,6962.964764217446,3466.6693998264586,24784.485239711496,237150.72718020715
1405.5747497118643,3450.1598608841327,3041.4021938274554,3107.4647435324823,95245.83893117655,1315.8128385309524,2655.0166922026624,1343.7258019857732,6988.808805807306,3478.971426168703,24808.42063927664,237856.19247792932
1407.1961137422682,3462.8237570315714,3048.4432261428474,3121.186956106096,95518.97467348877,1318.9752811894214,2664.2965346861733,1349.5301673501158,7014.618655391263,3489.467325538767,24854.234029358595,238419.46350398878
1407.5397915138951,3473.6332804848307,3059.368362445371,3133.2777847176067,95804.5086909164,1324.3961135766708,2671.193091546366,1352.207198454116,7036.292569466894,3501.500282172743,24896.406158312446,239101.18419313413
1409.9283176966276,3485.263773638134,3067.855656023546,3148.89665549265,96079.23157083355,1327.581630120035,2680.824955439598,1357.6536719744709,7063.436208996037,3512.451241304557,24955.038256352156,239735.6317361101
1409.6928812699657,3495.508121261721,3077.139096316284,3158.1777582824056,96364.44893925704,1330.1550181408281,2688.8478476636055,1360.0168568644156,7085.644506058679,3525.958571168597,24993.247754891414,240433.50739743686
1411.2314912175748,3504.9611135532964,3086.525866612917,3171.9612256353457,96635.57155990344,1332.138191403632,2697.236101820383,1362.9440414709682,7112.4221420268905,3536.3123374158713,25037.549588926686,240999.21462230728
1411.587078633542,3516.4032917054355,3097.3800426560765,3182.256703769576,96925.39350412766,1333.3780257848389,2704.0565366871,1366.0333341103876,7133.615830409243,3552.2179907862337,25093.57562128051,241721.24876765913
1413.257463102887,3524.170456483446,3108.376087050926,3194.2137859964655,97193.89934439713,1339.1036302691218,2713.208223954606,1373.245900558588,7154.510700973915,3562.9644805842013,25146.715312478005,242321.2286515003
1413.2077374096095,3538.1687648193592,3116.9199297829337,3200.0706701508393,97480.34662437785,1345.9330759413908,2721.022830116295,1375.88420776447,7175.3523571924015,3577.167307458706,25197.406998883896,242992.822094278
1414.4302093813367,3547.1453207533914,3126.1329216280833,3211.141803790545,97747.43520449453,1347.142022084157,2727.9925399031054,1378.0591494225635,7198.429868578855,3586.643496922638,25247.931610095715,243573.41159695783
1414.7107135304964,3560.150167364339,3135.7575862336175,3215.257322498823,98034.80316413255,1350.376293551244,2736.122228024731,1383.6682684911916,7217.468975438099,3602.435813138104,25288.669244493667,244189.53566210563
1416.4372881950626,3569.554932953589,3147.9518573594355,3224.081712993751,98303.12114658533,1352.8741755281744,2741.7600008976747,1386.96701795515,7234.396787248357,3612.5798384494374,25347.016071116745,244875.5440952031
1416.0761056751896,3577.6804313174116,3156.5895020929333,3225.663202016727,98576.9774147125,1352.2994703429783,2749.4988566890843,1388.3856862143862,7255.340957210879,3625.680320269816,25362.824883328714,245529.1448962842
1417.3178938845394,3589.0786741236006,3165.549854604179,3232.3283593200913,98844.28960066987,1354.1808550438013,2754.0838881795053,1390.7676947720504,7278.144413032222,3634.5795905267523,25410.2838992541,246119.4950177263
1417.510671007703,3599.3907905205006,3175.9884185484543,3236.149153720961,99121.48470361132,1356.9702133233538,2762.03436269148,1396.8241449723023,7296.153125351993,3648.644806274887,25433.031873532345,246796.5584372677
1420.8757784629438,3610.199983131102,3186.071544875288,3244.2526928917514,99390.60490995077,1362.402466712643,2768.2940639928597,1400.6841498993567,7317.057147984107,3658.0659874659555,25487.301788400124,247491.9659181225
1420.6896792163548,3618.5719203640015,3195.4092617822434,3247.5297852376125,99654.94783264438,1364.1507330501213,2776.3592327374204,1403.683247980532,7334.724886358383,3670.507297974268,25497.75743393067,248067.37529369973
1424.151606829791,3630.974254546388,3202.2267139431306,3256.445769101544,99923.29459335974,1368.058473783267,2782.764616379859,1407.9708147774188,7361.040891686449,3677.702435482607,25548.729602219522,248712.01199707523
1424.5835103903112,3636.697506941275,3211.8214165129334,3261.1969899698847,100188.1114410732,1366.0297800764956,2789.1471593814613,1407.7487946558126,7377.7429028471615,3689.7407212770936,25553.0501326944,249342.61594923207
1428.5084024536327,3648.9064043969024,3220.7695099129373,3271.160741644339,100460.81598511152,1371.0236437694637,2795.8248576335995,1410.8889940892113,7398.756577122636,3698.8373624210935,25606.65116130968,250078.29587708376
1428.5859258112625,3658.468969172673,3228.441361786231,3278.154018165836,100723.33127945618,1373.4627676973944,2801.492818349592,1414.8678276010733,7416.6290040164695,3707.489516540253,25615.271294263734,250670.5147200805
1431.6399914684885,3670.6089611027974,3236.0161601661066,3289.5460333871933,100995.04892267862,1376.8697621213933,2809.309290276916,1418.414977673482,7439.106863772683,3716.2590003767414,25661.594926038328,251275.7725930377
1431.572318006713,3681.4854445936644,3245.82848328874,3299.3893768295047,101265.62533699002,1378.4214746275425,2816.549515096512,1418.5783796815779,7454.053334739068,3726.1078384497946,25684.31953373957,251906.77179158828
1435.2865005042418,3693.2906604263726,3256.832844223697,3312.1268651713062,101544.35695102665,1382.7563540408808,2825.610552244216,1422.7465841044552,7472.229725312553,3736.8885795848464,25743.627020650485,252580.8923966973
1435.1029542256613,3705.827642884601,3265.173232053482,3319.7259927588448,101813.1575629804,1381.402531174455,2832.4197886999755,1422.6793947684187,7492.4101485116935,3746.2456145272436,25764.077026373263,253195.54273678007
1437.2243391419556,3718.976470123957,3273.459871883736,3333.7126939561626,102088.65382638245,1385.2807238667906,2840.6640423629033,1426.6627892370684,7512.26007261312,3754.754045561661,25821.718469457865,253830.38345954317
1437.2176713717995,3732.7481891934076,3284.6403686257354,3342.8709545244683,102375.13525344427,1387.493588548178,2848.322038703462,1427.3263362478579,7531.293722827979,3765.7170779077337,25855.176261540735,254510.3918891793
1440.0997602027749,3744.064319937954,3296.955424991246,3356.6113492402174,102652.12592305003,1391.8175313497059,2855.5338278753643,1429.1316794404079,7552.118289083616,3777.8975059919417,25918.13289527731,255147.65626937366
1439.662653481678,3757.2640420548605,3304.2600991310856,3365.282869516074,102929.90229437996,1393.2710460438113,2863.3553764782932,1430.0164928389945,7572.327165414148,3788.291614901409,25946.400366257752,255921.79095577594
1441.580056322845,3769.386523441453,3313.921210465688,3377.6608747888786,103205.07429296439,1396.414346273731,2871.566400955658,1435.3867290724463,7594.8407770270405,3799.0516661918327,25995.804681583275,256484.30050887127
1441.6054238131014,3782.505617190998,3324.6668761343453,3388.1206053494584,103495.46247055363,1396.687368690611,2881.2084980406275,1434.1856090471754,7611.518354886008,3809.856760798005,26029.313915743474,257235.4115163011
1443.9596159649,3793.5417582001987,3335.6731392964866,3399.306511874307,103768.26484486481,1398.142126609967,2887.570478592087,1436.966565812346,7629.242502875821,3821.2130932233385,26081.60377545203,257968.23831005226
1444.0952668665318,3807.044835525989,3342.8258857795395,3405.313593848088,104043.01584501311,1399.2897563888432,2895.648418893542,1441.3484534185534,7652.5858642301955,3831.08544558025,26090.61396299587,258680.51547437362
1445.7533620974514,3817.6495543896513,3350.5684690268986,3416.432975385053,104311.55643695257,1399.1560926062507,2902.280495382576,1442.6160245137405,7671.042374856546,3841.82550170706,26127.130461065954,259291.29413341833
1445.8019968816116,3827.5852778706103,3359.8784736004045,3426.007063533875,104591.39009839558,1400.3638281853232,2911.107219282349,1444.7332675978416,7689.114391332388,3852.0778049975765,26146.86772063101,259986.81822916417
1448.4013304525624,3837.7525673128157,3369.2146849769815,3435.3747252824496,104861.73498375951,1402.2546913547963,2917.996274576283,1449.4372997525147,7705.894305098652,3865.060226185501,26198.02608762077,260650.5233556646
1448.0249815097354,3847.057046656127,3374.5694244051024,3437.956856360197,105092.03131146284,1403.8590012572568,2926.104532826147,1452.1246743214674,7727.215849834547,3876.110829162203,26193.65195091518,261173.62710684352
1449.6206326397999,3860.1099848722747,3382.1852252621493,3442.5914344801613,105335.12119355946,1404.4739105971912,2931.4746071607133,1455.8504649081156,7745.14351912424,3886.7376413752654,26229.1740230874,261725.32154798583
1449.3846772862585,3871.28956534422,3390.0983995544802,3449.328170107167,105620.6207310597,1405.6869170701807,2939.767793530741,1459.2033663642978,7764.222288758693,3894.7281321221935,26250.11809175611,262412.4852182397
1451.8889485274944,3878.014252689256,3397.793177232109,3456.3610185392085,105869.61814133001,1406.7259754803158,2945.785455518955,1459.7476176629418,7785.513237887717,3904.83685694802,26260.021931512874,263203.35323067976
1451.2204670190913,3888.9953176392855,3404.959882515623,3454.634386890322,106174.21030291822,1404.4889103752732,2951.4851153011346,1460.3581097553788,7807.315582215449,3911.2505509118782,26206.54663002277,263916.2720267022
1452.8401696810172,3898.8294961545935,3413.812408991288,3463.2537798828075,106454.88356554264,1405.9429944924661,2957.455494337372,1461.4448092226535,7831.847885295852,3926.697411791597,26167.4597412417,264390.6598949915
1453.6595689877397,3913.361162999646,3427.7633762673686,3465.742739310899,106742.27024856897,1406.0717206842892,2963.6034641443566,1460.556759874722,7855.757025530172,3938.3499744825313,26144.519770210463,264972.1775216459
1455.7909397214341,3926.904269183969,3440.8692509433945,3472.2837993943367,107038.17479657421,1408.4396995100537,2971.0532778387287,1463.0748347011966,7877.086643001455,3955.352439910855,26126.956041231064,265667.60083179164
1456.9293469752186,3939.226245584277,3454.140522030523,3473.700711133943,107323.39737577122,1409.5565478807437,2976.1308618141625,1462.2878610378525,7906.633676202662,3966.490385135792,26117.38483214123,266299.6775617529
2480.9061487791723,7120.475987295651,6250.469212330676,6244.356267167462,194212.4574196281,2504.9850946369797,5385.019651669153,2604.904766572976,14345.265954137305,7205.405238898003,46229.13646341969,480636.13613706565
2482.4925734079798,7139.6465033575105,6270.569074269051,6270.834750819367,194756.3313946204,2514.170925968393,5397.962402565241,2610.1553998442964,14387.316996298838,7225.925322488877,46305.71691170278,481810.79263993714
2486.0912669102586,7158.72234903354,6289.6160272621855,6292.43572475238,195299.04711475826,2519.660657036994,5410.91436217278,2618.021600146719,14429.269161659959,7245.395703332148,46410.378310790795,483062.9673278354
2487.552422420401,7178.7295364541915,6307.783837991437,6307.021570419332,195853.8486393813,2523.4205333874734,5425.378095062094,2622.867749872125,14476.060855051863,7267.736722012951,46493.43955044406,484427.02580391115
2491.987234031462,7197.9164266538155,6325.809548434809,6326.840300718473,196395.87674544682,2526.5827509663027,5440.637629569048,2627.7197899348566,14517.75700417122,7287.667277924547,46594.60226651253,485620.0533701647
2493.850973085129,7216.350949205943,6345.778132834905,6341.276397209019,196958.66762423728,2531.8125134281054,5456.882007975599,2633.1030981863846,14553.53808695483,7312.997495018883,46687.60817523659,486997.63617729704
2498.9548262024487,7235.693650335222,6363.362726744223,6361.077049638445,197502.38395725426,2537.2058955880448,5472.965852489087,2638.199086438467,14594.000467012234,7332.401679998571,46798.610171728964,488256.386156384
2499.8799832303125,7253.896189369616,6381.209060007903,6377.661988040954,198061.05652292966,2542.930710031322,5489.418692546169,2642.5438787145613,14629.970663504937,7355.660524616478,46885.19770094558,489682.4530449573
2505.3538314780535,7273.583274394956,6399.3911617718,6398.0836350070895,198601.55577855793,2549.658941736972,5504.488650068771,2647.767562764546,14668.594332225388,7376.080724814373,46995.25278643645,490968.85990034416
2506.592373037174,7291.896233387064,6417.169239203076,6416.177725281805,199148.34314608874,2556.2489734542464,5520.403690766212,2654.142076729911,14699.492188329412,7398.956079287775,47081.20899134348,492150.60182249045
2511.019171874789,7311.857606492826,6437.134999972005,6435.859103448836,199691.05778169562,2564.980735235421,5537.344243648173,2660.7422003218185,14745.203480998674,7417.814684711368,47191.712398262105,493429.3399213551
2510.9336601155596,7332.608800034088,6454.67864174591,6453.759616805148,200236.6364799618,2570.33023960183,5553.161326651599,2665.055678745218,14785.143020592752,7441.128839104296,47284.91954836643,494737.7900822169
2514.359183334417,7353.116091720583,6471.143890983161,6474.526528191264,200775.0508852771,2580.2848968731028,5570.430438483505,2672.0727554035243,14823.043114642816,7460.60520277387,47416.23120890073,495954.3269369391
2514.6938620870883,7373.232961081592,6491.17301671918,6490.816807753976,201309.48902566909,2589.1287772868614,5586.4672350017045,2678.074867830173,14858.2094596008,7482.08236865052,47510.84483576616,497192.2916435088
2517.677483264856,7392.629990354064,6509.72633985469,6513.631068308722,201850.59070908552,2598.0433290767382,5601.337221753532,2681.959382675479,14895.13014191637,7501.134912541367,47642.42214813807,498473.2626393484
2516.871164435128,7415.4669375722315,6527.377850672919,6529.095707236018,202386.83488507572,2604.35102816821,5614.95868496699,2685.8169789955637,14937.17590603815,7524.967275702805,47729.81355156781,499711.09701506543
2519.446803794012,7437.249117037862,6542.585833925351,6550.05169142783,202924.56202105666,2610.7798121594337,5629.965189473614,2690.1434475936217,14974.466801075754,7544.359873962477,47858.43369810032,500998.7842285568
2519.2194074086124,7462.610580335049,6559.694739118315,6563.701924896445,203461.5684284551,2616.9701201572475,5642.603912556387,2694.885995633541,15013.092961406466,7569.377203970575,47965.355650194266,502211.0307373462
2521.3480654355435,7484.597287502601,6576.387293416197,6582.932491217401,203999.41860117024,2623.875733553094,5656.72819642745,2702.095016995613,15054.103837812707,7588.939920570808,48088.39036091263,503492.95629460627
2520.5012635154208,7510.370340799147,6592.289449595657,6600.954883253586,204543.14411587323,2629.437406327107,5670.145797239309,2704.163430215998,15100.380293975171,7614.98163766079,48192.07125651714,504869.98152264825
2523.7047359699,7529.453577755723,6607.778639817077,6619.592212035468,205075.59033775618,2632.372110618189,5683.892292871587,2711.784187280088,15135.383337981995,7634.617930633324,48313.510798945084,506054.98118643754
2523.2922526785833,7551.66306365624,6625.364650577671,6637.324962844638,205614.48789994954,2639.3205880595397,5698.548435522014,2719.9673009780045,15175.491376995913,7656.047483586779,48409.08577387988,507309.2226611214
2527.248617120165,7573.692659907919,6643.230888555149,6657.837927628799,206154.6185153877,2640.9435464118988,5710.579252581086,2722.108015107272,15218.633466063995,7675.983803841778,48542.559354320074,508586.3581781861
2525.6479398129773,7597.160102198958,6658.507798375105,6675.379178428468,206700.31826212225,2645.441171915899,5724.693823064606,2726.118169561357,15266.834693517128,7700.482260300852,48637.25778241821,510023.25242234196
2530.4166522687465,7617.923853207145,6674.187546695384,6697.912348342686,207241.3363632909,2650.589466384115,5737.738396270198,2731.1510939075383,15309.971079131676,7720.585660079929,48779.597835345856,511252.15811458614
2533.140939814436,7640.414236384629,6694.740889285749,6712.6735434989005,207793.20702069558,2656.2779965095788,5752.756410694714,2735.022392272996,15347.15215282534,7742.389975755073,48887.01589404799,512593.86818321125
2536.406124249719,7659.243911945188,6713.471349177581,6735.489348791814,208335.13972999173,2660.7206007087602,5765.324051487968,2741.234848000444,15392.815873417489,7762.410555324527,49027.52142326165,513882.044002801
2539.1733635673595,7677.841098293573,6732.563353977093,6749.788426518016,208877.28800377523,2666.6531890751785,5780.650980782521,2744.6678869624525,15435.846791792002,7782.407298960037,49111.571523483704,515437.42398372636
2543.361688624011,7699.224536108889,6749.053251812418,6773.355226818018,209420.4703724307,2667.120218402254,5794.363797631906,2746.7274700688295,15478.089953758634,7801.676346157976,49262.776196676634,516700.7793589931
2546.5291752168873,7720.634812168168,6772.137393142603,6784.864178938646,209969.44640704658,2671.781867491994,5811.402789883803,2753.4757670185345,15515.90666659477,7822.918235481309,49359.15661679304,517880.86257111013
2549.510692029957,7742.193172245209,6788.729476818635,6808.432645618561,210514.93284586538,2674.5330670910394,5826.46484231097,2756.3443077614797,15559.38393822765,7842.482812487333,49493.473218094274,519158.48232690495
2552.6039892139174,7762.640474500807,6811.967801985983,6820.58204206737,211065.9526317153,2677.1551869768637,5843.37722759065,2758.8442567841316,15603.518900489249,7863.911967256032,49589.21892679006,520611.30086555687
2556.794101669061,7781.714209474105,6827.829604886952,6841.138422247878,211608.33239846732,2684.057887527647,5860.479367470778,2760.644392759651,15647.873061163065,7884.118846877516,49720.97753933965,521834.28826288896
2560.9685269503907,7800.580046786866,6849.556962995295,6856.656105455455,212153.3768341674,2691.4329019375855,5876.215302503621,2763.2016362598342,15690.27120843198,7906.013346542097,49825.493339698914,523195.33011053334
2564.704915654019,7823.356611980099,6864.112659434865,6874.50776858294,212696.3705165945,2695.974863863977,5891.497819166011,2768.483652201337,15729.164208789138,7928.11048968058,49943.65593951046,524502.0226678414
2568.747225120819,7844.145752624128,6881.42665795993,6891.002011736482,213233.74864248387,2702.7109552759775,5907.8147245784985,2773.33215512121,15777.992593945959,7949.891264329492,50027.667478413874,525961.7519943888
2573.553412127937,7867.247606363702,6894.8318313289155,6911.3316267450955,213775.2696408391,2708.5479190772885,5921.373482515797,2776.124719811115,15812.873860832255,7971.152366747294,50150.746825211405,527194.6880288047
2578.5596515764914,7885.944051709526,6911.739450341398,6928.9020039061825,214310.41939658253,2716.955017920791,5936.0714746680615,2780.570537648729,15855.234757698501,7992.039947533168,50248.21508740836,528522.3699182565
2582.371055230466,7907.87380418939,6926.500081638876,6946.457710698242,214845.90274951668,2721.9597712890163,5949.27166338019,2786.2118440555405,15892.336186531185,8013.965098179506,50365.48067132443,529797.7579915711
2588.315005004074,7930.454128822314,6939.391696433862,6955.2668877832275,215371.84015282211,2728.415070830477,5962.419569633369,2788.356681475439,15932.102580227516,8033.7236446729385,50438.49986634976,531213.3216427544
2592.7319228340393,7952.397506506942,6956.130437928181,6972.069420221776,215907.19609855316,2735.007482927761,5976.634196675499,2791.6822963574373,15968.96516306169,8053.684377296866,50560.29159429223,532499.6416101332
2599.0949928318773,7971.12477323961,6969.981600031375,7000.340228049917,216431.2640731844,2743.29615982656,5990.669450371346,2794.248367794363,16007.089501200458,8079.610016002094,50633.97267843969,533851.3187342228
2602.862165930841,7995.558492086777,6989.4283649100735,7026.426121781918,216974.21760094198,2746.6083071155654,6002.890412850004,2799.6492464526855,16042.010607060012,8100.65157785606,50766.25015073331,535223.2874245399
2607.5541687284795,8019.564097020443,7006.251050431327,7035.680832342347,217503.01274540945,2752.270497174389,6015.30443517486,2807.920819915779,16082.42983060623,8126.49625632422,50837.27881623175,536686.7337506678
2611.1939291456615,8040.420486471977,7024.917811205225,7063.105728061368,218045.1700006895,2761.434806520146,6028.57382802189,2813.457096644945,16117.238310034558,8147.430728926772,50968.57497422417,537977.4916258219
2617.494705142787,8062.935169185315,7043.436998817944,7063.528326767904,218564.36054773798,2766.811341554644,6040.962759251653,2821.4048508307037,16156.035624830003,8173.090857408088,51043.49561517,539461.8300461173
2620.495521265492,8084.051134489737,7062.144182718071,7090.129142777177,219106.53490883755,2771.254755620611,6055.486077244093,2827.1374887861152,16189.692693661375,8194.187471277943,51182.81202400787,540771.9325131443
2626.9998580541205,8109.780163176816,7082.807037767101,7097.566801860166,219656.48293035795,2777.2895045385267,6067.723767315752,2830.545884253929,16229.812458374898,8222.900536540143,51282.12285266911,542186.2939289778
2630.12396349941,8128.269457080122,7098.9854163342925,7123.4054056482255,220194.80295962916,2787.043551340894,6081.979147621694,2838.336325183697,16264.204442876327,8244.236868607786,51406.098264166605,543531.8935885136
2638.170588001672,8152.470527678527,7125.816374306062,7129.972904610314,220743.32718476135,2793.460754010871,6096.514411952383,2841.745549622494,16308.478262517563,8271.32920861734,51508.64678029879,544806.5677809542
2640.89836513106,8169.769572296835,7142.5888763076055,7155.767625990947,221282.95975813403,2797.765759085287,6111.471216506316,2850.954742848464,16344.323079246187,8292.409716134263,51641.14527298525,546088.0922306956
2648.3318932817883,8193.617831571068,7166.11582512341,7166.092133818305,221844.95589218158,2807.1342901415164,6124.626437900634,2853.6326650441792,16389.986542195875,8317.980707166103,51755.652051250974,547514.7135775523
2651.4035354992,8210.245376691077,7181.080120119024,7190.846836138415,222380.70649547124,2811.9471236689674,6141.352665080509,2858.3865417388943,16424.965580500993,8339.434085696737,51886.59340886746,548779.4074065697
2660.103394749346,8232.243302084167,7203.23540640319,7200.915886530718,222933.5736287161,2820.4158639430734,6156.847970087787,2860.9625412314354,16471.38836856822,8363.326727268945,51995.85165334851,550100.2064164622
2662.565311489269,8249.091079061862,7220.705520134808,7224.879548900026,223468.094296576,2823.1851356710836,6170.85808703686,2866.9162115532667,16508.557901891163,8384.69346879159,52116.25335809753,551474.4675267146
2671.2097026927777,8270.576450017992,7240.527686573342,7235.001725685373,224023.41670930045,2829.2169259570314,6184.46902902533,2868.812167261717,16554.180722616344,8410.044081545548,52221.19650208744,552856.6969034016
2674.2997957913494,8285.880232727393,7256.184444042214,7255.225874987425,224555.38547579237,2829.909725960212,6198.71110272203,2875.312129390959,16590.991191414934,8431.348521384363,52321.72436728945,554134.5641941887
2682.7094490767827,8304.835724341687,7276.491643113868,7263.720460702393,225093.25141461584,2837.899463869545,6213.479861305053,2881.461741559929,16633.468065115485,8455.215346008761,52403.241170695306,555467.363312061
2686.562423971006,8321.825332356788,7294.76834852975,7284.746890972843,225629.7339055959,2843.5688577352767,6226.391642558667,2891.5486942246926,16671.788895450914,8475.608908258517,52530.40769694139,556698.06045636
2694.5675423049274,8339.331643330732,7310.157496535711,7295.941966893341,226167.1253730788,2849.7625919000284,6241.047857391796,2897.7505562921096,16712.440110066687,8498.561692647108,52597.01718507589,558014.8465844062
2698.142376564498,8356.472144132702,7326.9122871161835,7315.689533301085,226696.48928505037,2856.102648696046,6254.76476276714,2901.46938297253,16750.80650198572,8519.080176023705,52710.35373188427,559321.0706568928
2706.590737777417,8371.573001107037,7345.162747505046,7324.333378876603,227225.19770547893,2860.4592071371203,6267.882542360427,2908.534177771305,16788.606914086562,8544.002264513769,52783.45739567871,560408.8169364257
2711.0908661927956,8389.318160994166,7363.890806982568,7344.75399004131,227759.56442708924,2863.375522928263,6281.433808716455,2917.4715471868794,16831.127087258286,8564.19157761876,52904.1322798147,561717.1983425377
2717.953932999518,8409.122685184348,7377.915331281571,7353.2520312945435,228291.574514514,2865.6739474660785,6297.111362760991,2921.251389581837,16865.722325913746,8589.130822204537,53002.26936926945,562994.6965968183
2721.796843271242,8429.08205771936,7395.819230810773,7374.547548921318,228827.50816265898,2871.744222030654,6311.651192001251,2929.914328429343,16905.133101190102,8607.951577459125,53128.725526392765,564276.5895618047
2728.8581830513867,8450.636912726603,7411.846048076232,7385.778619444041,229370.4327322458,2878.661149297607,6328.170178969128,2938.404696857133,16937.256736329837,8629.535510588254,53238.88787151002,565507.1829166155
2732.492976520308,8472.630249450904,7432.515511042397,7408.179453866683,229913.25570047958,2885.9006588898364,6343.434001107613,2948.1602000511302,16980.28428511955,8649.371925666415,53379.96716308157,566847.2664199944
2738.992438118025,8496.173111327644,7450.583541944658,7420.048373844773,230458.4587542818,2889.0155221062955,6360.456459371667,2953.7348262752107,17014.500322459447,8669.687867775105,53498.770613134766,568231.1854626448
2741.571593778663,8517.605428361665,7467.297762247133,7442.446147284766,230993.33220117367,2892.1357096115403,6374.628613439146,2957.8163878408395,17055.745551812608,8688.568439082756,53630.76862594539,569555.8849296154
2748.300026856723,8541.107703286281,7487.343265125326,7454.062187981811,231538.5874379364,2901.328578702712,6389.024765090579,2960.551277968141,17089.439170571204,8710.361047513961,53768.16373850805,570901.9495247828
2750.96385471896,8564.620807913587,7507.246939121049,7479.824085025309,232085.08986398275,2907.461117662969,6403.622727565762,2966.116727760692,17131.571152752607,8730.925629423866,53926.960032415984,572258.8233392818
2757.865773788003,8592.006177152429,7525.423617165577,7492.646700008032,232641.44054308799,2908.258182361256,6418.682674728931,2969.5611965887815,17174.445087576514,8752.816292108528,54071.36441055348,573642.8547859809
2760.0926508015623,8613.022026570368,7541.554127319949,7515.01231887031,233177.67272188477,2915.66821739295,6434.094691979134,2973.3503994865773,17217.774542611773,8771.894938414145,54203.43785655902,574947.725978602
2767.313587109119,8635.454853789353,7562.323174201959,7526.525399694981,233730.43155061826,2923.026662843332,6447.24361399678,2977.3480180433708,17254.187271841467,8798.467279196211,54354.0214185838,576308.0662632869
2770.240871142717,8656.69780326045,7579.4659995492475,7547.254817278745,234268.83321452822,2929.448765377176,6462.198941628368,2984.3209896779,17297.969774366007,8818.864674633513,54488.99975934747,577653.4718864771
2777.5294147012173,8678.08046936805,7597.434136016726,7560.409775779434,234808.90538907354,2934.95044665815,6476.755463130297,2985.1809507003095,17340.691914818493,8837.158303888024,54610.90336012018,579075.410053971
2779.540486452104,8697.140875665482,7611.83407856086,7582.082787494153,235341.62439437344,2940.273651809054,6493.580070420697,2990.3622152649086,17382.793101926847,8857.787951017399,54730.00590353003,580386.6030127858
2787.143549022155,8716.683599649241,7630.595243167452,7592.993235745613,235873.97183930292,2948.1874981999654,6506.864917701081,2993.1865696452655,17419.896516883004,8880.547233907968,54838.97087909471,581654.5902081256
2789.374752979496,8736.797251728083,7647.336757070325,7615.536377797305,236408.86444787067,2952.880814888981,6521.128790339996,2999.2649839471073,17467.812675884943,8900.776658175795,54967.37923610986,583011.1944359627
2796.9362524647163,8757.392138121935,7665.200681269998,7627.434494639952,236948.8325262651,2956.3582549454654,6534.497110419552,3001.9525757282836,17506.634673393757,8923.40294072037,55082.93780235558,584387.7956463443
2798.7570777901947,8774.436587616274,7679.468809209658,7646.970010268921,237476.21102272105,2957.3947479100634,6549.167634180083,3008.01414958047,17555.37830013193,8943.826105979613,55187.919883923445,585698.352815468
2806.4627446087406,8790.88242512087,7694.069593832479,7659.487097053976,238005.9384783836,2969.883663224454,6562.44306171783,3014.147357407103,17588.65488557981,8968.4996937226,55295.41806194432,587004.0640556247
2808.566634011119,8811.788517307947,7711.245556341752,7681.323440849572,238538.57693141495,2972.2441357532457,6577.115884253071,3019.967592826836,17635.359807918816,8987.708848089545,55419.48736266939,588320.3663788679
2815.864019608294,8813.561595073357,7728.40904007351,7693.314825838514,238997.03095591348,2977.2815522314568,6592.276315807858,3023.3890541186292,17674.638444827266,9008.532231988265,55499.84806957323,589428.749942704
2817.9979149869687,8840.281001819441,7746.050421863816,7715.487839253206,239560.1972795735,2978.513676763471,6608.6795655415135,3022.8246637319703,17721.394993566275,9028.220068128396,55622.759066950195,590795.5051942954
2824.9611352505412,8872.037078377502,7762.800121808134,7726.949014648999,240139.69111101687,2988.2249151791334,6623.298809752445,3027.883986716269,17758.933533818374,9052.583068447084,55745.05017976424,592097.4916795819
2828.909924167829,8894.065359183865,7782.42999581812,7749.502165683075,240683.99125615004,2990.0591199810056,6638.032858108095,3030.3572113236823,17803.751257260385,9072.087850453374,55887.65336822109,593453.7372147047
2835.798037202704,8910.136250920978,7797.135198502949,7762.53862640415,241217.86526072156,2995.6381837091308,6653.650879142957,3035.6583572943196,17845.122373513528,9095.576980289088,55996.514162051884,594730.4942280616
2841.722298279611,8930.232579578947,7814.713900055429,7785.563098659601,241755.38792928,2999.972083226147,6668.752220607658,3042.468011498443,17889.492545263947,9115.255100000017,56121.848787778916,596047.8993859617
2848.46235291724,8949.713027619964,7831.735570663489,7802.507923186063,242291.68337498553,3008.879005931992,6686.664241152472,3047.8770544485924,17924.66097695662,9133.522942270636,56251.70711018618,597193.7955382438
2854.743626119493,8973.032496180214,7851.6581341095425,7824.839868913905,242827.64746245177,3014.6725264723896,6700.142323532882,3055.2384628496525,17970.70963952969,9153.108582432504,56385.77273306697,598523.0512322753
2861.4878951218207,8994.273518855245,7869.240221319468,7840.579755393228,243369.25260575739,3021.984781674653,6717.262693126666,3056.8839216149768,18010.929141246015,9170.41648861762,56517.4300469579,599745.7447699427
2868.65203814249,9017.306667384542,7886.18403223317,7861.218404364066,243903.90424392367,3024.9864834225627,6731.798095629097,3062.6816013150165,18057.50260827227,9189.954511731386,56645.68125387367,600993.9292575156
2875.0965218002434,9039.156898336281,7903.850288434804,7877.998030763336,244442.0963582851,3033.305748988389,6747.804750032083,3070.2681236609546,18092.169343570586,9208.918580045862,56776.822324745845,602150.0273724082
2882.164710632895,9061.014557506285,7918.189699801724,7897.592621947512,244976.7106504063,3038.819929658056,6762.524453775547,3081.785671826722,18138.273328841613,9230.006116385692,56914.28552954106,603503.2524017694
2888.5365309756025,9087.011574228987,7936.920591478874,7913.471289371194,245520.9455979239,3046.517452890188,6777.073905517036,3085.521735113185,18177.623366902182,9248.014024944514,57055.10939163009,604871.2185965551
2895.843377084902,9104.492892443797,7950.902078071394,7932.769651899434,246050.5048528334,3053.750342684746,6792.6004205716945,3092.3344351548285,18221.760359491036,9268.370121185337,57175.65961256202,606173.488778943
2902.537167266282,9128.326869013848,7970.354102346988,7946.905576177005,246590.87164543656,3060.3585855784977,6807.674521810308,3095.4309581679745,18254.762689028852,9286.811714349638,57319.76775961255,607475.3574879178
2909.5584634748384,9145.448546614494,7985.601605362506,7968.47424214895,247120.07622650577,3065.808336154745,6821.790886096633,3100.3076640639642,18297.818960119657,9307.141432997745,57442.96903925265,608797.726872897
2915.5982375578114,9168.779574191674,8004.996557163506,7980.692317244271,247655.67247819505,3072.0487574482913,6835.404814178437,3106.9704187319094,18340.93838104974,9325.987440105038,57554.670762645954,610160.6630774287
2922.6962457572126,9183.30064647736,8020.582685846942,8000.031615029319,248180.99881788748,3075.115818987633,6849.473609862058,3113.5309715315234,18381.550388101336,9347.468561263051,57678.19613865167,611477.7537918129
2929.2062377629422,9205.035162783544,8040.708899447226,8013.471840369767,248717.5533443441,3079.38188452279,6863.286765472141,3118.4262553188732,18414.625670231268,9368.613131047116,57801.39714967641,612730.9431487041
2935.819353611395,9221.155629621571,8059.919872794681,8034.971835886635,249250.40498292158,3084.171590642917,6877.5598967821625,3125.7248924712735,18452.544255929755,9390.21547949448,57927.039930542094,614065.8350749203
2941.7744349535087,9240.919006311404,8080.526602166542,8047.281367468121,249792.0254959465,3091.87115649295,6892.239145732012,3128.691485975636,18494.779476349922,9414.940899759478,58056.812860023565,615300.4451212708
2949.115994852519,9259.273480776206,8100.536654542139,8069.457082702125,250328.5979948923,3092.5915531194187,6906.522370144608,3134.2552682840774,18535.166999166544,9436.680468564049,58186.18698947999,616620.4907933791
2955.274240334523,9277.544896262585,8117.444529747324,8086.285496086831,250870.03775237338,3096.7475666527935,6921.560428114186,3138.5560672320717,18572.02869855849,9462.529545921787,58310.76459754086,617856.193856713
2962.572091262852,9298.32066313387,8137.970760456647,8109.02979530694,251408.48933872426,3097.4704539221175,6935.445125925702,3146.173842038428,18617.090962036888,9485.28594719937,58453.10216279508,619207.9733468514
2967.866719158855,9316.170758236618,8155.0621808532915,8123.610811985693,251944.56002770356,3102.649750337375,6951.088119263632,3151.2134955789243,18664.412247199067,9508.954256249091,58566.60091169494,620586.943611072
2975.286226571813,9337.2997669406,8173.0302846505565,8140.94111735091,252474.2273031192,3105.4521168061233,6965.614819017324,3157.7009385824294,18711.420599531197,9529.780970303556,58692.1998661424,621867.4076234133
2981.775786326628,9353.760568488675,8191.655044479096,8155.8038152936815,253008.50996990426,3111.4738033258836,6979.452835648584,3163.1792385899994,18754.89273053026,9552.750823488988,58817.40636295499,623011.7474843401
2989.969923768799,9375.042468317453,8207.72417997588,8176.300809691867,253483.06723747528,3113.4175838199035,6992.950292077869,3165.517017655511,18804.735358702135,9573.696174636445,58937.11165184536,624186.6982491633
2996.124092803291,9392.786083969117,8223.997209141722,8190.063903041689,254069.37134721602,3120.3117252266097,7006.105772875356,3172.6910684693134,18849.422496098636,9594.868488164477,59070.051349220776,625513.3781578563
3004.6867976786184,9411.130006714655,8240.368241012653,8208.188834951949,254598.0479489619,3127.9449858866064,7020.191447299294,3174.952557113814,18900.07557160264,9615.29187344717,59196.22948697433,626761.2643733101
3011.202572986437,9430.010817241116,8256.186144045943,8222.30214255219,255129.05541839026,3134.3781247800116,7033.0915279724995,3180.0819388871755,18940.185638764597,9635.140440314815,59318.811987170426,627947.554973578
3019.7121944208498,9451.551643834593,8274.121097026224,8241.800827410107,255665.31300150935,3142.883040742364,7047.344024330286,3183.0536767590775,18987.803597323073,9655.911265172912,59455.87955637432,629332.9427860525
3026.0538139625883,9476.473854211918,8289.723900635228,8253.934902086723,256202.0703668396,3148.5772605675866,7060.811151292265,3190.2101136593324,19032.695700591295,9676.435598629787,59576.84236374211,630655.0295797526
3035.58734606873,9495.043567326245,8307.072224086329,8271.547907642129,256734.99368097767,3157.0737970389546,7076.565107665932,3193.5007909364685,19073.17318312494,9695.95112075586,59693.74990767788,631933.735129948
3043.369720715845,9520.429209741309,8327.233301701172,8288.492737039192,257277.49627426616,3164.881930001139,7088.4553924648835,3202.9536979155164,19113.13302209553,9718.839328064729,59834.807193622575,633173.5826689816
3053.5115530634307,9543.003749286985,8343.883420914297,8296.535248395121,257760.43621036122,3169.362270396234,7103.873541311865,3207.681783557633,19156.269051769537,9737.675386332006,59951.287086092845,634388.1559944069
3059.756705353021,9571.899085657336,8365.773024056027,8314.460377379222,258360.86249022133,3173.75639001785,7118.196342239363,3217.8662950178564,19193.512551988177,9757.622937807517,60078.6461586336,635904.0908388176
3068.701754994535,9592.667304214334,8383.804938266505,8334.960585501647,258897.77802141118,3179.7409585103005,7134.893888554335,3220.5195070605623,19232.96131900374,9777.077868309465,60199.61415839991,637244.2425610359
3077.1142197922795,9618.514595968267,8402.374286339404,8352.330273799342,259431.67813516207,3185.8486781863776,7149.734163911751,3228.918234872674,19271.697765739696,9797.744393631065,60327.041065266894,638451.0664351897
3086.709746112724,9640.017547678803,8420.187874532372,8362.14225720224,259966.13026302,3191.821729160908,7166.386496517873,3236.5676713343732,19312.404802789282,9816.571751814932,60440.03982981321,639772.4857968178
3094.676906266754,9665.785141399387,8438.76735142244,8374.10439491874,260513.29094577263,3193.8295220079553,7183.757396464059,3247.509962380756,19356.53947200375,9841.570760855566,60572.08073309661,641043.9062060397
3103.317068068382,9685.915388981655,8453.338967709711,8389.154367851932,260985.80178749532,3200.997749558641,7200.640454901611,3251.1041499204016,19398.74450174434,9860.55380483832,60678.635191167006,642104.3072449701
3113.163346418325,9713.886309384328,8473.055527054019,8399.625312045211,261600.0331478244,3207.150207177101,7216.9538863377,3261.5979642142097,19440.90478519841,9887.437002490155,60834.804614430366,643532.611461852
3121.0214426061093,9734.07879995387,8487.508629398018,8416.3806848708,262127.14640413978,3209.7933489695124,7233.246502463158,3266.515390365678,19480.64531437237,9906.462231271888,60949.62816504781,644838.0153263703
3129.4785122925996,9758.601432883494,8504.05677534205,8423.739919854193,262675.1494665644,3215.6764801011614,7250.485868720962,3275.187432176041,19521.892405229948,9932.043010801259,61068.33150784859,646304.9974862282
3139.226957551679,9777.981049760374,8518.995300581682,8440.01735852147,263212.1990837405,3221.695847007708,7267.965319974435,3278.628255578921,19561.65354223451,9951.976666373885,61191.92472652941,647498.8289036088
3148.602293198372,9800.344923058952,8536.420550928236,8465.133443189905,263863.8979722172,3228.5650656567254,7284.727984575678,3285.926718808095,19604.197662666054,9978.825511465677,61341.5383279127,648952.6991191885
3156.5403155608665,9820.339026212114,8554.287436884815,8488.141149049658,264420.8432281,3236.51133602006,7310.556447562648,3291.857336407502,19658.984732773108,9998.597507046466,61474.30445127069,650424.0795832879
3163.347872447145,9842.040106128918,8575.019296064263,8501.693450984652,264604.3152340547,3241.575280458538,7317.071404033612,3299.633581192173,19658.270102521008,10021.29002737001,61619.64739807609,650775.4843462184
3171.972505084034,9863.162558754706,8599.120668533193,8513.970869985047,264628.5883926051,3247.172007731093,7322.084845714286,3297.6213428571427,19661.161011428572,10041.14059123689,61729.48359782134,650773.9693603361
3173.6878094117646,9870.445718319326,8607.008111596639,8505.892136478604,264639.94443529414,3250.2628436974796,7323.6736497479,3297.248951596638,19652.84900470588,10046.025726050419,61777.09450871659,650720.6855757983
3174.3200964705884,9868.499546218487,8608.187398991597,8515.507111698114,264635.8238964706,3243.193048739496,7323.375070588236,3296.112640336134,19651.35883159664,10044.300146218487,61780.64077379076,650781.859580168
3172.9393210084036,9867.325235294116,8613.520838319328,8506.167820650011,264647.5507210084,3241.3576507563025,7325.6652,3293.4892779831935,19641.747073613446,10042.583203361344,61784.37263672595,650738.3153505882
3174.6820326050424,9864.488441344536,8615.235515294118,8513.54949142987,264646.66698151256,3239.171567394958,7326.928924033613,3291.9573902521015,19645.055594621845,10041.790295798319,61806.05512582769,650735.1294927731
3174.776512941176,9863.337744543513,8616.655373445377,8508.82437078661,264607.6701044416,3239.6394191596637,7317.352056772914,3291.7490470588236,19631.042996974786,10039.5751794958,61811.18543998598,650551.6835948059
3174.918295462185,9846.865655545022,8616.828881344536,8517.137811903227,264518.55884769757,3237.3784618487393,7312.638402069167,3294.961702184874,19624.388412100838,10038.753229915967,61810.548037588815,650461.8349827661
3174.020488739496,9859.72826722689,8618.036832605041,8510.673512427942,264633.19681008405,3235.5103431932775,7322.406298487394,3296.7296894117644,19611.64146857143,10037.82036403361,61824.338911081686,650642.3794013446
3175.012675966387,9857.877192605041,8617.041208739496,8507.592994732271,264624.0526043697,3227.826137142857,7325.4711418487395,3294.399061512605,19600.60757445378,10036.120195966385,61813.60338795288,650625.6494783193
3175.213622521009,9855.694297815126,8618.032355294117,8503.469581030487,264604.43463126046,3224.2525835294114,7319.562020168068,3294.749725714285,19588.595318319327,10030.399190924369,61794.98984566674,650527.922247731
3176.888167058824,9851.932536806722,8620.685022857142,8512.625116966843,264601.34869310923,3219.850769747899,7317.847645714287,3294.3151512605036,19587.236548235294,10028.71293882353,61805.10642976956,650526.6107405042
3178.304733781513,9849.593913277311,8615.37422722689,8505.025111270028,264562.13670050417,3214.8641949579824,7316.634963025211,3299.054006722689,19573.812671596635,10020.814935126047,61769.1236743505,650954.4856245378
3186.1311307563024,9842.789580504203,8609.17067092437,8502.19228055614,264526.86747630255,3220.3852094117647,7315.6852285714285,3302.4440359663868,19570.088789243695,10017.701691428569,61759.04673793416,651164.2833509243
3194.58023697479,9832.084094117647,8606.41849512605,8496.99202308401,264476.2697455462,3224.0893855462186,7313.615449411765,3309.450882352942,19550.620028571426,10008.52092605042,61899.7448630115,651285.7669270588
3205.856722689076,9827.185056806722,8603.122416806722,8495.65208766216,264451.8488732773,3222.5593583193277,7313.0853297479,3306.9726393277306,19538.013478991597,10006.016657142856,62052.63682038472,651283.6528436975
3214.101730084034,9814.773379159666,8598.862158655462,8489.994565054358,264405.5182043697,3225.4951099159666,7312.175452436975,3310.790747899159,19527.101903193274,9996.590898151258,62176.21780751679,651392.0015082352
3223.9808621848742,9811.716658487396,8598.304594285715,8488.744632851025,264385.91927495797,3222.3443415126053,7310.889659495799,3306.316843361344,19518.95459193277,9994.98602420168,62265.54128160635,651442.8114786554
3232.4146789915967,9800.8985102521,8594.524022521007,8482.882417588047,264346.62061008404,3229.841907226891,7309.775408067227,3311.0231475630253,19504.637555294117,9990.304596302522,62348.736010580695,651401.2322107562
3241.8399448739497,9799.47070487395,8592.215917310923,8483.890530777255,264325.88723294117,3225.0591287394955,7308.730185882351,3314.8800514285713,19494.32656840336,9987.536831596639,62453.25377925551,651444.7688591597
3249.7459018487393,9788.793927731092,8590.711002352942,8477.626923947173,264288.4346752941,3233.0076080672266,7310.766908571428,3318.6518319327724,19484.93479764706,9977.814508235293,62550.76858333054,651476.2879784873
3259.514846722689,9788.756811428571,8588.843875966388,8476.929791526743,264275.15655932773,3226.1861374789914,7312.213896806721,3323.1920974789914,19481.18776033613,9978.189331764705,62649.77517258034,651557.7704873949
3267.604893781512,9778.158323697478,8590.515555630252,8472.192282133732,264248.97968268907,3233.7618413445375,7314.984922689075,3324.8438531092434,19471.577445378152,9968.851669915966,62759.895473804754,651528.7583989915
3277.629484033613,9778.180770756302,8585.79767092437,8472.137891877745,264228.16379596636,3224.8283899159665,7316.654902184874,3323.3544695798314,19469.436268235295,9968.49076235294,62856.621274048885,651671.3419260504
3286.053275294117,9771.6869697479,8582.709131092435,8463.56803425627,264191.2867210084,3231.1258426890754,7320.243563697479,3326.643614117647,19464.07426184874,9955.272270252102,62922.81251214553,651627.6171882353
3296.6368547899156,9770.30535327731,8578.708384537815,8464.34451622942,264176.0700988235,3229.500554621848,7321.4737532773115,3329.0238070588225,19464.921438655463,9955.98894252101,63018.64889536549,651760.4797048739
3304.9191539495796,9765.120354957984,8573.822727731093,8457.41460172765,264146.247532437,3233.047891764706,7325.209170756303,3335.397788571428,19454.850868235295,9947.58985210084,63099.42804654718,651670.9921240336
3314.2670047058828,9762.995035966387,8571.832980504201,8455.780686643568,264125.5466460504,3230.7761616806724,7324.913326386556,3336.114681680672,19452.146905210084,9946.781213445378,63204.45548765148,651853.5843146219
3322.2287979831926,9758.18988605042,8564.77801815126,8448.705133481631,264092.5816215126,3229.229725714286,7329.163453109244,3342.6718215126048,19446.93722420168,9935.407328067227,63279.16443596034,651917.4775805043
3330.3387811764705,9755.297924369748,8561.077118319328,8446.482336246354,264068.41099159664,3228.0953566386556,7327.745561344537,3339.2003808403365,19444.145935462184,9934.858554957982,63370.463810566835,652013.2441119328
3338.873579495799,9750.67602352941,8557.268170084033,8439.47649233535,264032.2027058824,3232.7489677310928,7328.208539495798,3344.9173139495797,19433.16212672269,9925.949259831934,63459.86448441471,651902.2930497478
3348.363920672269,9750.54990857143,8553.07119932773,8436.83158602636,264008.3085892437,3232.213941176471,7325.845139495798,3343.0247969747898,19428.17675596639,9925.223814453782,63566.07386587888,652008.4130359663
3357.24011092437,9749.483552268908,8548.199999999999,8434.288861664543,263974.8526245378,3237.2717505882356,7325.175106890756,3349.4765626890758,19422.387517310923,9913.835090420169,63641.86683514768,652069.840664874
3367.2831216806726,9745.161398319327,8546.278265546218,8429.888631839398,263949.6633882353,3239.2531089075624,7323.397532773108,3351.460625546219,19415.253469915966,9913.149880336136,63746.79592709121,652122.9765226891
3375.188482689076,9741.102945882354,8545.356683697479,8425.543124503241,263907.4929247059,3241.6023932773105,7322.154355966386,3357.3770289075633,19408.262557310925,9900.70666789916,63820.786353231175,652068.6151885714
3385.1555425210086,9737.966063193278,8541.354028235295,8423.22823407375,263881.7792410084,3242.3307156302517,7320.539864873948,3361.8168756302525,19401.645049411763,9900.103138487395,63920.43313215727,652229.9428870588
3393.177195630252,9731.106408403362,8537.844969075628,8422.833716198289,263842.6334157983,3246.4117119327725,7319.093877983192,3363.5345021848734,19394.569893781514,9886.807340168063,64006.3559940616,652461.5085912605
3403.109350588236,9730.778587563025,8534.305201008401,8422.35588135097,263824.99490420165,3244.5507539495798,7318.967784201681,3363.9492887394963,19385.305435966387,9885.47413008403,64106.584301087874,652617.1527731093
3411.129993277311,9723.624607058824,8534.708733781512,8413.960229337035,263779.99363361346,3250.4423989915963,7315.894669915969,3363.9584430252107,19372.43486722689,9874.434978151261,64200.54310546092,652714.9625647059
3422.6174238655462,9719.794279663867,8529.457035630252,8411.766974368567,263752.6307142857,3247.1258490756295,7314.560149915966,3361.8541310924375,19361.700484033612,9872.811952941176,64295.57039932291,652839.7511858824
3430.01412,9714.742360336135,8526.899940504201,8403.516712975514,263667.63335244945,3250.0407267226888,7314.41384168067,3368.562725042017,19355.657412100838,9863.375085378151,64363.97428184807,652812.1774047464
3441.779579495798,9710.685792605042,8523.558538487396,8392.129942487561,263562.9759698746,3249.243780504202,7315.806327731091,3370.026996302521,19342.032994285713,9860.852665210085,64416.79903832167,652673.3549241896
3449.6571932773104,9703.939047731092,8519.065720336135,8383.752533788984,263634.6495206723,3253.318862521008,7315.526389915967,3367.1091115966387,19327.532935462186,9848.34683697479,64508.02931518259,653014.0692060504
3459.472659831932,9700.22984067227,8512.451773109244,8384.602968747791,263597.1846262185,3252.9085048739494,7310.80437277311,3370.230429579832,19306.5842389916,9846.647273949578,64593.751067210804,653138.0855031932
3466.8094719327732,9696.172298823529,8503.721252773108,8377.331551639127,263535.80447193276,3255.0604638655464,7310.971818151261,3371.732213445378,19298.63226857143,9829.28050789916,64605.45629250995,653266.3569065545
3478.0201805042025,9691.967002689076,8499.852568739494,8366.309434352155,263510.42687394953,3253.9222648739496,7310.651079327731,3374.713933109243,19280.572720336135,9828.062255798319,64692.17431066457,653399.4355986554
3486.029312268908,9687.909916580633,8496.162018151259,8364.028522162042,263485.8255375674,3257.3708077310926,7310.544368067227,3377.1510695798306,19272.87575697479,9829.521323697478,64705.66277021284,653554.1716406472
3498.0270988235293,9684.709516580633,8494.284981176472,8360.72431927991,263464.3590098363,3258.3847371428574,7311.086933445377,3383.060215462184,19261.640695462185,9827.87863462185,64757.492902976854,653650.0324164456
3505.497613109243,9684.487833277311,8486.57196605042,8357.138071818841,263445.48949613445,3262.057345210084,7313.558524033613,3385.0762124369744,19261.77432201681,9821.831533109244,64729.914881655015,653902.6754662185
3517.2022144537814,9680.739959585364,8483.475857142857,8355.917901280833,263426.76499770966,3263.207632941176,7315.066379495797,3390.4667647058823,19252.59475462185,9820.889180168067,64765.06315523691,654015.9846228407
3523.9424248739497,9679.190096055952,8482.582013445379,8354.104128987115,263415.6195943483,3266.737097142857,7316.11116605042,3390.2234258823532,19247.62208369748,9820.507903865546,64709.006797723574,654077.174591244
4868.80061272509,13505.40660792317,11834.265258583433,11654.231652123504,367317.96818823525,4556.06583817527,10190.153711884754,4740.613152460984,26861.997128931573,13710.535558703483,89908.87246098153,911969.847045378
5624.71462184874,15617.775630252101,13686.25512605042,13466.329130411092,424734.7158439434,5268.8107563025205,11785.692605042015,5477.307731092437,31106.298151260504,15841.927058823529,104012.70496844793,1054535.5591129696
5645.900168067227,15613.5312605042,13685.809411764705,13466.866593131112,424795.33894854033,5271.4956302520995,11789.672268907561,5481.776974789916,31101.509243697477,15840.31865546218,104198.91614780953,1054991.2587553102
5658.007058823529,15605.3712605042,13683.024201680671,13480.199256465867,424896.21831932775,5275.14,11790.11344537815,5485.815630252101,31098.982689075627,15829.074957983192,104356.38417749923,1055549.3294117646
5677.737478991596,15606.172941176468,13681.78588235294,13478.574374991927,424866.26067226887,5284.027563025211,11791.036638655462,5492.060672268908,31094.05966386554,15827.579495798318,104534.09645430306,1055774.3994957984
5689.587731092436,15591.802689075628,13680.068067226892,13484.723924412005,424813.04319327726,5289.972100840337,11790.645882352941,5495.375798319328,31097.31630252101,15814.142521008403,104659.00025108509,1055914.4566386554
5710.039159663866,15587.815966386554,13673.007731092437,13475.715422249501,424771.4803361345,5302.119831932773,11790.174453781512,5500.970924369748,31093.590756302525,15811.551428571429,104822.89246475919,1056084.115462185
5721.580336134454,15578.364201680672,13669.469747899158,13478.627800783286,424717.48336134455,5308.346218487395,11787.938319327732,5503.812605042017,31086.793109243703,15800.066722689073,104960.98622393359,1056324.1447058823
5741.2396638655455,15573.213781512604,13662.098823529412,13468.182834451442,424671.3,5310.35949579832,11785.74201680672,5508.2556302521,31081.906386554623,15795.108403361342,105119.61675671271,1056553.9280672267
5753.543193277311,15560.18268907563,13657.10420168067,13474.591953730647,424612.74957983196,5316.949411764706,11785.640672268906,5513.454957983192,31084.334621848742,15781.669915966386,105263.22213426164,1056616.0915966386
5772.193109243698,15553.902352941177,13649.832100840335,13464.813342093024,424571.88302521006,5322.407394957983,11782.413277310925,5513.694957983193,31072.033109243697,15779.069747899159,105426.48499801177,1056810.064537815
5784.516302521009,15545.185210084035,13645.183361344536,13466.573327043943,424519.49546218483,5329.217647058824,11782.940168067229,5515.608907563025,31064.480168067228,15768.343865546216,105577.43417126185,1056954.4119327732
5802.749243697479,15537.23193277311,13636.937142857141,13455.262890482996,424474.3169747899,5337.035798319329,11781.3443697479,5521.418319327731,31047.028235294118,15763.757142857141,105735.80917592406,1057178.303697479
5816.426722689076,15531.771428571426,13630.476302521007,13457.370429122859,424428.45378151257,5340.145714285714,11784.891932773107,5523.324705882354,31045.24537815126,15754.475798319327,105891.49087454507,1057283.6470588234
5833.8418487394965,15523.466722689076,13622.779663865544,13444.267244419976,424385.3515966386,5343.504705882352,11784.372100840337,5524.693613445379,31018.76369747899,15750.61663865546,106042.15367655031,1057471.2302521009
5846.798319327731,15518.753949579834,13615.294285714284,13444.808453288088,424329.2677310924,5348.960672268907,11785.226218487396,5528.935966386554,31010.595126050423,15738.780504201683,106174.12091163425,1057546.6305882353
5864.922857142857,15517.591764705881,13610.650084033614,13432.752859843886,424297.1168067227,5355.753277310924,11787.042857142857,5531.888571428572,30978.90151260504,15734.45193277311,106335.98920916497,1057822.774789916
5877.415462184873,15510.006050420167,13602.826890756302,13435.099470544532,424234.96487394953,5362.622016806722,11787.827899159665,5534.673277310925,30977.588067226887,15717.606554621847,106464.75357590125,1057832.7428571426
5895.826890756302,15507.091260504201,13596.382184873948,13422.528636094677,424203.7265546219,5370.385714285713,11787.484537815128,5541.003529411765,30949.707226890754,15714.762352941174,106631.07919829972,1058028.3831932773
5907.934789915966,15497.610756302522,13592.376302521008,13426.835379710872,424146.6438655462,5376.138151260504,11786.438823529412,5543.5890756302515,30937.1294117647,15702.566218487395,106764.6523333463,1058030.9541176471
5927.203361344538,15496.847394957986,13589.425210084033,13415.923324375995,424112.53815126047,5381.673277310924,11783.435798319328,5549.05462184874,30904.570588235292,15698.383865546217,106925.68283914893,1058279.2598319328
5939.1196638655465,15488.049579831932,13586.945546218487,13418.895324275712,424053.0731092437,5383.461680672269,11782.1087394958,5551.169747899159,30906.398319327727,15686.471596638652,107050.15998553262,1058233.1989915965
5959.483865546219,15487.82420168067,13581.5868907563,13407.973742800023,424018.1939495798,5393.257310924369,11778.605546218489,5557.8398319327725,30884.30268907563,15682.926050420167,107208.60091004048,1058312.7231932774
5970.107394957983,15481.755630252099,13578.395294117645,13412.064228475372,423963.08168067224,5399.030420168067,11774.484705882353,5562.7396638655455,30874.54638655462,15672.625714285714,107329.58710035587,1058428.7853781513
5988.12,15479.011260504201,13575.006050420168,13400.753978991817,423926.65915966383,5401.157142857143,11773.392100840336,5569.712773109243,30848.186722689075,15669.730084033612,107489.10662418681,1058613.2546218487
5998.936638655462,15470.800336134453,13572.317647058824,13401.727142266558,423863.6541176471,5409.315126050421,11770.665882352941,5571.116470588234,30849.19865546218,15656.205882352939,107608.92366011167,1058583.9272268906
6016.404705882353,15470.310756302519,13568.500336134455,13391.970240281482,423835.2141176471,5412.255126050421,11768.577478991596,5574.385210084033,30832.988571428567,15654.177983193278,107778.97951786312,1058755.4576470589
6026.591596638656,15462.633781512604,13562.110588235293,13397.974167195869,423785.1226890756,5422.353277310925,11767.297815126052,5579.25781512605,30825.58840336134,15642.208739495798,107910.56613789244,1058785.0194957983
6043.179831932773,15463.999159663867,13562.072773109243,13388.383971103476,423761.5678991596,5428.894789915966,11765.87949579832,5583.799159663865,30804.586386554623,15640.215630252098,108087.14569722516,1059083.88
6054.862184873949,15457.877142857142,13559.46806722689,13392.021015834936,423715.4561344538,5436.430588235294,11764.709747899158,5587.551932773109,30813.362016806725,15625.767731092435,108230.94231785541,1059074.5194957983
6069.793613445378,15452.628907563025,13555.334621848737,13382.286208214571,423683.03697478987,5437.434957983193,11766.786050420167,5590.257983193277,30799.44,15625.539831932772,108388.4102713999,1059210.4915966385
6080.241680672269,15447.626218487394,13552.497478991596,13384.40628467551,423646.10823529406,5443.3346218487395,11767.532268907562,5592.92268907563,30800.07983193277,15615.470420168067,108538.06801036828,1059273.7149579832
6093.99680672269,15443.758487394958,13545.251596638656,13373.573443871008,423612.85210084036,5445.740168067227,11771.76857142857,5590.286722689077,30791.06218487395,15614.2356302521,108698.0011979012,1059467.668235294
6105.116470588237,15437.281008403363,13543.887226890756,13375.369082028365,423572.0601680672,5452.136974789916,11772.470420168067,5592.917142857143,30797.98386554621,15600.638823529413,108841.32107012923,1059435.3786554623
6118.7001680672265,15431.840168067227,13537.61344537815,13365.57463496767,423533.68941176473,5455.524201680672,11775.77445378151,5595.066554621848,30797.17260504201,15597.847058823529,108999.9848990862,1059535.7460504202
6128.718151260503,15430.641398661159,13522.607845666293,13372.412163939494,423324.38160825544,5462.928907563025,11765.77244073881,5600.157983193276,30794.27899159664,15573.575788717242,109099.9718440897,1059263.8438857293
6141.809747899159,15401.585658819524,13506.534681782941,13363.52139715021,423062.7981752884,5467.018487394957,11761.15250593608,5603.149411764704,30791.329915966387,15560.88631576111,109179.10775709129,1058911.3236454187
6151.115798319327,15413.161512605044,13521.648403361343,13365.65293913005,423420.5707563025,5473.661848739495,11778.707394957984,5605.222689075629,30789.75932773109,15573.957478991593,109443.3899633881,1059817.4168067228
6164.928403361344,15402.385714285714,13515.276806722688,13345.02640819278,423365.76857142855,5475.301512605041,11781.655462184875,5605.371932773109,30787.775294117644,15571.084033613442,109585.25702502984,1059815.661680672
6175.680504201681,15394.028067226891,13511.64705882353,13345.054724424472,423313.15714285715,5482.188907563024,11779.534789915966,5609.833613445378,30788.01428571429,15561.471428571429,109728.04384775848,1059718.3578151262
6189.913613445377,15383.495294117645,13504.40924369748,13350.244366335246,423266.71058823535,5487.619159663866,11778.691260504202,5609.534117647058,30777.350924369744,15560.2356302521,109872.3765145451,1059854.4741176472
6201.173445378151,15370.415294117645,13504.083529411764,13346.337741009558,423201.43915966386,5496.229411764706,11775.776974789916,5617.154621848738,30784.129411764705,15550.374957983193,110010.3978074002,1059798.9322689075
6216.767899159663,15363.303529411764,13498.280168067227,13337.002432079038,423164.93042016804,5506.07949579832,11773.467731092438,5619.523865546219,30779.201848739496,15546.085714285713,110167.38105020102,1059828.1507563025
6226.835798319327,15351.641344537813,13494.241008403362,13346.3414285138,423133.1924369748,5513.53411764706,11771.318823529413,5625.898487394957,30772.38050420168,15539.106050420167,110313.36850935563,1059894.6050420168
6244.886722689075,15346.40218487395,13490.587058823528,13333.767405905584,423098.68487394956,5516.657142857143,11769.778991596637,5627.7806722689065,30765.69025210084,15532.336134453783,110478.60668597995,1060016.6440336134
6255.3559663865535,15337.3174789916,13485.83294117647,13325.458035487043,423035.7347899159,5524.446554621849,11769.852605042017,5634.208739495799,30765.202184873953,15526.742521008404,110626.29856852621,1060039.4369747897
6272.329411764706,15327.09075630252,13481.915798319327,13318.396515889945,422996.60067226895,5529.6544537815125,11770.247899159664,5634.99781512605,30761.378823529416,15520.674453781512,110783.26169672952,1060213.3588235294
6282.274285714285,15320.153445378151,13482.680672268907,13313.901398091008,422662.7783262493,5540.388907563025,11770.590252100841,5643.493109243697,30750.341344537814,15513.470924369749,110915.37376875182,1059732.3622896455
6299.755462184873,15312.04537815126,13475.12319327731,13310.059869320905,422709.8387223314,5548.346722689075,11773.569075630252,5650.790420168068,30735.847563025207,15505.864537815127,111076.53174612869,1060156.5044302756
6311.0137815126045,15298.264537815123,13471.148571428568,13324.308549820378,422756.7823766011,5550.98924369748,11774.14487394958,5654.086386554623,30735.04537815125,15505.728403361341,111227.90975166061,1060640.6092368662
6328.985042016807,15296.698991596635,13463.790252100838,13324.998711546055,422776.10040480224,5550.924201680672,11778.221344537813,5655.43462184874,30722.408571428572,15498.73714285714,111359.02564719647,1061075.6979137536
6341.030420168067,15289.546386554624,13462.821176470587,13340.290533290507,422843.23764705885,5556.803697478991,11779.203025210081,5663.337478991597,30725.816470588234,15505.015462184876,111471.00830374043,1061682.810242074
6360.347899159664,15300.469411764707,13460.43932773109,13337.549190914324,422843.1620168067,5558.134789915966,11786.646050420168,5663.368739495799,30709.082521008404,15498.482016806724,111612.74445821205,1062194.384359721
6370.608907563025,15294.97462184874,13457.412100840336,13353.037491459318,422813.5396638655,5560.961344537815,11786.218487394957,5666.795798319327,30708.29949579832,15498.9287394958,111695.66495112701,1062357.556124427
6389.94705882353,15289.87411764706,13446.937815126052,13348.950741276001,422776.72991596645,5564.472100840336,11786.993445378152,5665.545882352941,30696.045882352944,15493.180840336136,111794.89082106638,1062534.381166444
6398.997478991597,15286.473781512605,13439.206386554622,13374.832403737038,422743.343697479,5567.238655462184,11785.2131092437,5669.683865546219,30684.453277310924,15488.432268907563,111863.45059748222,1062741.126287746
6417.704873949579,15284.551764705882,13430.095966386552,13367.330920349406,422708.868907563,5565.179495798319,11785.452100840337,5671.450588235293,30673.87462184874,15483.614621848741,111969.3856703982,1062979.0524626968
6428.1015126050415,15282.634285714288,13426.406218487393,13372.342419795115,422671.12235294114,5563.284201680672,11782.693109243695,5673.930756302521,30678.04739495798,15481.298319327732,111999.96506666236,1063137.1710953808
6446.538655462185,15278.136302521008,13418.346050420167,13362.530285962066,422638.18436974793,5560.444537815126,11783.031428571427,5670.388739495797,30676.352773109244,15478.263025210086,112088.36314297827,1063418.4294147084
6456.853109243697,15278.692941176467,13414.39462184874,13366.871870883117,422612.95361344534,5560.148067226891,11780.832100840336,5673.4250420168055,30671.647058823528,15474.648907563023,112101.33118655632,1063518.2623558848
6473.373781512605,15276.287899159659,13410.4068907563,13358.209025163354,422588.16453781514,5554.691596638656,11780.188739495798,5672.847226890756,30669.676638655455,15473.241176470585,112164.73349508755,1063786.2964735318
6483.656974789916,15276.388739495795,13406.370252100838,13359.597686585425,422556.71042016806,5553.438655462185,11778.400840336135,5674.833277310925,30678.715966386557,15466.739495798318,112160.15864161531,1063739.6658852967
6499.9981512605045,15274.771764705882,13401.344369747896,13350.18307353285,422531.97025210084,5545.2115966386555,11776.68050420168,5674.381512605042,30687.829915966384,15466.432436974786,112228.76971670952,1063957.3892466412
6509.741344537815,15273.99781512605,13400.461008403361,13347.953781908831,422501.93848739495,5544.6156302521,11775.452773109244,5676.843529411765,30686.434789915962,15459.506722689075,112225.59688823488,1064073.832103784
6525.723529411766,15274.04924369748,13395.90857142857,13339.758244936309,422482.56806722685,5541.577815126049,11773.562016806723,5677.91294117647,30692.770084033615,15458.455966386557,112301.13275102594,1064229.4690785739
6536.453445378152,15272.776134453781,13396.488907563025,13336.729407790883,422453.6173109244,5540.545210084033,11772.47344537815,5679.676134453781,30701.463025210087,15447.83344537815,112310.16441358034,1064346.1882382378
6553.518655462184,15272.51899159664,13392.513277310924,13330.458067853599,422437.4667226891,5538.560672268908,11767.827226890753,5680.021512605042,30706.676974789912,15448.872100840335,112391.86053866793,1064591.8821878177
6564.324705882354,15274.267058823529,13392.879327731092,13328.11509182452,422415.57507394307,5537.391932773109,11765.633949579831,5681.217983193277,30697.987563025206,15440.918823529413,112405.0052978939,1064717.8731656556
6583.396134453782,15273.1825210084,13391.870420168067,13325.375630322107,422404.4412924305,5536.244369747898,11762.678823529413,5685.872773109244,30710.416134453782,15441.510756302521,112497.43931911183,1064942.618039605
6594.99731092437,15270.393781512605,13391.892605042018,13322.40120632467,422379.4248232511,5534.704033613445,11760.821344537815,5687.172100840336,30715.16773109244,15436.944201680672,112496.20116330877,1064946.4134720278
6614.842184873949,15271.627563025208,13387.634621848738,13316.920217231795,422368.3212938393,5532.9151260504195,11761.361848739494,5694.36806722689,30726.089747899157,15438.90756302521,112574.60879749995,1065208.8988399059
6626.811932773108,15266.967731092436,13388.372773109244,13312.46546388705,422335.6341176471,5533.384537815126,11759.50588235294,5697.666554621849,30713.43680672269,15427.265042016805,112571.63230927884,1065242.2948946615
6647.772605042017,15266.440840336136,13389.72756302521,13307.99283345727,422335.24537815124,5532.506722689075,11759.17613445378,5700.539495798319,30715.201512605043,15430.067899159663,112626.12562649442,1065424.815360846
6660.069579831933,15259.945714285714,13390.197983193277,13308.455953870782,422317.6976470588,5531.915294117647,11759.27193277311,5703.968571428571,30713.104033613447,15424.094117647059,112611.65085770212,1065368.3794800902
6681.111428571428,15262.639159663864,13390.435966386554,13301.717314997768,422321.8885714286,5532.521848739495,11762.952100840334,5704.982016806723,30711.607563025216,15426.597983193276,112656.9345164371,1065575.128741433
6533.062184873949,15292.990588235292,13302.074117647058,13047.054317640399,421206.96100840333,5831.476638655461,11811.397310924367,5927.218487394957,31007.547226890754,15247.420336134455,110129.13518434667,1059860.5402069786
6548.539159663865,15292.990588235292,13300.023025210085,12999.068796125797,421200.7638655462,5832.0756302521,11814.669075630249,5936.968739495798,31019.912773109245,15254.482689075634,110174.27092145865,1060035.445753197
6573.317142857142,15296.809915966383,13304.090420168066,13035.22830383013,421194.9433613445,5828.0823529411755,11811.168907563024,5943.191596638656,31008.395798319325,15251.490756302523,110132.64189282584,1060031.5235683229
6586.7006722689075,15296.809915966383,13303.385546218484,12981.085939628629,421181.3798319328,5829.358991596639,11816.369243697478,5953.7858823529405,31003.301344537813,15251.244201680673,110155.8023955361,1060459.8252489953
6609.9176470588245,15303.57731092437,13297.841848739494,13022.267968725266,421183.00436974794,5825.507899159666,11813.40907563025,5960.040504201681,30974.58605042017,15258.02067226891,110098.78860582582,1060546.9815515163
6622.137983193277,15303.57731092437,13291.674957983194,12967.001020463074,421145.0682352941,5826.553109243698,11813.743361344536,5970.724033613445,30968.24369747899,15257.297647058826,110080.21429770584,1060498.1440725247
