aggregator_energy,api-gateway_energy,authority_energy,clientone_energy,clientthree_energy,clienttwo_energy,kernel_processes_energy,orchestrator_energy,policy-enforcer_energy,rabbitmq_energy,server_energy,sidecar_energy,system_processes_energy
0.0,646.3509151496352,0.0,58.39388475532076,387.9416137706562,352.449534689433,286458.74015091173,0.0,0.0,320.57747425338295,58.04749434959945,2437.6401128374273,292075.8238860799
0.0,646.0318659929358,0.0,58.383270994762775,387.43198519330076,352.32903389171724,285972.78148172225,0.0,0.0,319.9269012784394,58.04607265808914,2434.926039130742,291522.6343165664
0.0,644.7070147075906,0.0,58.390095750648435,387.4865026369155,352.40218637630545,285788.697625162,0.0,0.0,320.2555562829623,58.288444433352375,2435.307079549582,290936.4259905775
0.0,643.6927684827054,0.0,58.48002694878376,388.40366440478226,352.9145761498646,285441.75608066417,0.0,0.0,321.53061598796864,58.28992643984741,2431.561971356447,290714.81743887503
0.0,641.0237719625397,0.0,58.49187326843746,388.4847001121107,353.0178031495007,285369.11842171365,0.0,0.0,322.0010941275603,58.24329145035077,2430.6749157208374,290148.9930085595
0.0,639.9612435794664,0.0,58.45268721240532,388.93449830032284,353.29618204110545,285046.59161523206,0.0,0.0,322.04323441271185,58.24793016490381,2420.6231374514205,289908.5909046018
0.0,638.1528489492886,0.0,58.4699490134289,389.04176633177264,353.4242869229186,284937.0615775369,0.0,0.0,322.5872001888494,58.352443862546295,2419.9178507664246,289337.6230943277
0.0,637.5772528575836,0.0,58.54371887405421,389.72595374361595,353.80088057306807,284527.7346545485,0.0,0.0,322.7947186448189,58.36023765688176,2413.5107997885393,288905.5192121358
0.0,635.7340484487929,0.0,58.56609113307419,389.86076996150416,353.96212098542753,284321.49541026657,0.0,0.0,323.3145271075932,58.36178906423614,2410.4253451686573,288181.1643422852
0.0,635.321020789024,0.0,58.60276282151973,390.95999667867636,355.63637726968693,283915.22512326966,0.0,0.0,324.9887615929863,58.372668494843396,2405.0550672365603,287454.68884815887
0.0,633.803767672664,0.0,58.63013252655627,391.1192618682913,355.8215800985483,283554.2584915108,0.0,0.0,325.58850715944106,58.468954440556715,2401.823691643595,286584.7882676875
0.0,633.6846881638365,0.0,58.76261310462655,392.01144747954214,356.8700434640987,282936.96139418014,0.0,0.0,327.08752500011576,58.4828698757082,2398.641998402975,285576.23768246756
0.0,633.7645857461355,0.0,58.79297880622154,392.1941597779965,357.08678852832566,282321.21466593083,0.0,0.0,327.80759786465876,58.587333563160165,2395.2496429113226,284753.6662984431
0.0,632.799594419592,0.0,58.73299946778582,392.9210892842617,358.60701638737186,281697.75060853263,0.0,0.0,329.1093629471167,58.60396202208853,2387.9369326301417,283852.1853361902
0.0,633.4216405836519,0.0,58.76640414152294,393.12592603624927,358.84582221203954,280808.9341669271,0.0,0.0,330.02030472871655,58.87357063741241,2384.425544620361,282996.2315439935
0.0,632.9102063896264,0.0,59.032530874424985,394.38413169798474,360.5918268934337,280112.81314255716,0.0,0.0,332.76729650692783,58.8928561203453,2382.7797484362472,281843.7272051374
0.0,633.3989333740549,0.0,59.070945777537766,394.6102982845891,360.8613697461227,279136.8132887124,0.0,0.0,333.7105676875573,59.18939726485823,2379.3371202222006,280979.8452461884
0.0,634.1394232721098,0.0,59.37874946019674,396.1785684718214,362.09478223380904,278457.7839604643,0.0,0.0,336.20048645529783,59.2115435400399,2375.965269786321,279850.96227724093
0.0,634.1510835884592,0.0,59.42186747797365,396.4273422340642,362.3841038857344,277497.2405441155,0.0,0.0,337.1622394339892,59.36269608234688,2372.475132653384,279005.8950882228
0.0,634.2771309615787,0.0,59.66183663858732,397.881632453588,363.8953010207226,276821.344668594,0.0,0.0,338.81999353407537,59.38784237103374,2366.2181591940866,277874.7806113708
0.0,634.3205375897311,0.0,59.709770009396976,398.15193427644056,364.2112141019242,275873.36375728884,0.0,0.0,339.76964936571187,59.79577863336568,2363.0798583560927,277032.20566398604
0.0,634.2195343464937,0.0,60.018392227438234,399.98080114231465,366.03631264983443,275223.11714505014,0.0,0.0,343.03527699205,59.82365131541225,2360.6773050737006,275902.12959203427
0.0,633.1689072036472,0.0,60.07112590250372,400.2751003485233,366.37542216189223,274301.0411560473,0.0,0.0,344.1974065977101,59.86126252819357,2357.3894452192944,275068.7429137244
0.0,633.2667299733984,0.0,60.35348574885026,401.8373798068786,368.3259541750018,273651.53768390574,0.0,0.0,345.9548171037242,59.89225246491368,2353.5877367111952,273948.2548616543
0.0,631.6798665462608,0.0,60.40880284249745,402.1549168325058,368.69809862984505,272708.8151062014,0.0,0.0,347.2687651316678,59.87288032458865,2350.2736917849743,273130.0170729237
0.0,630.5938931226405,0.0,60.504192481562015,403.3398685430187,370.2742156599053,272090.41125487385,0.0,0.0,349.5195219120306,59.9083493486041,2346.0584364638694,272021.75336704304
0.0,630.751373242877,0.0,60.562155195745255,403.67814515533956,370.6670860916678,271181.32248493383,0.0,0.0,350.819396866918,60.20077145014682,2342.844583276935,271214.108064654
0.0,630.0250029050942,0.0,60.771065025853105,405.14572034437145,372.8011153685171,270550.75832881866,0.0,0.0,353.95788050177543,60.2386508894169,2341.182904379054,270135.6736307512
0.0,631.3905200005541,0.0,60.833479181611516,405.5044264821196,373.2224442351635,269644.1972874337,0.0,0.0,355.40771050341607,60.40694491432202,2338.256418239251,269352.7983229582
0.0,631.1598607879055,0.0,61.04702893107246,406.75756500643143,374.6377936115319,269050.189308574,0.0,0.0,357.428752577203,60.449039525374644,2331.930902274239,268257.0265021481
0.0,631.3818078269701,0.0,61.11385306375052,407.135125803747,375.08036251559054,268163.0401806901,0.0,0.0,358.85742734792285,60.8082128044599,2329.230444122323,267492.2748777574
0.0,631.2345386196567,0.0,61.3860331186434,408.52681218663525,376.7795249327438,267571.6487676209,0.0,0.0,360.2688088110606,60.85445197689208,2322.2457164071193,266448.46434650396
0.0,630.5175999342952,0.0,61.457249478828906,408.92282963807827,377.25151439316824,266684.86997456994,0.0,0.0,361.5577570525653,61.079733718360316,2319.580767913973,265692.346482017
0.0,630.9730101414451,0.0,61.86936957276363,410.58303364288923,379.0501349341757,266120.11543080217,0.0,0.0,364.5181467237187,61.13008026653248,2316.6722981623116,264634.41802960436
0.0,631.1053647394446,0.0,61.94456564538233,410.9983976634528,379.538692416887,265274.71036248526,0.0,0.0,365.8762814913083,61.22928522323935,2314.0616346301836,263891.0761738836
0.0,631.1516468270078,0.0,62.20412627382572,412.790629387168,381.33555313040443,264702.90598063375,0.0,0.0,368.6969290498625,61.28405064080903,2311.3517193296884,262874.01809766673
0.0,630.2224641321188,0.0,62.28144781080216,413.2281793932771,381.8513794966851,263849.9435643031,0.0,0.0,370.31439900448015,61.57647093750137,2308.7722850687683,262147.4860696055
0.0,630.2399157093223,0.0,62.50955501796526,414.96563472715144,383.70428315617966,263290.58585108275,0.0,0.0,373.3382049216619,61.63541774144902,2308.1796699437114,261107.47160904112
0.0,628.8957979875333,0.0,62.58908983196828,415.42478640134914,384.24298165555774,262448.5163188133,0.0,0.0,375.01390145810586,61.79434384440721,2305.7855711627294,260391.83506291767
0.0,628.4768962534292,0.0,62.85891050403296,417.2102949330334,386.6122570983494,261892.03695268236,0.0,0.0,378.67063862010286,61.855628090325325,2305.01131774147,259374.3488393624
0.0,627.374336375499,0.0,62.94247534368516,417.69095037580377,387.18154905875036,261094.00245544311,0.0,0.0,380.51173642785466,62.033642210460805,2302.8311257256332,258673.40053584016
0.0,627.5733632562013,0.0,63.03909873385185,419.03451876280025,388.9898906588286,260579.04715768245,0.0,0.0,383.1213135942588,62.09654684248316,2300.1327552446883,257668.41690895264
0.0,627.9419133045905,0.0,63.127180540459804,419.5371792360155,389.5777188745799,259785.6191052617,0.0,0.0,384.9044550518957,62.489256150934274,2298.0240699037313,256989.4097611466
0.0,626.985780774916,0.0,63.424668431882196,420.71519324314664,391.53685917874697,259260.45587956248,0.0,0.0,387.87972684672593,62.5561967236389,2293.2176672242254,256013.61724267012
0.0,627.941106829761,0.0,63.51658593959035,421.23822792410084,392.1513120849786,258470.83296671283,0.0,0.0,389.84550917232343,62.8720982319691,2290.4874937516665,255342.8721577367
0.0,627.414158937408,0.0,63.95553891030842,423.017153539185,394.0258799412382,257974.80048976702,0.0,0.0,392.35775469591874,62.942920404578764,2286.0592211749954,254373.4834845231
0.0,627.8363109189669,0.0,64.0510023231672,423.5562755346259,394.65791624457995,257208.21104461924,0.0,0.0,394.11530215971266,63.262219874082234,2283.2785263061055,253722.8650809793
0.0,627.7654281820958,0.0,64.34343835428477,424.7392832174552,396.90233403476674,256708.49719814034,0.0,0.0,395.9196128234065,63.33693535561397,2276.7763874707202,252758.22781863966
0.0,628.0394099839543,0.0,64.44312558571492,425.2953735646926,397.5614954567597,255945.39668513509,0.0,0.0,397.7512957040032,63.382805623561325,2274.089860076985,252136.61351524398
0.0,627.7594101524661,0.0,64.6975587476566,426.80128126335535,399.2423801741462,255477.85944965764,0.0,0.0,400.7518080596311,63.461917003611084,2273.3523499071716,251218.33685628054
0.0,626.8447966948848,0.0,64.79924120215821,427.3749206334134,399.9158315427306,254749.72061997856,0.0,0.0,402.4756277498304,63.724981269396395,2270.8183207924803,250597.80026124718
0.0,626.8738398312665,0.0,65.14247500780594,429.57931104940167,402.6961131488889,254285.50428475704,0.0,0.0,406.8880220223444,63.8061658737904,2273.4498683050188,249651.71897046384
0.0,625.9907190789944,0.0,65.24592709132315,430.172918612023,403.40034595310175,253559.3517982335,0.0,0.0,408.92271725249805,64.12950569810025,2271.369065074531,249046.98573626296
0.0,625.9943353167339,0.0,65.46372331008496,432.022643224019,405.57372804093666,253128.0995709571,0.0,0.0,411.56916000757866,64.21250928682656,2266.9892520506774,248171.71998201704
0.0,624.8904232750616,0.0,65.57098743824713,432.63312918523087,406.2919145519821,252433.84283032504,0.0,0.0,413.79084783453874,64.49885335888631,2265.183449776119,247583.0975906382
0.0,624.9903779187422,0.0,65.85239818503925,434.1361863265381,408.807823974299,251998.69300988642,0.0,0.0,417.23769466726674,64.58571684036993,2263.8624183949432,246703.72736439295
0.0,625.3471032423561,0.0,65.96354650724172,434.7662690669798,409.5518400883437,251311.7496834262,0.0,0.0,419.3670473175191,64.95177924022597,2262.10211290697,246130.74273945426
0.0,624.7109414431443,0.0,66.36968191060954,436.58822084345957,411.81219943709675,250906.57179845872,0.0,0.0,423.17017723995536,65.04214401353119,2261.239926815077,245279.50150270242
0.0,624.8684639435288,0.0,66.48438702255675,437.2370803996617,412.57412387011516,250232.9924826999,0.0,0.0,425.6455312749864,65.2054580908779,2260.0437316746984,244714.67938222396
0.0,624.3335171534983,0.0,66.82208091878914,439.3401735040167,414.78858612593785,249832.93839478513,0.0,0.0,427.7645606147132,65.29974241500626,2254.891359474643,243868.9575098052
0.0,624.7169466449777,0.0,66.94041518373132,440.0070740113533,415.57679185404896,249177.43628856412,0.0,0.0,430.1429562576745,65.4903193913673,2253.6513968629256,243348.63477741438
0.0,624.3368624948639,0.0,67.36635136843381,441.4040096202184,417.95857294177114,248808.532870247,0.0,0.0,432.37676648309883,65.5885373708086,2249.478997754265,242533.5101669208
0.0,624.4032383275065,0.0,67.48788482342971,442.0901345135115,418.76158711018564,248175.54199289947,0.0,0.0,434.46712301344394,65.97380935637464,2247.8268388954366,242010.1478500341
0.0,624.3467163251179,0.0,67.83589287322258,443.72772694553464,421.143652941242,247800.7212004063,0.0,0.0,438.3174245221507,66.07527394790944,2248.1830618117124,241201.53123854139
0.0,623.9342143707623,0.0,67.95906085113148,444.4285432849074,421.96798707015563,247166.14470825042,0.0,0.0,440.28068209203786,66.27983939018823,2246.06933609611,240702.16339246614
0.0,624.4989111235201,0.0,68.1986992259182,446.10950611904224,423.5943500617264,246826.4911677514,0.0,0.0,443.73530989712503,66.38307121929692,2244.957454631744,239912.05350433392
0.0,623.9785590634366,0.0,68.32377943661827,446.82214316393805,424.43172045451246,246226.61924531392,0.0,0.0,445.8994957620869,66.7783280177827,2243.245189734666,239429.0896075896
0.0,623.8882867409611,0.0,68.50902457025072,448.6125604516624,426.90759503268896,245887.50306402327,0.0,0.0,449.3035226047804,66.88306158323937,2243.6021801842985,238662.3911365898
0.0,624.1588162689713,0.0,68.63802817708309,449.3404277374349,427.7658392103176,245256.27032183323,0.0,0.0,451.66223580379506,67.26660102488853,2242.3329681398636,238208.82233925952
0.0,624.109195953903,0.0,68.9258283712369,451.197075868011,430.0232725035806,244950.63651695033,0.0,0.0,455.407650137229,67.37461783794961,2241.106872199566,237457.39862260912
0.0,624.2947596856443,0.0,69.0586372371646,451.9396642580401,430.89139661119634,244377.45655861372,0.0,0.0,457.8050450706845,67.66663853070169,2239.8902462349574,237012.5180120894
0.0,624.7192749671458,0.0,69.43122875176815,453.73763756593297,433.42391581718846,244075.68436952194,0.0,0.0,461.01526860737175,67.77799865440458,2238.398955462628,236291.92058208302
0.0,624.6284342333238,0.0,69.56753841124046,454.49739508077573,434.31348630134,243503.7684718674,0.0,0.0,463.61310881401056,67.97398859681216,2237.453039382257,235863.4466173004
0.0,623.8577140767177,0.0,70.00764232210108,456.10993465865835,436.07574705842507,243229.07711995457,0.0,0.0,466.39263432711084,68.0886591389315,2235.848961123778,235140.30846016036
0.0,624.5506835700988,0.0,70.14719568492484,456.88746051910937,436.980107764286,242686.3777756083,0.0,0.0,469.0386909871189,68.13905433363075,2235.6295973153133,234726.2634025449
0.0,623.9596629809618,0.0,70.50454874991604,458.8795213770495,439.45305181119807,242405.3405264293,0.0,0.0,471.9718276670275,68.25753613345924,2233.7813988814823,234045.56422916907
0.0,623.5977647230993,0.0,70.64759881677021,459.6752785957931,440.3797776258996,241877.91519696565,0.0,0.0,474.2802684096888,68.69733516454865,2232.8718899818223,233664.320509646
0.0,623.0852758462908,0.0,71.00302101463244,461.5688562492187,442.38111708279524,241637.45561332852,0.0,0.0,476.83824379043193,68.81887668836178,2229.340015976758,233015.0385034154
0.0,622.9011527207759,0.0,71.14744616380932,462.3826195483054,443.32118996263193,241133.91709289228,0.0,0.0,479.01581443735404,69.13519003233797,2228.0764231834505,232644.83896477488
0.0,622.4360446706181,0.0,71.34387989618075,463.9964551045267,445.594732546593,240895.66952374252,0.0,0.0,482.26417909165804,69.25822825735754,2228.924816967167,232018.2937111848
0.0,621.9200397633924,0.0,71.48999932383347,464.82575436578105,446.55489214863303,240402.54936134312,0.0,0.0,484.63650261043995,69.57356218219728,2228.4859524339017,231676.85676594605
0.0,621.5487939238602,0.0,71.69267330339983,467.12886321804746,448.0678171996083,240187.0490662666,0.0,0.0,488.5898854352759,69.69970695848058,2231.2882959711137,231039.2372700997
0.0,621.1409231943336,0.0,71.84259936085911,467.96944468445724,449.038160575284,239684.87944945882,0.0,0.0,491.16848388587005,69.96978973378849,2231.1598474629554,230709.6927557142
0.0,621.4106012521203,0.0,72.15618894912866,469.9961808538366,451.36388485568284,239477.0806742406,0.0,0.0,494.4484991538171,70.09916148180805,2229.9708872614433,230119.28882411245
0.0,622.0079697593468,0.0,72.3096902242235,470.8500728966579,452.3494745157956,239014.98787294538,0.0,0.0,497.05511483377717,70.32881106170795,2229.666416179856,229814.2072750529
0.0,622.4258638041246,0.0,72.6006836304161,472.52149561426944,453.94552121017165,238845.81509737248,0.0,0.0,500.7626465023421,70.46138745955764,2230.1794951315483,229254.17966830853
0.0,622.8562895286955,0.0,72.75769345960688,473.38897432036947,454.93998475180285,238430.1627077992,0.0,0.0,503.5864614011593,70.77367897561687,2230.7008219460276,228960.35448074783
0.0,623.0134854499858,0.0,73.18002957215083,475.3753192989079,457.2712533804085,238256.92183606623,0.0,0.0,507.5016045368942,70.90942861545903,2233.6116776810595,228414.072380098
0.0,622.9719064878656,0.0,73.34003837593895,476.2584884611371,458.2840961527735,237822.1884797248,0.0,0.0,510.34433401374037,71.28447975035658,2234.383051568756,228163.19504519406
0.0,622.2213132507355,0.0,73.70123850448647,478.26148294087164,460.27351853145143,237687.9495880714,0.0,0.0,513.1406897917299,71.42325657482127,2232.9007216191644,227641.4641213688
0.0,623.6037809340412,0.0,73.86427335817558,479.16059017849767,461.2984244421064,237304.13256711565,0.0,0.0,515.8092559855893,71.62746081868504,2233.1151305885937,227402.56879969535
0.0,623.0333264165312,0.0,74.05372115777733,481.3355628704489,463.43007585515505,237173.1444656463,0.0,0.0,518.2269525651612,71.76778003162167,2229.637366844782,226893.04370622992
0.0,623.8139285195763,0.0,74.21841253693675,482.25132661188013,464.47453602815125,236802.6565151181,0.0,0.0,520.5586879129727,72.1350315067169,2229.2261568680797,226673.38414566393
0.0,623.6765100325796,0.0,74.43573183303914,484.2366684505416,466.41909516558405,236697.25952590836,0.0,0.0,524.7116548214491,72.27641603930935,2231.0297943915516,226189.87889498012
0.0,624.2748298836575,0.0,74.60185117549428,485.16916533517673,467.4750556182918,236343.39312038236,0.0,0.0,527.0494035206319,72.6601932118476,2230.838540616873,225983.09954200033
0.0,624.3478308963568,0.0,74.83807686852998,487.51830468763626,469.82484975452354,236240.77240353718,0.0,0.0,531.1142215328952,72.80463412807698,2233.3560582363784,225524.58813025974
0.0,623.5623508687383,0.0,75.0076612807892,488.4637383153699,470.8971155972892,235902.93774689292,0.0,0.0,533.6644193325948,73.09409982624483,2233.7988757252656,225319.10494536624
0.0,624.1715384183861,0.0,75.33170377726677,491.1167204976231,472.32347439433113,235824.72288068727,0.0,0.0,537.2680918995235,73.2415757323235,2235.244565871389,224891.78521795428
0.0,623.6819284847763,0.0,75.50425504310661,492.07285357753153,473.4048251551585,235501.35530358087,0.0,0.0,540.2104081160844,73.46596672713312,2236.7019380538013,224713.22365243145
0.0,623.999139106441,0.0,75.98864131839635,494.4203257399674,475.67811722752185,235435.57023911117,0.0,0.0,544.6670960919286,73.6169690768755,2242.0842050800084,224304.51147376414
0.0,623.4203786094471,0.0,76.16377433642162,495.38694520056606,476.77466630900994,235132.03827524465,0.0,0.0,547.4577301486186,73.87325993428776,2243.1583999783043,224175.33472632777
0.0,624.0575872891515,0.0,76.47851404982801,497.94327329865433,479.0963894742409,235097.46343125193,0.0,0.0,550.970466727238,74.02650708171169,2244.7508219058495,223789.43184880144
0.0,623.8146460025528,0.0,76.65695769448013,498.9227497786954,480.20081962579565,234825.39795519144,0.0,0.0,553.9637182330423,74.41862743950661,2246.7030483195003,223680.5912437054
0.0,624.0845950282875,0.0,76.91231493081727,501.41050964726657,482.5957381455303,234790.5908358533,0.0,0.0,556.2143565749947,74.57464561819641,2245.164834044439,223338.40995979306
0.0,623.8703027566477,0.0,77.09204952208596,502.40335575743876,483.7165040315441,234503.53497505694,0.0,0.0,559.2400219315349,74.88561910382171,2247.278037562964,223254.43793417848
0.0,624.1088505992172,0.0,77.32520614815162,504.85818185585754,485.36052020703,234505.73769374331,0.0,0.0,561.9463873713681,75.04267810487545,2245.0950064696426,222934.1741870566
0.0,624.8404314398729,0.0,77.50629735301602,505.86577909845687,486.4926503352124,234255.87382942712,0.0,0.0,564.580503734837,75.38255968374402,2246.0795123735816,222872.2902657073
0.0,624.3130356653069,0.0,77.76578340272417,507.7298196210944,489.4302285585914,234261.34009364457,0.0,0.0,568.082995602962,75.54071636116096,2247.4531442596317,222567.07392281134
0.0,624.727734087902,0.0,77.94995404837141,508.7536481882025,490.5790988169849,234022.46190872116,0.0,0.0,570.54245020747,75.97994115714765,2247.9270363157116,222526.9253679449
0.0,624.96448753095,0.0,78.21968517153644,510.4810227063296,492.1973487665342,234053.22381024383,0.0,0.0,574.4420679285558,76.14046050143907,2249.631679814183,222233.43461330654
0.0,625.0217717246219,0.0,78.4067338372521,511.52094417770917,493.35764499200053,233865.6329094721,0.0,0.0,577.1266349539708,76.38990717733002,2250.9488190330553,222209.89407349515
0.0,625.4709789123181,0.0,78.7479100865665,513.6239825661235,495.35918785657344,233902.1103772021,0.0,0.0,581.603305898636,76.55342543678144,2255.4124345264427,221948.1456509606
0.0,624.7170688108833,0.0,78.93780867894294,514.6756537189889,496.53210661739763,233724.56312285265,0.0,0.0,584.5062303544943,76.69263844301786,2257.4821694014363,221945.9709734976
0.0,625.9145477325512,0.0,79.22957474062989,517.0768799455722,498.69731470583434,233786.96666695128,0.0,0.0,588.5679423670664,76.85921345894839,2261.174051276478,221690.14413977903
0.0,627.0093487367599,0.0,79.42228778150108,518.1369719797834,499.87975034090334,233638.24876359536,0.0,0.0,591.4973706253369,77.24593616288435,2263.117201854948,221713.08758581665
0.0,627.8850776865689,0.0,79.82940189239778,520.0323760545007,502.08216645436414,233713.08121681784,0.0,0.0,594.6798462929765,77.4149368882068,2266.9608893936593,221495.80886320435
0.0,628.0987198264842,0.0,80.02477872638399,521.1044668007772,503.27183037221937,233573.03769813673,0.0,0.0,597.8185179782463,77.90393391556097,2269.8874919315367,221541.6842502023
0.0,628.2540218878053,0.0,80.21166605548939,523.4827530158383,505.1389870981013,233680.00890690993,0.0,0.0,601.2054430798262,78.07521357870345,2270.7105503590205,221350.081923734
0.0,628.8198923714591,0.0,80.40815185465003,524.566514859918,506.3365590656457,233571.77409741367,0.0,0.0,604.3507830855041,78.34480294847184,2273.860558683738,221424.27921655367
0.0,628.6690035564532,0.0,80.60278981360527,526.7358131930135,508.7935728169689,233693.9153614471,0.0,0.0,607.1707643393462,78.51720053400649,2272.69221112265,221249.76877516048
0.0,628.567114773926,0.0,80.80031569425229,527.8334354847897,510.00325479376585,233597.19968146202,0.0,0.0,609.9323466321118,79.05019730849136,2274.5099200978525,221348.1375161852
0.0,628.30693621984,0.0,81.18924932298691,530.2324196140754,512.0680424585851,233735.7564140167,0.0,0.0,613.56753495347,79.22467622043074,2275.607548155729,221205.0317728722
0.0,628.9975963485164,0.0,81.38888392455492,531.3427647171884,513.2884945618994,233658.01812392636,0.0,0.0,616.1484229272721,79.59169140257366,2276.9333871349213,221323.7178953157
0.0,628.2119060023066,0.0,81.73649446735905,533.4510431437767,515.7961182055317,233801.20717328027,0.0,0.0,621.0903198834704,79.76879071887068,2284.5967058591355,221212.36276073544
0.0,628.5643198868133,0.0,81.93849836086395,534.5746566368147,517.0271122377827,233733.16902768254,0.0,0.0,623.8805952743598,80.05215928773956,2286.7443996362967,221346.03303113705
0.0,628.5920958259411,0.0,82.26151569329501,536.6238212032159,519.0379273702138,233906.90515336717,0.0,0.0,627.7499075398173,80.23204895524974,2290.25230680917,221244.08248877226
0.0,628.1120984267709,0.0,82.46579852060142,537.758846515021,520.2778258985578,233864.7670165703,0.0,0.0,630.5521447352463,80.72655035804141,2292.6433508866635,221402.7632389954
0.0,628.8818563851651,0.0,82.84232231064354,539.7608742806967,522.344417158925,234048.1790802887,0.0,0.0,634.2080305829008,80.90881810086914,2298.4516976507884,221329.7505994432
0.0,630.1107855963654,0.0,83.04882751376996,540.9055423668522,523.5942026478833,234007.9781875538,0.0,0.0,637.2645873999635,81.39625072347806,2301.098190879939,221504.294439076
0.0,630.6039214064455,0.0,83.34875747847234,542.9170247088052,525.8850765240386,234216.6157285878,0.0,0.0,641.0891456607504,81.58078848294379,2305.907706627361,221462.45669326224
0.0,631.7212761221477,0.0,83.55746368056388,544.0699028002072,527.1427971854827,234226.97837559413,0.0,0.0,644.3318194964668,81.97610009108865,2309.849470017569,221664.08009324459
0.0,632.3968810489163,0.0,83.89433902694131,546.0495342326308,529.5532115370278,234456.14875727013,0.0,0.0,647.4998388318454,82.16122770417194,2311.7204696537933,221647.67253387484
0.0,633.3322252635063,0.0,84.10519570858548,547.2127013316579,530.8155335156827,234465.87512351992,0.0,0.0,650.7561396661737,82.52750750179099,2316.2686963438914,221863.88734235254
0.0,633.4243034557583,0.0,84.41829699163854,549.587030792802,532.6490711666768,234713.72305150985,0.0,0.0,653.6454895294361,82.71331039077718,2314.917964346183,221862.92164432202
0.0,634.2766193825336,0.0,84.62980680150068,550.7607578823477,533.9186907233138,234761.6542686578,0.0,0.0,656.9131022233756,83.18610028614474,2319.3293503190553,222097.75876807567
0.0,634.90054991515,0.0,84.80210164322828,553.2626091414149,536.2476413590854,235012.3274282064,0.0,0.0,660.5032529221031,83.37408354012906,2321.72748854191,222135.0182299026
0.0,635.0778758229325,0.0,85.01458549909063,554.4477001817999,537.5267076891547,235064.9848350955,0.0,0.0,663.552290435295,83.80746898928042,2325.3524894096417,222400.4161347286
0.0,634.7864483347834,0.0,85.33302103341036,556.8632011687286,539.5219135329825,235342.99866627387,0.0,0.0,668.0620188137078,83.99767147130754,2330.553804187033,222451.1897031033
0.0,635.1194377540545,0.0,85.54768061905416,558.0591440956431,540.8096346683714,235441.02762087306,0.0,0.0,670.7092507569735,84.33594853842243,2333.4867272632528,222743.62858527328
0.0,634.6216645967289,0.0,85.97347424475119,559.9940703859064,543.4764857003809,235725.5029244138,0.0,0.0,674.8017503888182,84.52869072432017,2340.635981475078,222836.18582043453
0.0,634.5683645421274,0.0,86.18998006132799,561.202157068266,544.7730525569028,235824.1994413533,0.0,0.0,677.4662498691054,84.99530183978311,2343.2770961223937,223144.5790398334
0.0,634.5055536187605,0.0,86.49508045070574,563.2290268454249,546.6692092449794,236125.24209485244,0.0,0.0,681.6267867494275,85.19005653321176,2348.2652254671357,223327.19741892425
0.0,635.0631560972877,0.0,86.713705448951,564.4462818201363,547.9746408954448,236250.1185300899,0.0,0.0,684.5120987245073,85.63823215900082,2351.8228908865913,223524.3546795014
0.0,635.6136865132295,0.0,87.04061915730898,566.6187923726532,550.1944736163455,236577.23215176663,0.0,0.0,688.5594691304469,85.83501250712642,2360.2789107824833,223508.05128608714
0.0,635.8952129012371,0.0,87.26130384864841,567.8442948278624,551.5075413830659,236772.63453741831,0.0,0.0,691.6808116955681,86.1770851719923,2364.4321263639235,223717.1116707589
0.0,636.7211880519499,0.0,87.6194497142918,569.8446544394305,553.6276155195295,237018.18190736958,0.0,0.0,695.1179013968648,86.37435765044079,2370.373642184849,223684.3552084716
0.0,637.3792159683682,0.0,87.84186417451333,571.077733113359,554.9471924384269,236683.0084722959,0.0,0.0,697.8509600952607,86.8492133103666,2375.719310113868,223806.6731235988
0.0,638.231203205077,0.0,88.05677000905915,573.490410537247,557.3094757686875,236591.98018067004,0.0,0.0,700.828248808512,87.04691337326543,2379.5976332961473,223730.48038765832
0.0,638.3912741703763,0.0,88.28006926296001,574.7110584703162,558.6341989443299,236322.66988509858,0.0,0.0,706.3757979896147,87.55577896753452,2385.450539745666,223605.0586357469
0.0,639.2111905617281,0.0,88.4805316236217,576.0945251770437,559.6980023086586,236169.9488797127,0.0,0.0,707.0524102193466,87.75550478962631,2386.6732862785375,223192.17535786028
0.0,639.5099523745706,0.0,88.70456637530376,576.2427112586829,559.7132012197599,235803.7505900348,0.0,0.0,707.0979503338825,88.10285274639101,2391.4591526814925,223078.20375756416
0.0,639.1811207530893,0.0,88.90956019367638,577.4505546872556,560.9078286899273,235543.58189625997,0.0,0.0,708.0170218726988,88.3048603948408,2394.366312406592,222748.01990669133
0.0,639.4513642730476,0.0,88.90956019367638,577.4505546872556,560.9252108214272,235156.854535541,0.0,0.0,708.0378816050016,88.8623951812875,2396.6048165562997,222622.9965766954
0.0,638.7181345962493,0.0,88.96909488108268,578.652929600745,561.8430756623685,234997.12444136565,0.0,0.0,708.8712814256598,88.8623951812875,2400.449227431737,222291.52385752695
0.0,638.2987233719253,0.0,88.96909488108268,578.652929600745,561.8438913061726,234664.03641178232,0.0,0.0,708.8701654740461,89.19200879854695,2402.4416602386373,222174.89765647912
0.0,637.7978920957412,0.0,89.13793481781487,579.514140729478,563.1616265272337,234527.9210134387,0.0,0.0,709.609761175733,89.19200879854695,2406.2125982500943,221857.58774589855
0.0,637.1416927031955,0.0,89.13793481781487,579.514140729478,563.163728627895,234206.46932615028,0.0,0.0,709.3771350758527,89.46215615788458,2408.5182308113976,221736.7907850257
0.0,636.8632374874271,0.0,89.35138545798901,580.4970733641201,563.3799241136522,234076.80371387053,0.0,0.0,710.300264126635,89.46215615788458,2412.1292646563597,221426.99054688629
0.0,636.9076227506523,0.0,89.35138545798901,580.4970733641201,563.3799241136522,233765.48612124912,0.0,0.0,710.0529262540863,89.59538657534964,2414.136180541113,221298.859015741
0.0,636.7546654157622,0.0,89.62764251885332,581.7509402135262,564.5473305574619,233591.2891328398,0.0,0.0,711.7574711904579,89.59538657534964,2421.2734245463953,220901.54077388596
0.0,638.5573558705239,0.0,89.62764251885332,581.7509402135262,564.5473305574619,233023.1719517426,0.0,0.0,711.9424869981249,89.56750970312719,2423.3259712264808,220695.37945312116
0.0,639.9889520630034,0.0,89.57501477419947,581.5590446462091,564.4579507163165,232799.034382051,0.0,0.0,711.45760875792,89.56750970312719,2424.935847549767,220199.25561147626
0.0,641.4678561167817,0.0,89.57501477419947,581.5590446462091,564.4579507163165,232682.97338014987,0.0,0.0,711.0732830977008,89.6049635886057,2424.508110089846,220120.5221883534
0.0,641.899508316651,0.0,89.44798117166326,580.7971357267828,563.8172749087145,232847.0380269097,0.0,0.0,705.9397102742283,89.6049635886057,2423.017947471791,220509.65860679516
0.0,642.4158358329471,0.0,89.44798117166326,580.7971357267828,563.8172749087145,233059.21597506836,0.0,0.0,705.3934094396249,89.52706137735744,2423.0416732045874,220510.66239428593
0.0,642.0091807410832,0.0,89.11671030273567,579.315539470444,562.5207359523719,233244.89526890084,0.0,0.0,701.2127214920149,89.52706137735744,2423.174422380444,220935.9569982201
0.0,641.431154184659,0.0,89.11671030273567,579.315539470444,562.5207359523719,233520.5392609163,0.0,0.0,701.5626844688124,89.49135929802218,2426.302569932464,221030.36071233102
0.0,640.9927685901321,0.0,88.80737927487516,578.2101897260474,560.9926990342287,233764.23326220192,0.0,0.0,695.9886746747147,89.49135929802218,2420.7456123098455,221793.8947945549
0.0,640.1741226348656,0.0,88.80737927487516,578.2101897260474,560.9926990342287,234221.2490109976,0.0,0.0,695.9633377746919,89.47612676675995,2422.1088844784276,221988.98837975544
0.0,639.5429902359424,0.0,88.63867308730582,577.0909386400655,559.3530690792214,234605.13499749568,0.0,0.0,690.3525305297305,89.47612676675995,2415.337279052719,222832.8816396108
0.0,637.1345408651266,0.0,88.63867308730582,577.0909386400655,559.3530690792214,235157.61742084607,0.0,0.0,690.0688678061504,89.30074141423084,2416.3591962907017,222911.38188235427
0.0,636.5732980713567,0.0,88.6428643683522,576.3836151519757,557.8162918912013,235513.67486448688,0.0,0.0,684.2030402361512,89.30074141423084,2411.3138518082196,223290.09070082742
0.0,634.0664875821788,0.0,88.6428643683522,576.3836151519757,557.8162918912013,236184.09965614037,0.0,0.0,683.8307522434998,89.07920004876374,2411.105211945579,223401.93933277912
0.0,634.1461510125315,0.0,88.13438608384291,575.02151033061,555.6622972937454,236520.31746096042,0.0,0.0,678.2232858404082,89.07920004876374,2405.9688356258694,223930.3498661317
0.0,632.5014268085961,0.0,88.13438608384291,575.02151033061,555.6622972937454,237137.24489390387,0.0,0.0,677.7389527725495,88.71670852623801,2407.104476198183,224036.15303209482
0.0,632.3085592777305,0.0,87.7428895120883,573.3438979133613,554.5809326707553,237408.3955008505,0.0,0.0,671.3728021925247,88.71670852623801,2402.742153118606,224564.88346905413
0.0,631.8519954875843,0.0,87.7428895120883,573.3438979133613,554.5809326707553,237910.31680113723,0.0,0.0,671.2451570483784,88.41262486229185,2405.5107263874957,224675.81062482783
0.0,632.6030742370313,0.0,87.31743130759558,571.869762272807,552.7539366290238,238160.16719632514,0.0,0.0,665.845605471658,88.41262486229185,2404.2215316096285,225216.97674069004
0.0,632.5560630165176,0.0,87.31743130759558,571.869762272807,552.7539366290238,238608.82293787826,0.0,0.0,666.110043243425,88.1659415388932,2408.242569270642,225327.5600404905
0.0,633.3134277572071,0.0,86.91591767798077,570.5087851240443,551.0418766164568,238838.2379016082,0.0,0.0,660.2808177676003,88.1659415388932,2405.9443577002726,225863.24316484758
0.0,634.213007089673,0.0,86.91591767798077,570.5087851240443,551.0418766164568,239290.0261522476,0.0,0.0,660.1296780668633,87.9899583413552,2408.1281590613535,225974.616950852
0.0,634.6337506031749,0.0,86.62046957218436,568.76655090525,548.5936612815608,239512.5930530365,0.0,0.0,654.546603148931,87.9899583413552,2404.86285708551,226521.00917824777
0.0,636.0101145201281,0.0,86.62046957218436,568.76655090525,548.5936612815608,239966.85091832114,0.0,0.0,654.0164704338755,87.90482448189039,2405.979870878038,226633.29088890753
0.0,636.3128621797774,0.0,86.37611498826517,567.3790035073454,546.8224507036632,240188.85800143352,0.0,0.0,649.3792526146885,87.90482448189039,2404.796857089562,227158.9920435384
0.0,637.0014954667075,0.0,86.37611498826517,567.3790035073454,546.8224507036632,240639.75460772088,0.0,0.0,649.014677485025,87.56949969425794,2406.35335575237,227274.8783583787
0.0,637.609319954446,0.0,86.14935680230538,566.3984011231104,544.7941649781815,240868.23120113093,0.0,0.0,643.1723575052351,87.56949969425794,2401.3878421179497,227810.56022527372
0.0,636.1506076391959,0.0,86.14935680230538,566.3984011231104,544.7941649781815,241322.78239219176,0.0,0.0,642.8470953802524,87.2371981801726,2402.4403948046584,227919.99433083477
0.0,636.3228530382005,0.0,85.79347433382712,565.4760738490965,543.1939094146951,241557.8098379936,0.0,0.0,636.9333125790081,87.2371981801726,2400.3333260763843,228468.70850913387
0.0,635.3539945098144,0.0,85.79347433382712,565.4760738490965,543.1939094146951,242042.72794462382,0.0,0.0,636.6129267679513,86.93710056930631,2401.570282925709,228586.71265789485
0.0,635.8692628039739,0.0,85.33693463672509,564.1708812119059,541.1974154517092,242269.41641529452,0.0,0.0,631.4652344437037,86.93710056930631,2400.34065871748,229124.01566287456
0.0,635.7589208440173,0.0,85.33693463672509,564.1708812119059,541.1974154517092,242731.6267544124,0.0,0.0,631.5871516065796,86.53531482254506,2404.198928377873,229233.9206571724
0.0,636.2862749618679,0.0,84.93806875229855,563.0785781569696,539.9171355094049,242956.6292123046,0.0,0.0,626.014235142922,86.53531482254506,2404.5904903082965,229783.60354476012
0.0,636.8444871431662,0.0,84.93806875229855,563.0785781569696,539.9171355094049,243426.4523829307,0.0,0.0,626.3211231104325,86.35694292029814,2408.464475271142,229899.4978184599
0.0,636.9687672351826,0.0,84.69157970338541,561.3479832107574,537.8459020143642,243654.02952619697,0.0,0.0,620.4553035790256,86.35694292029814,2406.9875158270256,230455.21888182915
0.0,638.0360028109449,0.0,84.69157970338541,561.3479832107574,537.8459020143642,244114.24223434055,0.0,0.0,620.1557854685773,86.14649678110877,2408.867849369878,230567.92058870906
0.0,638.2083055383471,0.0,84.52617001457432,559.7529886035325,535.8203960897926,244343.1733490451,0.0,0.0,614.9462884951018,86.14649678110877,2408.304849332903,231105.2479460708
0.0,640.0240002255222,0.0,84.52617001457432,559.7529886035325,535.8203960897926,244807.29907972922,0.0,0.0,614.7254254806419,85.87055403405746,2410.5048152422137,231223.03868474087
0.0,640.8705581527224,0.0,84.29393272613655,558.178589810724,533.5023077255596,245031.7593578223,0.0,0.0,609.3254477078515,85.87055403405746,2409.4964842707773,231759.0533104928
0.0,642.1900490148258,0.0,84.29393272613655,558.178589810724,533.5023077255596,245504.54441442914,0.0,0.0,608.7866723305659,85.66342780378086,2410.487030971621,231868.0675515954
0.0,642.774333584168,0.0,83.95795720811049,556.7133619988872,531.6606087548494,245731.6266166404,0.0,0.0,603.2606287833522,85.66342780378086,2408.263240570289,232408.2352669466
0.0,642.8961558460351,0.0,83.95795720811049,556.7133619988872,531.6606087548494,246205.0267854516,0.0,0.0,602.9417874029266,85.26949352140058,2410.3771299111086,232531.35521399762
0.0,643.5749997265291,0.0,83.55887485808286,555.4181599331079,529.5136132177716,246432.23773390814,0.0,0.0,597.9164357345044,85.26949352140058,2410.7798542637624,233061.12101169198
0.0,643.3766712702322,0.0,83.55887485808286,555.4181599331079,529.5136132177716,246907.20772880904,0.0,0.0,597.4911735970583,84.9092132978963,2412.620285787336,233172.36931037248
0.0,644.1778005961086,0.0,83.21295759505418,554.1037617096156,527.9235384645003,247126.13234206024,0.0,0.0,592.4439282373112,84.9092132978963,2413.42166104978,233702.13370119975
0.0,644.5046613201197,0.0,83.21295759505418,554.1037617096156,527.9235384645003,247600.75972264886,0.0,0.0,592.5776218994423,84.63981667877246,2416.953410634983,233824.72729836463
0.0,645.1145004354677,0.0,82.76757787026781,552.9883119848602,525.7803883282161,247824.02810455294,0.0,0.0,587.5459393239314,84.63981667877246,2417.4719388483045,234362.37022193588
0.0,644.8620352355244,0.0,82.76757787026781,552.9883119848602,525.7803883282161,248291.96281434386,0.0,0.0,587.4232013193446,84.42533448214365,2420.8464254078053,234472.8930501652
0.0,645.6040695996853,0.0,82.49263549492727,551.5712640032312,524.169530076541,248524.79840207362,0.0,0.0,582.3610045877707,84.42533448214365,2420.6324403635354,235002.71619851555
0.0,645.7925026788164,0.0,82.49263549492727,551.5712640032312,524.169530076541,248987.33268229885,0.0,0.0,582.6536971518426,84.1132733544223,2425.1620515956574,235119.43548224884
0.0,646.6462994465326,0.0,82.32274261324439,549.5544882273846,521.5324892053064,249221.9182175859,0.0,0.0,576.4579082612779,84.1132733544223,2420.7968034489354,235619.5291526703
0.0,647.8815356051739,0.0,82.32274261324439,549.5544882273846,521.5324892053064,249674.53778358918,0.0,0.0,576.284011187116,83.89338284973823,2423.848054488764,235734.08267651638
0.0,648.6559035948776,0.0,82.10863354840183,547.8486603725808,519.6004807352347,249902.5805903445,0.0,0.0,570.7188914263609,83.89338284973823,2422.9776324029017,236261.58005240018
0.0,649.8142294087066,0.0,82.10863354840183,547.8486603725808,519.6004807352347,250356.76770641975,0.0,0.0,570.1059775634353,83.51596458549938,2424.4467087307676,236381.6220057857
0.0,650.4935095387258,0.0,81.87645943448838,546.2668431414567,517.1557137068204,250577.0390361757,0.0,0.0,565.3586333123121,83.51596458549938,2424.855948434208,236919.57512107052
0.0,650.6809418399314,0.0,81.87645943448838,546.2668431414567,517.1557137068204,250997.48085628593,0.0,0.0,565.5769205652921,83.13707803300612,2428.5187181189767,237040.6233084628
0.0,651.5790039350259,0.0,81.45706273533591,544.9523736362754,515.2475845650807,251222.46363130346,0.0,0.0,560.3469457992496,83.13707803300612,2426.385847708823,237571.21735287242
0.0,651.712562491848,0.0,81.45706273533591,544.9523736362754,515.2475845650807,251670.40066357,0.0,0.0,559.2683811765562,83.00210549393447,2426.8664090116654,237704.01062633676
0.0,652.5928282514583,0.0,81.14654276624539,543.290970066848,513.0643838266391,251887.13295287077,0.0,0.0,554.8065389016192,83.00210549393447,2428.506537073942,238232.97857682576
0.0,652.6953596822311,0.0,81.14654276624539,543.290970066848,513.0643838266391,252327.27622507632,0.0,0.0,554.1105262564222,82.82618453957521,2429.428214022381,238344.27646901595
0.0,653.5764254920387,0.0,80.89366417955074,542.0742061515213,510.92104809328276,252550.22623599487,0.0,0.0,550.2244357840342,82.82618453957521,2432.4556660515505,238875.69100566756
0.0,654.0713697184719,0.0,80.89366417955074,542.0742061515213,510.92104809328276,252997.46573440885,0.0,0.0,550.5237791274279,82.47691792718135,2437.3950488580117,238991.21282508457
0.0,655.0151396788506,0.0,80.67968595986989,540.8248357039388,509.10591196608965,253216.45369128752,0.0,0.0,544.8494005493211,82.47691792718135,2433.1521934351445,239522.16262059045
0.0,656.4171646884339,0.0,80.67968595986989,540.8248357039388,509.10591196608965,253657.27944989622,0.0,0.0,545.1965275084355,82.23639424118261,2438.4451554796806,239641.875736294
0.0,656.9655792151692,0.0,80.4089718155309,540.2562852670648,507.7109104996187,253877.36614637342,0.0,0.0,539.6104319121912,82.23639424118261,2436.2598401513233,240187.7885596468
0.0,658.0791529535379,0.0,80.4089718155309,540.2562852670648,507.7109104996187,254318.65029349137,0.0,0.0,539.4641904773142,81.9651247128592,2439.876586489073,240297.99400646627
0.0,658.7108125902118,0.0,80.11961240914974,538.9054421988111,505.419560989742,254544.00029798617,0.0,0.0,534.7905551068644,81.9651247128592,2438.470242281873,240824.46547136153
0.0,659.1514276161821,0.0,80.11961240914974,538.9054421988111,505.419560989742,255017.84352400212,0.0,0.0,534.7831820485611,81.66214381035397,2441.8732835129586,240935.35866074174
0.0,659.1585913050301,0.0,79.87912018920456,537.4476011511565,503.98268460798545,255255.42110271356,0.0,0.0,529.2950549270014,81.66214381035397,2439.8992518454593,241488.4992822403
0.0,659.5677574022534,0.0,79.87912018920456,537.4476011511565,503.98268460798545,255707.61020716265,0.0,0.0,528.8945685938211,81.29492922952379,2442.3859821435312,241596.8615869361
0.0,659.8403810696938,0.0,79.46631398627197,535.813068590627,501.91836945414065,255927.31029024642,0.0,0.0,523.8781097585593,81.29492922952379,2440.387072221626,242146.21868121467
0.0,660.2144727707589,0.0,79.46631398627197,535.813068590627,501.91836945414065,256387.61271883547,0.0,0.0,523.1725841373033,81.12412327556456,2442.5820336698034,242265.11817553814
0.0,661.7891164687697,0.0,79.04021564922148,534.2815185262187,500.14562058820906,256609.62317805065,0.0,0.0,518.8185395591711,81.12412327556456,2441.764765930634,242821.1202512746
0.0,662.1935774802662,0.0,79.04021564922148,534.2815185262187,500.14562058820906,257053.14806803028,0.0,0.0,518.3556405061635,80.89421233809922,2443.4695220315343,242932.2808827706
0.0,663.2285253110824,0.0,78.69963917248069,532.6097907520075,498.4788632066635,257274.52382768953,0.0,0.0,513.7795558928715,80.89421233809922,2442.642650515571,243484.15803045133
0.0,663.863199803576,0.0,78.69963917248069,532.6097907520075,498.4788632066635,257721.70313381104,0.0,0.0,513.4418255502619,80.50517487617633,2446.240823643786,243595.40693037704
0.0,664.8044379393209,0.0,78.42610473163673,531.3816512635462,496.9467415566577,257937.4728637022,0.0,0.0,509.23349607169445,80.50517487617633,2449.5178717526974,244143.8570522293
0.0,665.7494213137447,0.0,78.42610473163673,531.3816512635462,496.9467415566577,258389.16418897305,0.0,0.0,509.5519667812086,80.4083882585966,2454.7513880490856,244255.85996109646
0.0,666.4948176398855,0.0,78.24399668827519,530.0042033556208,494.93091340932847,258605.11470120808,0.0,0.0,505.1826087407879,80.4083882585966,2454.2587990461825,244791.59957719117
0.0,667.0702206895405,0.0,78.24399668827519,530.0042033556208,494.93091340932847,259063.3487592495,0.0,0.0,505.5001900168947,79.95197216019857,2458.799765834001,244904.4213534636
0.0,667.9129538746508,0.0,77.97524398931387,528.4443497756964,493.94797022781125,259286.8379844757,0.0,0.0,500.19350515410423,79.95197216019857,2455.383223475549,245437.88487816704
0.0,669.0653417625674,0.0,77.97524398931387,528.4443497756964,493.94797022781125,259727.7932203739,0.0,0.0,499.7783963513638,79.72976250890997,2457.5415794059527,245552.63188329735
0.0,669.2560311240528,0.0,77.53921437134987,527.1970062022212,492.25656896596826,259959.72415553854,0.0,0.0,495.3630254510403,79.72976250890997,2456.5877890708384,246084.55956554864
0.0,669.5947848954065,0.0,77.53921437134987,527.1970062022212,492.25656896596826,260419.08996478072,0.0,0.0,495.15020136744386,79.57543171828678,2459.947126578068,246199.5657484455
0.0,669.8838096428266,0.0,77.25023856538847,525.7331797612908,490.89056574281955,260635.54660565025,0.0,0.0,490.4508372084424,79.57543171828678,2458.1491593520564,246740.49002109774
0.0,670.2605163332017,0.0,77.25023856538847,525.7331797612908,490.89056574281955,261067.37392608714,0.0,0.0,490.16016697178827,79.21516188773242,2461.260666033893,246853.6441038964
0.0,670.6491023979374,0.0,76.87771573339779,523.9595373212264,488.927366494371,261281.62413978358,0.0,0.0,485.0633410871978,79.21516188773242,2457.1600049345952,247365.13085024865
0.0,671.4545405092156,0.0,76.87771573339779,523.9595373212264,488.927366494371,261717.55084773304,0.0,0.0,484.3307977392105,78.89771646741323,2459.1164288939867,247471.84652537067
0.0,672.2213220495074,0.0,76.41274622630209,522.3906822906333,487.4916148196245,261935.27975571877,0.0,0.0,480.756253504629,78.89771646741323,2459.740279039957,248014.1513871581
0.0,672.2782639214207,0.0,76.41274622630209,522.3906822906333,487.4916148196245,262359.7873922889,0.0,0.0,480.295772526871,78.60307904833464,2462.66583888946,248121.77258708974
0.0,673.9743693487031,0.0,76.25322433694177,520.4104700145668,485.6612667183161,262581.2251036994,0.0,0.0,477.26213568044756,78.60307904833464,2464.4927247339288,248659.8277589701
0.0,674.1028025778114,0.0,76.25322433694177,520.4104700145668,485.6612667183161,263027.86975101853,0.0,0.0,477.64313419084976,78.42589900799197,2469.964652576709,248771.39031463358
0.0,675.4081936043158,0.0,76.14300359975337,518.7700464198545,484.0402373114225,263245.77703447704,0.0,0.0,472.98362045622076,78.42589900799197,2468.6257905796506,249295.99672157984
0.0,675.9791879036968,0.0,76.14300359975337,518.7700464198545,484.0402373114225,263692.9601347777,0.0,0.0,473.16641982880844,78.14120426929891,2473.7773005005147,249411.6624729459
0.0,676.5899155946502,0.0,75.74611748903455,517.2927074864144,482.41043735441457,263919.2441198721,0.0,0.0,468.67953293937467,78.14120426929891,2470.9752513423346,249920.99625609274
0.0,678.0851655133811,0.0,75.74611748903455,517.2927074864144,482.41043735441457,264358.6648043691,0.0,0.0,468.5013004542879,77.82950557886036,2475.6593787285824,250031.44390247384
0.0,678.6395721460908,0.0,75.47261221047911,515.3643346646533,481.17040386918825,264581.0553682252,0.0,0.0,464.7769054314052,77.82950557886036,2475.232103348749,250541.35848728882
0.0,680.4121919366535,0.0,75.47261221047911,515.3643346646533,481.17040386918825,265021.2029333725,0.0,0.0,464.2897595355243,77.62072660037101,2478.703531329118,250659.1227363151
0.0,680.8057973909756,0.0,75.12767564627906,513.9670254664002,479.60850105686757,265231.8254102517,0.0,0.0,459.5510289054403,77.62072660037101,2476.1752324927584,251202.08148009417
0.0,681.5669057787466,0.0,75.12767564627906,513.9670254664002,479.60850105686757,265674.41223590565,0.0,0.0,459.0924061474296,77.3054565339272,2479.222025955588,251332.90842619247
0.0,681.390512104918,0.0,74.72469771162389,512.171388427604,478.1002313074608,265900.7273524935,0.0,0.0,455.055513114643,77.3054565339272,2477.4170468211305,251859.4580843995
0.0,681.8583795519309,0.0,74.72469771162389,512.171388427604,478.1002313074608,266343.47256091906,0.0,0.0,454.24783000710215,76.90310645148287,2479.3018813487324,251997.79131304641
0.0,682.5166399110449,0.0,74.59524569787985,510.25188853839103,476.2468844541121,266553.3455431327,0.0,0.0,452.14370681749017,76.90310645148287,2483.510057601288,252526.95841179843
0.0,684.3285847530913,0.0,74.59524569787985,510.25188853839103,476.2468844541121,267004.39257923607,0.0,0.0,451.6242434464611,76.72129009118672,2486.27342448075,252653.33556606228
0.0,685.1443490444315,0.0,74.4557626174773,508.41894426045775,475.12484882868023,267229.79318140174,0.0,0.0,448.840142456457,76.72129009118672,2489.302207172806,253173.37681233842
0.0,686.345847002114,0.0,74.4557626174773,508.41894426045775,475.12484882868023,267668.6603637934,0.0,0.0,448.72379669653304,76.34873347594188,2493.7286180884316,253289.1338694498
0.0,687.7619877602052,0.0,74.10647001498474,507.19538387039586,473.09730319568587,267879.09218223824,0.0,0.0,445.1255270860452,76.34873347594188,2493.5387202979614,253823.62213384028
0.0,688.1588515365174,0.0,74.10647001498474,507.19538387039586,473.09730319568587,268326.2755141808,0.0,0.0,445.5236885652359,76.14886860615144,2500.0848104846605,253948.864986554
0.0,689.2771804760018,0.0,73.86039791750441,506.1293279621964,471.61430052517875,268547.8580739382,0.0,0.0,442.1972090153206,76.14886860615144,2499.3344392274757,254493.09929851277
0.0,690.7082501807894,0.0,73.86039791750441,506.1293279621964,471.61430052517875,268978.47385209525,0.0,0.0,442.3198196640328,75.96401557033683,2504.073489008628,254615.3980437249
0.0,691.6590862262485,0.0,73.56659126853508,504.8315394465911,470.2870688433584,269208.6903714341,0.0,0.0,438.24407398677903,75.96401557033683,2500.706692637829,255150.00520437883
0.0,693.2300938736497,0.0,73.56659126853508,504.8315394465911,470.2870688433584,269653.30042674526,0.0,0.0,437.82337399676123,75.68765762318654,2504.1221318626103,255272.95586340173
0.0,693.2766677099597,0.0,73.21210157856126,503.4637475748022,468.79789236339525,269888.97614887473,0.0,0.0,433.67936302528466,75.68765762318654,2501.7716833456648,255811.48376667433
0.0,693.8179786263819,0.0,73.21210157856126,503.4637475748022,468.79789236339525,270326.19438249955,0.0,0.0,433.1614191873874,75.40871447730521,2505.621542279141,255935.0397831394
0.0,693.8065288972587,0.0,72.94237594122181,502.45910532466286,467.2889980124955,270544.7030165916,0.0,0.0,430.41807250898484,75.40871447730521,2504.790805251423,256484.97410257865
0.0,694.5487720834707,0.0,72.94237594122181,502.45910532466286,467.2889980124955,270986.70106215583,0.0,0.0,429.8853105489148,75.09542637087318,2508.3593163121063,256608.87396634754
0.0,695.4891830591047,0.0,72.6740711834588,500.83859033903855,465.83227436127527,271199.3648268572,0.0,0.0,427.559066892295,75.09542637087318,2510.9204222772714,257153.7882562714
0.0,695.6762712311756,0.0,72.6740711834588,500.83859033903855,465.83227436127527,271625.9399951066,0.0,0.0,426.7767142259288,74.90307042378134,2513.0650202442444,257271.92386747437
0.0,696.8813771697797,0.0,72.53872045182635,499.47485709025653,464.0904435692938,271833.57249291893,0.0,0.0,424.5041527644844,74.90307042378134,2516.670198535653,257809.30035708574
0.0,698.3758027034688,0.0,72.53872045182635,499.47485709025653,464.0904435692938,272290.5178467439,0.0,0.0,424.3067489372784,74.54887813961446,2521.8688962764872,257926.45396564974
0.0,700.0016579312609,0.0,72.26287485012196,497.85469953481464,462.5127661075843,272512.4945774405,0.0,0.0,422.2243795393062,74.54887813961446,2524.702695292956,258477.41315262715
0.0,700.9433711450066,0.0,72.26287485012196,497.85469953481464,462.5127661075843,272950.8482885604,0.0,0.0,422.6718908229228,74.22446306547575,2530.7894155534646,258592.1010614718
0.0,702.6636541816052,0.0,71.95607907104889,496.5922092220232,460.67804882556084,273169.0341418488,0.0,0.0,419.030755467525,74.22446306547575,2528.449797713918,259136.75071954625
0.0,703.5837116311915,0.0,71.95607907104889,496.5922092220232,460.67804882556084,273619.1656235267,0.0,0.0,418.8579137122328,74.07169096704851,2533.790763493996,259256.04425342838
0.0,704.3993394767724,0.0,71.74126052470596,496.05209457220553,459.337074349671,273833.148652026,0.0,0.0,415.5674644324746,74.07169096704851,2533.086258837241,259807.0893307972
0.0,705.4427670953486,0.0,71.74126052470596,496.05209457220553,459.337074349671,274279.86555516813,0.0,0.0,415.38962053251606,73.59237313651482,2538.102803527696,259932.38711170372
0.0,706.2328052306814,0.0,71.40517753922722,494.6602649266578,458.07162700858066,274488.990059755,0.0,0.0,413.25321232158916,73.59237313651482,2538.1130356064245,260459.4608105702
0.0,707.6690335789702,0.0,71.40517753922722,494.6602649266578,458.07162700858066,274946.4806546297,0.0,0.0,412.98098604897666,73.18475979382161,2543.4046634099423,260584.5450342004
0.0,708.0069121999582,0.0,71.20049963394494,493.8982347228318,456.59445326989817,275163.4243131975,0.0,0.0,409.88326775973906,73.18475979382161,2540.4434271143828,261132.04901449592
0.0,708.6558572436845,0.0,71.20049963394494,493.8982347228318,456.59445326989817,275600.87446192105,0.0,0.0,409.0718961785964,72.97896216596811,2543.3136434696135,261252.35134258185
0.0,709.0368195233646,0.0,70.95226519125222,493.0735444443617,455.02419601780264,275812.05817760335,0.0,0.0,407.10039864911977,72.97896216596811,2544.8164859305098,261803.7655704574
0.0,709.399632075071,0.0,70.95226519125222,493.0735444443617,455.02419601780264,276271.294832781,0.0,0.0,406.22440066732787,72.68965373460664,2547.082434574457,261929.63088326866
0.0,710.5003710239457,0.0,70.7587985053821,491.5389698315074,453.8832847958835,276494.77100031945,0.0,0.0,405.59025826396646,72.68965373460664,2552.25857331109,262479.1426335037
0.0,710.7963794909984,0.0,70.7587985053821,491.5389698315074,453.8832847958835,276942.61990209727,0.0,0.0,405.0088885373036,72.39460727164362,2555.993746478821,262596.6479977282
0.0,711.3661433066592,0.0,70.59411706216432,490.308054494186,452.39364169052675,277158.900581203,0.0,0.0,403.5749017598507,72.39460727164362,2558.274092690596,263134.94745578594
0.0,712.0162444854144,0.0,70.59411706216432,490.308054494186,452.39364169052675,277619.8140148234,0.0,0.0,403.3861660682516,72.0847657057808,2562.4262734885415,263257.0001538742
0.0,713.6115352002658,0.0,70.32354871306302,489.018805553156,450.93579343421123,277835.95346106007,0.0,0.0,400.30106154514755,72.0847657057808,2560.525802906543,263810.760733802
0.0,715.0648765409925,0.0,70.32354871306302,489.018805553156,450.93579343421123,278268.1857773316,0.0,0.0,400.4778623519907,71.80534408130949,2565.656479060514,263925.72171127045
0.0,716.4638154182402,0.0,70.15003336315958,487.5724680064605,449.46617638142277,278486.9880616403,0.0,0.0,398.53587739812104,71.80534408130949,2566.1304719660943,264465.66985060234
0.0,718.1996536418602,0.0,70.15003336315958,487.5724680064605,449.46617638142277,278940.8352108322,0.0,0.0,399.00231289740873,71.52883345049973,2572.535644293667,264586.9379714824
0.0,719.6329779353612,0.0,69.91876789046323,486.6107753472518,448.2100084519527,279181.00649246253,0.0,0.0,397.11025462236154,71.52883345049973,2573.187647480599,265136.67967749835
0.0,720.1088354654385,0.0,69.91876789046323,486.6107753472518,448.2100084519527,279629.638478375,0.0,0.0,397.2056231431631,71.29425130528267,2578.3157456845825,265257.1770355687
0.0,720.8181577754829,0.0,69.55047636152707,485.2180110467198,446.96224322200203,279843.9334952658,0.0,0.0,394.5802150009328,71.29425130528267,2574.791777896864,265812.5990304487
0.0,721.7158157178504,0.0,69.55047636152707,485.2180110467198,446.96224322200203,280291.7440619054,0.0,0.0,394.05352257857766,71.15388265822914,2578.725899572824,265944.716381002
0.0,721.779494863667,0.0,69.28940640708304,483.8525761157175,445.543641548799,280519.7446850083,0.0,0.0,392.9479873903909,71.15388265822914,2578.103437127035,266480.6800854248
0.0,722.7719341593859,0.0,69.28940640708304,483.8525761157175,445.543641548799,280957.73295379913,0.0,0.0,392.3360280048222,70.79765110243682,2581.5438988351348,266602.94462581404
0.0,723.3367051932024,0.0,69.14115367532817,482.551844310627,443.83897987012875,281166.1707372161,0.0,0.0,391.11365161821317,70.79765110243682,2583.2486009843615,267122.97294322867
0.0,724.0937064564688,0.0,69.14115367532817,482.551844310627,443.83897987012875,281619.8548690171,0.0,0.0,390.4728477375673,70.41224906712245,2585.9709358742293,267248.8157045835
0.0,725.0558661135422,0.0,68.88684688697394,481.134377514543,442.73748186906147,281840.07643593056,0.0,0.0,389.1678103987769,70.41224906712245,2586.780995575799,267780.5853187242
0.0,725.5156719241511,0.0,68.88684688697394,481.134377514543,442.73748186906147,282267.5977693041,0.0,0.0,388.354327632366,70.27400323533755,2591.0148743347136,267900.95522721653
0.0,727.284383614214,0.0,68.61807129201638,479.3652944926963,441.14455345834665,282475.3018507204,0.0,0.0,387.74416294101195,70.27400323533755,2592.7753507415828,268448.30160779407
0.0,728.2282769637065,0.0,68.61807129201638,479.3652944926963,441.14455345834665,282928.21652514674,0.0,0.0,387.81633847519674,69.91038373792048,2599.0918116288026,268567.9181022648
0.0,730.2211416362154,0.0,68.35637992649409,477.9461798619656,439.6746070780773,283145.2841985387,0.0,0.0,386.4997388418258,69.91038373792048,2598.829258745631,269108.23631696636
0.0,731.7265560040319,0.0,68.35637992649409,477.9461798619656,439.6746070780773,283569.62870476855,0.0,0.0,386.6594409524593,69.5692500635075,2605.1236553743875,269234.76063435746
0.0,732.7507458507545,0.0,67.9059423613577,476.60476034989813,437.92212416630946,283790.35563562054,0.0,0.0,385.28618212275853,69.5692500635075,2605.1031682585967,269761.58518098894
0.0,733.8267194535064,0.0,67.9059423613577,476.60476034989813,437.92212416630946,284233.0883510684,0.0,0.0,384.8367628505935,69.28366902919959,2609.2952550078644,269885.1593469055
0.0,734.8641641335752,0.0,67.59364242216279,475.1985923087188,436.8153364131227,284455.6502796692,0.0,0.0,384.30897207625094,69.28366902919959,2609.62488339111,270412.03673930943
0.0,735.571329843458,0.0,67.59364242216279,475.1985923087188,436.8153364131227,284884.0990932262,0.0,0.0,383.79399736266726,69.24285238477141,2613.5944431956937,270538.6250507797
0.0,736.2760049716653,0.0,67.30178827337355,473.9200396933258,435.393319308625,285114.1799199773,0.0,0.0,382.3831367955733,69.24285238477141,2611.20629927134,271068.2734248248
0.0,737.2679924094659,0.0,67.30178827337355,473.9200396933258,435.393319308625,285563.1870386892,0.0,0.0,381.1971244155278,69.07013073459008,2613.537788043764,271195.3259624639
0.0,737.5860714486478,0.0,67.15553211336594,472.9648589716445,434.34804459541226,285739.39032719214,0.0,0.0,380.7430202938093,69.07013073459008,2615.745916693833,271630.8003381721
0.0,739.1933706110947,0.0,67.15553211336594,472.9648589716445,434.34804459541226,285679.1617400183,0.0,0.0,380.5078237854073,68.98488741506188,2619.8995506827564,271613.0477707335
0.0,740.4928299315482,0.0,67.10528341084071,472.8359806450094,434.53823996503144,285477.9455566137,0.0,0.0,381.69034420833026,68.98488741506188,2630.048309344115,271208.3090945324
0.0,742.3037080937131,0.0,67.10528341084071,472.8359806450094,434.53823996503144,285087.6719044699,0.0,0.0,382.06912522423164,68.88064237629828,2636.4744687780067,271131.55929292174
0.0,743.2974570589982,0.0,67.19273696502837,473.11925622239625,434.7510844059869,284894.40870150714,0.0,0.0,381.9418649038005,68.88064237629828,2639.303481868627,270790.4215697596
0.0,745.2603692052312,0.0,67.19273696502837,473.11925622239625,434.7510844059869,284533.8085849834,0.0,0.0,381.34025145033024,68.80775082585424,2641.175799087425,270695.39389845455
0.0,746.4093083638242,0.0,67.17665126086118,473.0550791620473,434.73604151308473,284338.4416628561,0.0,0.0,381.5885235088456,68.80775082585424,2648.068779072001,270202.04670858925
0.0,748.1887847300306,0.0,67.17665126086118,473.0550791620473,434.73604151308473,283932.5905526656,0.0,0.0,381.8326247377607,68.79244752763034,2651.451138666576,270093.1011723475
0.0,748.9289418015267,0.0,67.26821200940114,473.22080653766625,434.75498231114625,283723.33733255597,0.0,0.0,382.7949870443642,68.79244752763034,2658.048807083847,269706.1762297773
0.0,751.8286201296793,0.0,67.26821200940114,473.22080653766625,434.75498231114625,283376.72256095096,0.0,0.0,383.06761238585835,68.81602519892373,2660.575641582489,269707.52531946875
0.0,752.8181668367884,0.0,67.28295489255706,472.9375885333323,434.58889714599707,283207.60590247344,0.0,0.0,383.5955291649113,68.81602519892373,2667.1459768278496,269706.2851408962
0.0,754.897921721467,0.0,67.28295489255706,472.9375885333323,434.58889714599707,282928.57007170917,0.0,0.0,383.0345256611741,68.97625059878935,2668.7078499305994,269704.6180896192
0.0,754.8884952264807,0.0,67.50955178201671,473.2516133800889,434.7179901009121,282824.9832662515,0.0,0.0,382.67545004766015,68.97625059878935,2671.2616074884063,269688.15576691885
0.0,755.1359505754033,0.0,67.50955178201671,473.2516133800889,434.7179901009121,282637.76276159973,0.0,0.0,382.6372243473062,69.07298936329126,2672.3693877614646,269703.21774922917
0.0,755.5285526223777,0.0,67.60065268806308,473.3746696035679,434.6460617011355,282581.02019387204,0.0,0.0,383.6736805562326,69.07298936329126,2676.130984216189,269704.5477939113
0.0,755.8960997989083,0.0,67.60065268806308,473.3746696035679,434.6460617011355,282488.11448716157,0.0,0.0,383.65640414961575,69.03240703350693,2677.0267259054885,269716.23920819693
0.0,756.0002971830845,0.0,67.54280825763489,473.27821399658376,434.8429253501428,282454.7791783016,0.0,0.0,384.1039162993598,69.03240703350693,2679.283897987488,269710.2128780103
0.0,756.6666408091754,0.0,67.54280825763489,473.27821399658376,434.8429253501428,282437.468336108,0.0,0.0,383.57425998651775,68.99776949523996,2679.6159835476224,269711.6510850959
0.0,756.6639971201503,0.0,67.61439227698392,473.06600158370514,434.6440524002685,282434.14104602067,0.0,0.0,383.88568605261065,68.99776949523996,2682.013243105906,269705.03752631287
0.0,756.9144172133634,0.0,67.61439227698392,473.06600158370514,434.6440524002685,282416.3367825682,0.0,0.0,383.30753360787855,69.06082107889168,2682.0094960881024,269708.28400478023
0.0,756.5136066984833,0.0,67.69988836547932,473.11297413153636,434.78806761575174,282425.5438142112,0.0,0.0,384.13256218440915,69.06082107889168,2685.0272495312743,269705.75890338613
0.0,757.0051927420279,0.0,67.69988836547932,473.11297413153636,434.78806761575174,282411.9773727468,0.0,0.0,384.0527867321591,68.95016492100602,2686.2618463440385,269707.09688390093
0.0,757.5054807439836,0.0,67.77261875845498,473.45050815081675,434.89463216631253,282412.18774412223,0.0,0.0,384.5796244075975,68.95016492100602,2688.312871858425,269699.4944632205
0.0,757.5216110079516,0.0,67.77261875845498,473.45050815081675,434.89463216631253,282389.82264193596,0.0,0.0,384.3278745214111,69.00575569198205,2689.1010921110505,269702.0061653224
0.0,757.388815859737,0.0,67.802164877533,473.2541885943705,434.70442744997183,282388.5478459135,0.0,0.0,384.94787650670753,69.00575569198205,2692.66628638214,269697.24866448634
0.0,758.4968208421841,0.0,67.802164877533,473.2541885943705,434.70442744997183,282370.5113555254,0.0,0.0,384.3221902885728,69.0146936173189,2692.55051665458,269696.8935951076
0.0,594.6053637120413,0.0,71.03750368033876,495.7165911800579,455.54600050974665,291094.5112311996,0.0,0.0,403.98199793928006,72.33061904381198,2840.9822371035884,250891.98213279963
0.0,625.3739137738119,0.0,74.80347308539281,521.9887401505147,479.69351107429554,300814.5510198535,0.0,0.0,0.0,76.18421581321076,1317.0571734063865,221290.29570043136
0.0,625.413465041053,0.0,74.92206488800909,522.1713704764326,479.92363274144435,300812.9060671569,0.0,0.0,0.0,76.18421581321076,1319.6047439699826,221298.03259643354
0.0,625.0954788353074,0.0,74.92206488800909,522.1713704764326,479.92363274144435,300800.8824832566,0.0,0.0,0.0,76.11259370199542,1320.3547911638052,221299.55679788062
0.0,625.0716785298378,0.0,75.08314105004105,522.2681318844886,479.7369373085178,300794.66625573597,0.0,0.0,0.0,76.11259370199542,1322.3208041030914,221280.75552007984
0.0,625.086597894395,0.0,75.08314105004105,522.2681318844886,479.7369373085178,300758.5469692078,0.0,0.0,0.0,76.02355191670136,1323.3017831356703,221280.80572330122
0.0,625.1794225993222,0.0,75.1219731433702,522.5098196772972,480.1825580520942,300750.1862463143,0.0,0.0,0.0,76.02355191670136,1326.350871475471,221268.38598307266
0.0,625.0317438862642,0.0,75.1219731433702,522.5098196772972,480.1825580520942,300753.8940269859,0.0,0.0,0.0,75.96696333041226,1327.377192531148,221261.4980451865
0.0,624.8715316033667,0.0,75.06145083015083,522.3605038037465,480.09555171521254,300749.10691189714,0.0,0.0,0.0,75.96696333041226,1328.6853689024254,221256.5326195671
0.0,625.0166382968141,0.0,75.06145083015083,522.3605038037465,480.09555171521254,300697.6407930014,0.0,0.0,0.0,75.944830977659,1329.7595284846057,221255.1458004868
0.0,64.93742912141894,0.0,79.60754056869511,553.0632714973412,508.5246164281036,306011.4040482696,0.0,0.0,0.0,80.43218111675277,1390.5871827036055,221259.4688645505
0.0,64.9594106438987,0.0,79.60754056869511,553.0632714973412,508.5246164281036,305996.74582516437,0.0,0.0,0.0,80.49845717378228,1391.6149329383575,221261.5879703791
0.0,69.54891640877851,0.0,84.97548712236905,0.0,0.0,303230.6369162715,0.0,0.0,0.0,85.86060348276894,1422.0248204524003,246885.89060080962
0.0,69.5577035808512,0.0,84.97548712236905,0.0,0.0,303211.2317189798,0.0,0.0,0.0,85.80347804247323,1422.7159678882342,246883.995248792
0.0,69.54388509860786,0.0,85.06450414858114,0.0,0.0,303198.3801466297,0.0,0.0,0.0,85.80347804247323,1426.4524011620997,246869.62290006288
0.0,82.74677049128046,0.0,0.0,0.0,0.0,224544.85318462775,0.0,0.0,0.0,100.42453157816233,1366.464890735882,341845.2444862923
0.0,101.89299157194479,0.0,0.0,0.0,0.0,5500.400277157483,0.0,0.0,0.0,118.5543987615012,780.9582397253164,
0.0,101.83019496278243,0.0,0.0,0.0,0.0,5642.5436870082385,0.0,0.0,0.0,118.54706924114387,781.4855812412735,
0.0,101.80935943847412,0.0,0.0,0.0,0.0,5624.483938220132,0.0,0.0,0.0,118.54706924114387,782.9083148181608,
0.0,101.81735592593807,0.0,0.0,0.0,0.0,5536.973183834286,0.0,0.0,0.0,118.38813424983596,785.6654414572679,
0.0,101.70417995586966,0.0,0.0,0.0,0.0,5472.024297128024,0.0,0.0,0.0,118.38813424983596,787.0739308085663,
0.0,101.74696392453897,0.0,0.0,0.0,0.0,5417.511696507713,0.0,0.0,0.0,118.6254454348989,787.8611956350461,
0.0,101.56921244231953,0.0,0.0,0.0,0.0,5366.616511831732,0.0,0.0,0.0,118.6254454348989,789.3142705072795,
0.0,101.75049434171804,0.0,0.0,0.0,0.0,5383.423344625816,0.0,0.0,0.0,118.57154788317358,791.927842393668,
0.0,101.63520848513812,0.0,0.0,0.0,0.0,5368.270812736941,0.0,0.0,0.0,118.57154788317358,793.5015390140102,
0.0,101.44549380602896,0.0,0.0,0.0,0.0,5367.148528552868,0.0,0.0,0.0,118.64175001202206,795.3111992003667,
0.0,101.32941019184658,0.0,0.0,0.0,0.0,5339.017503527572,0.0,0.0,0.0,118.64175001202206,796.8663143518622,
0.0,101.36523049905209,0.0,0.0,0.0,0.0,5258.717834966042,0.0,0.0,0.0,118.61644083350774,798.1981745272693,
0.0,101.3790916225535,0.0,0.0,0.0,0.0,5253.968711017565,0.0,0.0,0.0,118.61644083350774,799.8572469217339,
0.0,101.43988271082212,0.0,0.0,0.0,0.0,5221.092973845098,0.0,0.0,0.0,118.28730025735231,803.7426661068755,
0.0,101.32548827518355,0.0,0.0,0.0,0.0,5211.374114140731,0.0,0.0,0.0,118.28730025735231,805.4817458099834,
0.0,119.72270499070943,0.0,0.0,0.0,0.0,2457.9190029846513,0.0,0.0,0.0,0.0,873.6916752676937,
0.0,119.56696027840248,0.0,0.0,0.0,0.0,2503.397004917984,0.0,0.0,0.0,0.0,874.0761663340326,
0.0,119.81911666158594,0.0,0.0,0.0,0.0,2612.1561529669057,0.0,0.0,0.0,0.0,876.1473534027592,
0.0,119.69460727949541,0.0,0.0,0.0,0.0,2617.3769169784428,0.0,0.0,0.0,0.0,876.5213137015162,
0.0,119.74926193172769,0.0,0.0,0.0,0.0,2625.056644444703,0.0,0.0,0.0,0.0,878.4205894447807,
0.0,0.0,0.0,0.0,0.0,0.0,2619.9749959298283,0.0,0.0,0.0,0.0,534.1876523739948,
0.0,0.0,0.0,0.0,0.0,0.0,2711.977721523147,0.0,0.0,0.0,0.0,547.4263881331435,
0.0,0.0,0.0,0.0,0.0,0.0,2752.300306106419,0.0,0.0,0.0,0.0,550.8736850771566,
