,Cabin_F,Pclass_1,Cabin_G,Parch,Pclass_2,Cabin_T,Cabin_E,Cabin_D,Cabin_B,Cabin_C,Pclass_3,Cabin_Unknown,Cabin_A
0,False,False,False,0,False,False,False,False,False,False,True,True,False
1,False,True,False,0,False,False,False,False,False,True,False,False,False
2,False,False,False,0,False,False,False,False,False,False,True,True,False
3,False,True,False,0,False,False,False,False,False,True,False,False,False
4,False,False,False,0,False,False,False,False,False,False,True,True,False
5,False,False,False,0,False,False,False,False,False,False,True,True,False
6,False,True,False,0,False,False,True,False,False,False,False,False,False
7,False,False,False,1,False,False,False,False,False,False,True,True,False
8,False,False,False,2,False,False,False,False,False,False,True,True,False
9,False,False,False,0,True,False,False,False,False,False,False,True,False
10,False,False,True,1,False,False,False,False,False,False,True,False,False
11,False,True,False,0,False,False,False,False,False,True,False,False,False
12,False,False,False,0,False,False,False,False,False,False,True,True,False
13,False,False,False,5,False,False,False,False,False,False,True,True,False
14,False,False,False,0,False,False,False,False,False,False,True,True,False
15,False,False,False,0,True,False,False,False,False,False,False,True,False
16,False,False,False,1,False,False,False,False,False,False,True,True,False
17,False,False,False,0,True,False,False,False,False,False,False,True,False
18,False,False,False,0,False,False,False,False,False,False,True,True,False
19,False,False,False,0,False,False,False,False,False,False,True,True,False
20,False,False,False,0,True,False,False,False,False,False,False,True,False
21,False,False,False,0,True,False,False,True,False,False,False,False,False
22,False,False,False,0,False,False,False,False,False,False,True,True,False
23,False,True,False,0,False,False,False,False,False,False,False,False,True
24,False,False,False,1,False,False,False,False,False,False,True,True,False
25,False,False,False,5,False,False,False,False,False,False,True,True,False
26,False,False,False,0,False,False,False,False,False,False,True,True,False
27,False,True,False,2,False,False,False,False,False,True,False,False,False
28,False,False,False,0,False,False,False,False,False,False,True,True,False
29,False,False,False,0,False,False,False,False,False,False,True,True,False
30,False,True,False,0,False,False,False,False,False,False,False,True,False
31,False,True,False,0,False,False,False,False,True,False,False,False,False
32,False,False,False,0,False,False,False,False,False,False,True,True,False
33,False,False,False,0,True,False,False,False,False,False,False,True,False
34,False,True,False,0,False,False,False,False,False,False,False,True,False
35,False,True,False,0,False,False,False,False,False,False,False,True,False
36,False,False,False,0,False,False,False,False,False,False,True,True,False
37,False,False,False,0,False,False,False,False,False,False,True,True,False
38,False,False,False,0,False,False,False,False,False,False,True,True,False
39,False,False,False,0,False,False,False,False,False,False,True,True,False
40,False,False,False,0,False,False,False,False,False,False,True,True,False
41,False,False,False,0,True,False,False,False,False,False,False,True,False
42,False,False,False,0,False,False,False,False,False,False,True,True,False
43,False,False,False,2,True,False,False,False,False,False,False,True,False
44,False,False,False,0,False,False,False,False,False,False,True,True,False
45,False,False,False,0,False,False,False,False,False,False,True,True,False
46,False,False,False,0,False,False,False,False,False,False,True,True,False
47,False,False,False,0,False,False,False,False,False,False,True,True,False
48,False,False,False,0,False,False,False,False,False,False,True,True,False
49,False,False,False,0,False,False,False,False,False,False,True,True,False
50,False,False,False,1,False,False,False,False,False,False,True,True,False
51,False,False,False,0,False,False,False,False,False,False,True,True,False
52,False,True,False,0,False,False,False,True,False,False,False,False,False
53,False,False,False,0,True,False,False,False,False,False,False,True,False
54,False,True,False,1,False,False,False,False,True,False,False,False,False
55,False,True,False,0,False,False,False,False,False,True,False,False,False
56,False,False,False,0,True,False,False,False,False,False,False,True,False
57,False,False,False,0,False,False,False,False,False,False,True,True,False
58,False,False,False,2,True,False,False,False,False,False,False,True,False
59,False,False,False,2,False,False,False,False,False,False,True,True,False
60,False,False,False,0,False,False,False,False,False,False,True,True,False
62,False,True,False,0,False,False,False,False,False,True,False,False,False
63,False,False,False,2,False,False,False,False,False,False,True,True,False
64,False,True,False,0,False,False,False,False,False,False,False,True,False
65,False,False,False,1,False,False,False,False,False,False,True,True,False
66,True,False,False,0,True,False,False,False,False,False,False,False,False
67,False,False,False,0,False,False,False,False,False,False,True,True,False
68,False,False,False,2,False,False,False,False,False,False,True,True,False
69,False,False,False,0,False,False,False,False,False,False,True,True,False
70,False,False,False,0,True,False,False,False,False,False,False,True,False
71,False,False,False,2,False,False,False,False,False,False,True,True,False
72,False,False,False,0,True,False,False,False,False,False,False,True,False
73,False,False,False,0,False,False,False,False,False,False,True,True,False
74,False,False,False,0,False,False,False,False,False,False,True,True,False
75,True,False,False,0,False,False,False,False,False,False,True,False,False
76,False,False,False,0,False,False,False,False,False,False,True,True,False
77,False,False,False,0,False,False,False,False,False,False,True,True,False
78,False,False,False,2,True,False,False,False,False,False,False,True,False
79,False,False,False,0,False,False,False,False,False,False,True,True,False
80,False,False,False,0,False,False,False,False,False,False,True,True,False
81,False,False,False,0,False,False,False,False,False,False,True,True,False
82,False,False,False,0,False,False,False,False,False,False,True,True,False
83,False,True,False,0,False,False,False,False,False,False,False,True,False
84,False,False,False,0,True,False,False,False,False,False,False,True,False
85,False,False,False,0,False,False,False,False,False,False,True,True,False
86,False,False,False,3,False,False,False,False,False,False,True,True,False
87,False,False,False,0,False,False,False,False,False,False,True,True,False
88,False,True,False,2,False,False,False,False,False,True,False,False,False
89,False,False,False,0,False,False,False,False,False,False,True,True,False
90,False,False,False,0,False,False,False,False,False,False,True,True,False
91,False,False,False,0,False,False,False,False,False,False,True,True,False
92,False,True,False,0,False,False,True,False,False,False,False,False,False
93,False,False,False,2,False,False,False,False,False,False,True,True,False
94,False,False,False,0,False,False,False,False,False,False,True,True,False
95,False,False,False,0,False,False,False,False,False,False,True,True,False
96,False,True,False,0,False,False,False,False,False,False,False,False,True
97,False,True,False,1,False,False,False,True,False,False,False,False,False
98,False,False,False,1,True,False,False,False,False,False,False,True,False
99,False,False,False,0,True,False,False,False,False,False,False,True,False
100,False,False,False,0,False,False,False,False,False,False,True,True,False
101,False,False,False,0,False,False,False,False,False,False,True,True,False
102,False,True,False,1,False,False,False,True,False,False,False,False,False
103,False,False,False,0,False,False,False,False,False,False,True,True,False
104,False,False,False,0,False,False,False,False,False,False,True,True,False
105,False,False,False,0,False,False,False,False,False,False,True,True,False
106,False,False,False,0,False,False,False,False,False,False,True,True,False
107,False,False,False,0,False,False,False,False,False,False,True,True,False
108,False,False,False,0,False,False,False,False,False,False,True,True,False
109,False,False,False,0,False,False,False,False,False,False,True,True,False
110,False,True,False,0,False,False,False,False,False,True,False,False,False
111,False,False,False,0,False,False,False,False,False,False,True,True,False
112,False,False,False,0,False,False,False,False,False,False,True,True,False
113,False,False,False,0,False,False,False,False,False,False,True,True,False
114,False,False,False,0,False,False,False,False,False,False,True,True,False
115,False,False,False,0,False,False,False,False,False,False,True,True,False
116,False,False,False,0,False,False,False,False,False,False,True,True,False
117,False,False,False,0,True,False,False,False,False,False,False,True,False
118,False,True,False,1,False,False,False,False,True,False,False,False,False
119,False,False,False,2,False,False,False,False,False,False,True,True,False
120,False,False,False,0,True,False,False,False,False,False,False,True,False
121,False,False,False,0,False,False,False,False,False,False,True,True,False
122,False,False,False,0,True,False,False,False,False,False,False,True,False
123,False,False,False,0,True,False,True,False,False,False,False,False,False
124,False,True,False,1,False,False,False,True,False,False,False,False,False
125,False,False,False,0,False,False,False,False,False,False,True,True,False
126,False,False,False,0,False,False,False,False,False,False,True,True,False
127,False,False,False,0,False,False,False,False,False,False,True,True,False
128,True,False,False,1,False,False,False,False,False,False,True,False,False
129,False,False,False,0,False,False,False,False,False,False,True,True,False
130,False,False,False,0,False,False,False,False,False,False,True,True,False
131,False,False,False,0,False,False,False,False,False,False,True,True,False
132,False,False,False,0,False,False,False,False,False,False,True,True,False
133,False,False,False,0,True,False,False,False,False,False,False,True,False
134,False,False,False,0,True,False,False,False,False,False,False,True,False
135,False,False,False,0,True,False,False,False,False,False,False,True,False
136,False,True,False,2,False,False,False,True,False,False,False,False,False
137,False,True,False,0,False,False,False,False,False,True,False,False,False
138,False,False,False,0,False,False,False,False,False,False,True,True,False
139,False,True,False,0,False,False,False,False,True,False,False,False,False
140,False,False,False,2,False,False,False,False,False,False,True,True,False
141,False,False,False,0,False,False,False,False,False,False,True,True,False
142,False,False,False,0,False,False,False,False,False,False,True,True,False
143,False,False,False,0,False,False,False,False,False,False,True,True,False
144,False,False,False,0,True,False,False,False,False,False,False,True,False
145,False,False,False,1,True,False,False,False,False,False,False,True,False
146,False,False,False,0,False,False,False,False,False,False,True,True,False
147,False,False,False,2,False,False,False,False,False,False,True,True,False
148,True,False,False,2,True,False,False,False,False,False,False,False,False
149,False,False,False,0,True,False,False,False,False,False,False,True,False
150,False,False,False,0,True,False,False,False,False,False,False,True,False
151,False,True,False,0,False,False,False,False,False,True,False,False,False
152,False,False,False,0,False,False,False,False,False,False,True,True,False
153,False,False,False,2,False,False,False,False,False,False,True,True,False
154,False,False,False,0,False,False,False,False,False,False,True,True,False
155,False,True,False,1,False,False,False,False,False,False,False,True,False
156,False,False,False,0,False,False,False,False,False,False,True,True,False
157,False,False,False,0,False,False,False,False,False,False,True,True,False
158,False,False,False,0,False,False,False,False,False,False,True,True,False
159,False,False,False,2,False,False,False,False,False,False,True,True,False
160,False,False,False,1,False,False,False,False,False,False,True,True,False
161,False,False,False,0,True,False,False,False,False,False,False,True,False
162,False,False,False,0,False,False,False,False,False,False,True,True,False
163,False,False,False,0,False,False,False,False,False,False,True,True,False
164,False,False,False,1,False,False,False,False,False,False,True,True,False
165,False,False,False,2,False,False,False,False,False,False,True,True,False
166,False,True,False,1,False,False,True,False,False,False,False,False,False
167,False,False,False,4,False,False,False,False,False,False,True,True,False
168,False,True,False,0,False,False,False,False,False,False,False,True,False
169,False,False,False,0,False,False,False,False,False,False,True,True,False
170,False,True,False,0,False,False,False,False,True,False,False,False,False
171,False,False,False,1,False,False,False,False,False,False,True,True,False
172,False,False,False,1,False,False,False,False,False,False,True,True,False
173,False,False,False,0,False,False,False,False,False,False,True,True,False
174,False,True,False,0,False,False,False,False,False,False,False,False,True
175,False,False,False,1,False,False,False,False,False,False,True,True,False
176,False,False,False,1,False,False,False,False,False,False,True,True,False
177,False,True,False,0,False,False,False,False,False,True,False,False,False
178,False,False,False,0,True,False,False,False,False,False,False,True,False
179,False,False,False,0,False,False,False,False,False,False,True,True,False
180,False,False,False,2,False,False,False,False,False,False,True,True,False
181,False,False,False,0,True,False,False,False,False,False,False,True,False
182,False,False,False,2,False,False,False,False,False,False,True,True,False
183,True,False,False,1,True,False,False,False,False,False,False,False,False
184,False,False,False,2,False,False,False,False,False,False,True,True,False
185,False,True,False,0,False,False,False,False,False,False,False,False,True
186,False,False,False,0,False,False,False,False,False,False,True,True,False
187,False,True,False,0,False,False,False,False,False,False,False,True,False
188,False,False,False,1,False,False,False,False,False,False,True,True,False
189,False,False,False,0,False,False,False,False,False,False,True,True,False
190,False,False,False,0,True,False,False,False,False,False,False,True,False
191,False,False,False,0,True,False,False,False,False,False,False,True,False
192,False,False,False,0,False,False,False,False,False,False,True,True,False
193,True,False,False,1,True,False,False,False,False,False,False,False,False
194,False,True,False,0,False,False,False,False,True,False,False,False,False
195,False,True,False,0,False,False,False,False,True,False,False,False,False
196,False,False,False,0,False,False,False,False,False,False,True,True,False
197,False,False,False,1,False,False,False,False,False,False,True,True,False
198,False,False,False,0,False,False,False,False,False,False,True,True,False
199,False,False,False,0,True,False,False,False,False,False,False,True,False
200,False,False,False,0,False,False,False,False,False,False,True,True,False
201,False,False,False,2,False,False,False,False,False,False,True,True,False
202,False,False,False,0,False,False,False,False,False,False,True,True,False
203,False,False,False,0,False,False,False,False,False,False,True,True,False
204,False,False,False,0,False,False,False,False,False,False,True,True,False
205,False,False,True,1,False,False,False,False,False,False,True,False,False
206,False,False,False,0,False,False,False,False,False,False,True,True,False
207,False,False,False,0,False,False,False,False,False,False,True,True,False
208,False,False,False,0,False,False,False,False,False,False,True,True,False
209,False,True,False,0,False,False,False,False,False,False,False,False,True
210,False,False,False,0,False,False,False,False,False,False,True,True,False
211,False,False,False,0,True,False,False,False,False,False,False,True,False
212,False,False,False,0,False,False,False,False,False,False,True,True,False
213,False,False,False,0,True,False,False,False,False,False,False,True,False
214,False,False,False,0,False,False,False,False,False,False,True,True,False
215,False,True,False,0,False,False,False,True,False,False,False,False,False
216,False,False,False,0,False,False,False,False,False,False,True,True,False
217,False,False,False,0,True,False,False,False,False,False,False,True,False
218,False,True,False,0,False,False,False,True,False,False,False,False,False
219,False,False,False,0,True,False,False,False,False,False,False,True,False
220,False,False,False,0,False,False,False,False,False,False,True,True,False
221,False,False,False,0,True,False,False,False,False,False,False,True,False
222,False,False,False,0,False,False,False,False,False,False,True,True,False
223,False,False,False,0,False,False,False,False,False,False,True,True,False
224,False,True,False,0,False,False,False,False,False,True,False,False,False
225,False,False,False,0,False,False,False,False,False,False,True,True,False
226,False,False,False,0,True,False,False,False,False,False,False,True,False
227,False,False,False,0,False,False,False,False,False,False,True,True,False
228,False,False,False,0,True,False,False,False,False,False,False,True,False
229,False,False,False,1,False,False,False,False,False,False,True,True,False
230,False,True,False,0,False,False,False,False,False,True,False,False,False
231,False,False,False,0,False,False,False,False,False,False,True,True,False
232,False,False,False,0,True,False,False,False,False,False,False,True,False
233,False,False,False,2,False,False,False,False,False,False,True,True,False
234,False,False,False,0,True,False,False,False,False,False,False,True,False
235,False,False,False,0,False,False,False,False,False,False,True,True,False
236,False,False,False,0,True,False,False,False,False,False,False,True,False
237,False,False,False,2,True,False,False,False,False,False,False,True,False
238,False,False,False,0,True,False,False,False,False,False,False,True,False
239,False,False,False,0,True,False,False,False,False,False,False,True,False
240,False,False,False,0,False,False,False,False,False,False,True,True,False
241,False,False,False,0,False,False,False,False,False,False,True,True,False
242,False,False,False,0,True,False,False,False,False,False,False,True,False
243,False,False,False,0,False,False,False,False,False,False,True,True,False
244,False,False,False,0,False,False,False,False,False,False,True,True,False
245,False,True,False,0,False,False,False,False,False,True,False,False,False
246,False,False,False,0,False,False,False,False,False,False,True,True,False
247,False,False,False,2,True,False,False,False,False,False,False,True,False
248,False,True,False,1,False,False,False,True,False,False,False,False,False
249,False,False,False,0,True,False,False,False,False,False,False,True,False
250,False,False,False,0,False,False,False,False,False,False,True,True,False
251,False,False,True,1,False,False,False,False,False,False,True,False,False
252,False,True,False,0,False,False,False,False,False,True,False,False,False
253,False,False,False,0,False,False,False,False,False,False,True,True,False
254,False,False,False,2,False,False,False,False,False,False,True,True,False
255,False,False,False,2,False,False,False,False,False,False,True,True,False
256,False,True,False,0,False,False,False,False,False,False,False,True,False
257,False,True,False,0,False,False,False,False,True,False,False,False,False
258,False,True,False,0,False,False,False,False,False,False,False,True,False
259,False,False,False,1,True,False,False,False,False,False,False,True,False
260,False,False,False,0,False,False,False,False,False,False,True,True,False
261,False,False,False,2,False,False,False,False,False,False,True,True,False
262,False,True,False,1,False,False,True,False,False,False,False,False,False
263,False,True,False,0,False,False,False,False,True,False,False,False,False
264,False,False,False,0,False,False,False,False,False,False,True,True,False
265,False,False,False,0,True,False,False,False,False,False,False,True,False
266,False,False,False,1,False,False,False,False,False,False,True,True,False
267,False,False,False,0,False,False,False,False,False,False,True,True,False
268,False,True,False,1,False,False,False,False,False,True,False,False,False
269,False,True,False,0,False,False,False,False,False,True,False,False,False
270,False,True,False,0,False,False,False,False,False,False,False,True,False
271,False,False,False,0,False,False,False,False,False,False,True,True,False
272,False,False,False,1,True,False,False,False,False,False,False,True,False
273,False,True,False,1,False,False,False,False,False,True,False,False,False
274,False,False,False,0,False,False,False,False,False,False,True,True,False
275,False,True,False,0,False,False,False,True,False,False,False,False,False
276,False,False,False,0,False,False,False,False,False,False,True,True,False
277,False,False,False,0,True,False,False,False,False,False,False,True,False
278,False,False,False,1,False,False,False,False,False,False,True,True,False
279,False,False,False,1,False,False,False,False,False,False,True,True,False
280,False,False,False,0,False,False,False,False,False,False,True,True,False
281,False,False,False,0,False,False,False,False,False,False,True,True,False
282,False,False,False,0,False,False,False,False,False,False,True,True,False
283,False,False,False,0,False,False,False,False,False,False,True,True,False
284,False,True,False,0,False,False,False,False,False,False,False,False,True
285,False,False,False,0,False,False,False,False,False,False,True,True,False
286,False,False,False,0,False,False,False,False,False,False,True,True,False
287,False,False,False,0,False,False,False,False,False,False,True,True,False
288,False,False,False,0,True,False,False,False,False,False,False,True,False
289,False,False,False,0,False,False,False,False,False,False,True,True,False
290,False,True,False,0,False,False,False,False,False,False,False,True,False
291,False,True,False,0,False,False,False,False,True,False,False,False,False
292,False,False,False,0,True,False,False,True,False,False,False,False,False
293,False,False,False,0,False,False,False,False,False,False,True,True,False
294,False,False,False,0,False,False,False,False,False,False,True,True,False
295,False,True,False,0,False,False,False,False,False,False,False,True,False
296,False,False,False,0,False,False,False,False,False,False,True,True,False
297,False,True,False,2,False,False,False,False,False,True,False,False,False
298,False,True,False,0,False,False,False,False,False,True,False,False,False
299,False,True,False,1,False,False,False,False,True,False,False,False,False
300,False,False,False,0,False,False,False,False,False,False,True,True,False
301,False,False,False,0,False,False,False,False,False,False,True,True,False
302,False,False,False,0,False,False,False,False,False,False,True,True,False
303,False,False,False,0,True,False,True,False,False,False,False,False,False
304,False,False,False,0,False,False,False,False,False,False,True,True,False
305,False,True,False,2,False,False,False,False,False,True,False,False,False
306,False,True,False,0,False,False,False,False,False,False,False,True,False
307,False,True,False,0,False,False,False,False,False,True,False,False,False
308,False,False,False,0,True,False,False,False,False,False,False,True,False
309,False,True,False,0,False,False,True,False,False,False,False,False,False
310,False,True,False,0,False,False,False,False,False,True,False,False,False
311,False,True,False,2,False,False,False,False,True,False,False,False,False
312,False,False,False,1,True,False,False,False,False,False,False,True,False
313,False,False,False,0,False,False,False,False,False,False,True,True,False
314,False,False,False,1,True,False,False,False,False,False,False,True,False
315,False,False,False,0,False,False,False,False,False,False,True,True,False
316,False,False,False,0,True,False,False,False,False,False,False,True,False
317,False,False,False,0,True,False,False,False,False,False,False,True,False
318,False,True,False,2,False,False,False,False,False,True,False,False,False
319,False,True,False,1,False,False,True,False,False,False,False,False,False
320,False,False,False,0,False,False,False,False,False,False,True,True,False
321,False,False,False,0,False,False,False,False,False,False,True,True,False
322,False,False,False,0,True,False,False,False,False,False,False,True,False
323,False,False,False,1,True,False,False,False,False,False,False,True,False
324,False,False,False,2,False,False,False,False,False,False,True,True,False
325,False,True,False,0,False,False,False,False,False,True,False,False,False
326,False,False,False,0,False,False,False,False,False,False,True,True,False
327,False,False,False,0,True,False,False,True,False,False,False,False,False
328,False,False,False,1,False,False,False,False,False,False,True,True,False
329,False,True,False,1,False,False,False,False,True,False,False,False,False
330,False,False,False,0,False,False,False,False,False,False,True,True,False
331,False,True,False,0,False,False,False,False,False,True,False,False,False
332,False,True,False,1,False,False,False,False,False,True,False,False,False
333,False,False,False,0,False,False,False,False,False,False,True,True,False
334,False,True,False,0,False,False,False,False,False,False,False,True,False
335,False,False,False,0,False,False,False,False,False,False,True,True,False
336,False,True,False,0,False,False,False,False,False,True,False,False,False
337,False,True,False,0,False,False,True,False,False,False,False,False,False
338,False,False,False,0,False,False,False,False,False,False,True,True,False
339,False,True,False,0,False,True,False,False,False,False,False,False,False
340,True,False,False,1,True,False,False,False,False,False,False,False,False
341,False,True,False,2,False,False,False,False,False,True,False,False,False
342,False,False,False,0,True,False,False,False,False,False,False,True,False
343,False,False,False,0,True,False,False,False,False,False,False,True,False
344,False,False,False,0,True,False,False,False,False,False,False,True,False
345,True,False,False,0,True,False,False,False,False,False,False,False,False
346,False,False,False,0,True,False,False,False,False,False,False,True,False
347,False,False,False,0,False,False,False,False,False,False,True,True,False
348,False,False,False,1,False,False,False,False,False,False,True,True,False
349,False,False,False,0,False,False,False,False,False,False,True,True,False
350,False,False,False,0,False,False,False,False,False,False,True,True,False
351,False,True,False,0,False,False,False,False,False,True,False,False,False
352,False,False,False,1,False,False,False,False,False,False,True,True,False
353,False,False,False,0,False,False,False,False,False,False,True,True,False
354,False,False,False,0,False,False,False,False,False,False,True,True,False
355,False,False,False,0,False,False,False,False,False,False,True,True,False
356,False,True,False,1,False,False,True,False,False,False,False,False,False
357,False,False,False,0,True,False,False,False,False,False,False,True,False
358,False,False,False,0,False,False,False,False,False,False,True,True,False
359,False,False,False,0,False,False,False,False,False,False,True,True,False
360,False,False,False,4,False,False,False,False,False,False,True,True,False
361,False,False,False,0,True,False,False,False,False,False,False,True,False
362,False,False,False,1,False,False,False,False,False,False,True,True,False
363,False,False,False,0,False,False,False,False,False,False,True,True,False
364,False,False,False,0,False,False,False,False,False,False,True,True,False
365,False,False,False,0,False,False,False,False,False,False,True,True,False
366,False,True,False,0,False,False,False,True,False,False,False,False,False
367,False,False,False,0,False,False,False,False,False,False,True,True,False
368,False,False,False,0,False,False,False,False,False,False,True,True,False
369,False,True,False,0,False,False,False,False,True,False,False,False,False
370,False,True,False,0,False,False,True,False,False,False,False,False,False
371,False,False,False,0,False,False,False,False,False,False,True,True,False
372,False,False,False,0,False,False,False,False,False,False,True,True,False
373,False,True,False,0,False,False,False,False,False,False,False,True,False
374,False,False,False,1,False,False,False,False,False,False,True,True,False
375,False,True,False,0,False,False,False,False,False,False,False,True,False
376,False,False,False,0,False,False,False,False,False,False,True,True,False
377,False,True,False,2,False,False,False,False,False,True,False,False,False
378,False,False,False,0,False,False,False,False,False,False,True,True,False
379,False,False,False,0,False,False,False,False,False,False,True,True,False
380,False,True,False,0,False,False,False,False,False,False,False,True,False
381,False,False,False,2,False,False,False,False,False,False,True,True,False
382,False,False,False,0,False,False,False,False,False,False,True,True,False
383,False,True,False,0,False,False,False,False,False,False,False,True,False
384,False,False,False,0,False,False,False,False,False,False,True,True,False
385,False,False,False,0,True,False,False,False,False,False,False,True,False
386,False,False,False,2,False,False,False,False,False,False,True,True,False
387,False,False,False,0,True,False,False,False,False,False,False,True,False
388,False,False,False,0,False,False,False,False,False,False,True,True,False
389,False,False,False,0,True,False,False,False,False,False,False,True,False
390,False,True,False,2,False,False,False,False,True,False,False,False,False
391,False,False,False,0,False,False,False,False,False,False,True,True,False
392,False,False,False,0,False,False,False,False,False,False,True,True,False
393,False,True,False,0,False,False,False,True,False,False,False,False,False
394,False,False,True,2,False,False,False,False,False,False,True,False,False
395,False,False,False,0,False,False,False,False,False,False,True,True,False
396,False,False,False,0,False,False,False,False,False,False,True,True,False
397,False,False,False,0,True,False,False,False,False,False,False,True,False
398,False,False,False,0,True,False,False,False,False,False,False,True,False
399,False,False,False,0,True,False,False,False,False,False,False,True,False
400,False,False,False,0,False,False,False,False,False,False,True,True,False
401,False,False,False,0,False,False,False,False,False,False,True,True,False
402,False,False,False,0,False,False,False,False,False,False,True,True,False
403,False,False,False,0,False,False,False,False,False,False,True,True,False
404,False,False,False,0,False,False,False,False,False,False,True,True,False
405,False,False,False,0,True,False,False,False,False,False,False,True,False
406,False,False,False,0,False,False,False,False,False,False,True,True,False
407,False,False,False,1,True,False,False,False,False,False,False,True,False
408,False,False,False,0,False,False,False,False,False,False,True,True,False
409,False,False,False,1,False,False,False,False,False,False,True,True,False
410,False,False,False,0,False,False,False,False,False,False,True,True,False
411,False,False,False,0,False,False,False,False,False,False,True,True,False
412,False,True,False,0,False,False,False,False,False,True,False,False,False
413,False,False,False,0,True,False,False,False,False,False,False,True,False
414,False,False,False,0,False,False,False,False,False,False,True,True,False
415,False,False,False,0,False,False,False,False,False,False,True,True,False
416,False,False,False,1,True,False,False,False,False,False,False,True,False
417,False,False,False,2,True,False,False,False,False,False,False,True,False
418,False,False,False,0,True,False,False,False,False,False,False,True,False
419,False,False,False,2,False,False,False,False,False,False,True,True,False
420,False,False,False,0,False,False,False,False,False,False,True,True,False
421,False,False,False,0,False,False,False,False,False,False,True,True,False
422,False,False,False,0,False,False,False,False,False,False,True,True,False
423,False,False,False,1,False,False,False,False,False,False,True,True,False
424,False,False,False,1,False,False,False,False,False,False,True,True,False
425,False,False,False,0,False,False,False,False,False,False,True,True,False
426,False,False,False,0,True,False,False,False,False,False,False,True,False
427,False,False,False,0,True,False,False,False,False,False,False,True,False
428,False,False,False,0,False,False,False,False,False,False,True,True,False
429,False,False,False,0,False,False,True,False,False,False,True,False,False
430,False,True,False,0,False,False,False,False,False,True,False,False,False
431,False,False,False,0,False,False,False,False,False,False,True,True,False
432,False,False,False,0,True,False,False,False,False,False,False,True,False
433,False,False,False,0,False,False,False,False,False,False,True,True,False
434,False,True,False,0,False,False,True,False,False,False,False,False,False
435,False,True,False,2,False,False,False,False,True,False,False,False,False
436,False,False,False,2,False,False,False,False,False,False,True,True,False
437,False,False,False,3,True,False,False,False,False,False,False,True,False
438,False,True,False,4,False,False,False,False,False,True,False,False,False
439,False,False,False,0,True,False,False,False,False,False,False,True,False
440,False,False,False,1,True,False,False,False,False,False,False,True,False
441,False,False,False,0,False,False,False,False,False,False,True,True,False
442,False,False,False,0,False,False,False,False,False,False,True,True,False
443,False,False,False,0,True,False,False,False,False,False,False,True,False
444,False,False,False,0,False,False,False,False,False,False,True,True,False
445,False,True,False,2,False,False,False,False,False,False,False,False,True
446,False,False,False,1,True,False,False,False,False,False,False,True,False
447,False,True,False,0,False,False,False,False,False,False,False,True,False
448,False,False,False,1,False,False,False,False,False,False,True,True,False
449,False,True,False,0,False,False,False,False,False,True,False,False,False
450,False,False,False,2,True,False,False,False,False,False,False,True,False
451,False,False,False,0,False,False,False,False,False,False,True,True,False
452,False,True,False,0,False,False,False,False,False,True,False,False,False
453,False,True,False,0,False,False,False,False,False,True,False,False,False
454,False,False,False,0,False,False,False,False,False,False,True,True,False
455,False,False,False,0,False,False,False,False,False,False,True,True,False
456,False,True,False,0,False,False,True,False,False,False,False,False,False
457,False,True,False,0,False,False,False,True,False,False,False,False,False
458,False,False,False,0,True,False,False,False,False,False,False,True,False
459,False,False,False,0,False,False,False,False,False,False,True,True,False
460,False,True,False,0,False,False,True,False,False,False,False,False,False
461,False,False,False,0,False,False,False,False,False,False,True,True,False
462,False,True,False,0,False,False,True,False,False,False,False,False,False
463,False,False,False,0,True,False,False,False,False,False,False,True,False
464,False,False,False,0,False,False,False,False,False,False,True,True,False
465,False,False,False,0,False,False,False,False,False,False,True,True,False
466,False,False,False,0,True,False,False,False,False,False,False,True,False
467,False,True,False,0,False,False,False,False,False,False,False,True,False
468,False,False,False,0,False,False,False,False,False,False,True,True,False
469,False,False,False,1,False,False,False,False,False,False,True,True,False
470,False,False,False,0,False,False,False,False,False,False,True,True,False
471,False,False,False,0,False,False,False,False,False,False,True,True,False
472,False,False,False,2,True,False,False,False,False,False,False,True,False
473,False,False,False,0,True,False,False,True,False,False,False,False,False
474,False,False,False,0,False,False,False,False,False,False,True,True,False
475,False,True,False,0,False,False,False,False,False,False,False,False,True
476,False,False,False,0,True,False,False,False,False,False,False,True,False
477,False,False,False,0,False,False,False,False,False,False,True,True,False
478,False,False,False,0,False,False,False,False,False,False,True,True,False
479,False,False,False,1,False,False,False,False,False,False,True,True,False
480,False,False,False,2,False,False,False,False,False,False,True,True,False
481,False,False,False,0,True,False,False,False,False,False,False,True,False
482,False,False,False,0,False,False,False,False,False,False,True,True,False
483,False,False,False,0,False,False,False,False,False,False,True,True,False
484,False,True,False,0,False,False,False,False,True,False,False,False,False
485,False,False,False,1,False,False,False,False,False,False,True,True,False
486,False,True,False,0,False,False,False,False,False,True,False,False,False
487,False,True,False,0,False,False,False,False,True,False,False,False,False
488,False,False,False,0,False,False,False,False,False,False,True,True,False
489,False,False,False,1,False,False,False,False,False,False,True,True,False
490,False,False,False,0,False,False,False,False,False,False,True,True,False
491,False,False,False,0,False,False,False,False,False,False,True,True,False
492,False,True,False,0,False,False,False,False,False,True,False,False,False
493,False,True,False,0,False,False,False,False,False,False,False,True,False
494,False,False,False,0,False,False,False,False,False,False,True,True,False
495,False,False,False,0,False,False,False,False,False,False,True,True,False
496,False,True,False,0,False,False,False,True,False,False,False,False,False
497,False,False,False,0,False,False,False,False,False,False,True,True,False
498,False,True,False,2,False,False,False,False,False,True,False,False,False
499,False,False,False,0,False,False,False,False,False,False,True,True,False
500,False,False,False,0,False,False,False,False,False,False,True,True,False
501,False,False,False,0,False,False,False,False,False,False,True,True,False
502,False,False,False,0,False,False,False,False,False,False,True,True,False
503,False,False,False,0,False,False,False,False,False,False,True,True,False
504,False,True,False,0,False,False,False,False,True,False,False,False,False
505,False,True,False,0,False,False,False,False,False,True,False,False,False
506,False,False,False,2,True,False,False,False,False,False,False,True,False
507,False,True,False,0,False,False,False,False,False,False,False,True,False
508,False,False,False,0,False,False,False,False,False,False,True,True,False
509,False,False,False,0,False,False,False,False,False,False,True,True,False
510,False,False,False,0,False,False,False,False,False,False,True,True,False
511,False,False,False,0,False,False,False,False,False,False,True,True,False
512,False,True,False,0,False,False,True,False,False,False,False,False,False
513,False,True,False,0,False,False,False,False,False,False,False,True,False
514,False,False,False,0,False,False,False,False,False,False,True,True,False
515,False,True,False,0,False,False,False,True,False,False,False,False,False
516,True,False,False,0,True,False,False,False,False,False,False,False,False
517,False,False,False,0,False,False,False,False,False,False,True,True,False
518,False,False,False,0,True,False,False,False,False,False,False,True,False
519,False,False,False,0,False,False,False,False,False,False,True,True,False
520,False,True,False,0,False,False,False,False,True,False,False,False,False
521,False,False,False,0,False,False,False,False,False,False,True,True,False
522,False,False,False,0,False,False,False,False,False,False,True,True,False
523,False,True,False,1,False,False,False,False,True,False,False,False,False
524,False,False,False,0,False,False,False,False,False,False,True,True,False
525,False,False,False,0,False,False,False,False,False,False,True,True,False
526,False,False,False,0,True,False,False,False,False,False,False,True,False
527,False,True,False,0,False,False,False,False,False,True,False,False,False
528,False,False,False,0,False,False,False,False,False,False,True,True,False
529,False,False,False,1,True,False,False,False,False,False,False,True,False
530,False,False,False,1,True,False,False,False,False,False,False,True,False
531,False,False,False,0,False,False,False,False,False,False,True,True,False
532,False,False,False,1,False,False,False,False,False,False,True,True,False
533,False,False,False,2,False,False,False,False,False,False,True,True,False
534,False,False,False,0,False,False,False,False,False,False,True,True,False
535,False,False,False,2,True,False,False,False,False,False,False,True,False
536,False,True,False,0,False,False,False,False,True,False,False,False,False
537,False,True,False,0,False,False,False,False,False,False,False,True,False
538,False,False,False,0,False,False,False,False,False,False,True,True,False
539,False,True,False,2,False,False,False,False,True,False,False,False,False
540,False,True,False,2,False,False,False,False,True,False,False,False,False
541,False,False,False,2,False,False,False,False,False,False,True,True,False
542,False,False,False,2,False,False,False,False,False,False,True,True,False
543,False,False,False,0,True,False,False,False,False,False,False,True,False
544,False,True,False,0,False,False,False,False,False,True,False,False,False
545,False,True,False,0,False,False,False,False,False,False,False,True,False
546,False,False,False,0,True,False,False,False,False,False,False,True,False
547,False,False,False,0,True,False,False,False,False,False,False,True,False
548,False,False,False,1,False,False,False,False,False,False,True,True,False
549,False,False,False,1,True,False,False,False,False,False,False,True,False
550,False,True,False,2,False,False,False,False,False,True,False,False,False
551,False,False,False,0,True,False,False,False,False,False,False,True,False
552,False,False,False,0,False,False,False,False,False,False,True,True,False
553,False,False,False,0,False,False,False,False,False,False,True,True,False
554,False,False,False,0,False,False,False,False,False,False,True,True,False
555,False,True,False,0,False,False,False,False,False,False,False,True,False
556,False,True,False,0,False,False,False,False,False,False,False,False,True
557,False,True,False,0,False,False,False,False,False,False,False,True,False
558,False,True,False,1,False,False,True,False,False,False,False,False,False
559,False,False,False,0,False,False,False,False,False,False,True,True,False
560,False,False,False,0,False,False,False,False,False,False,True,True,False
561,False,False,False,0,False,False,False,False,False,False,True,True,False
562,False,False,False,0,True,False,False,False,False,False,False,True,False
563,False,False,False,0,False,False,False,False,False,False,True,True,False
564,False,False,False,0,False,False,False,False,False,False,True,True,False
565,False,False,False,0,False,False,False,False,False,False,True,True,False
566,False,False,False,0,False,False,False,False,False,False,True,True,False
567,False,False,False,4,False,False,False,False,False,False,True,True,False
568,False,False,False,0,False,False,False,False,False,False,True,True,False
569,False,False,False,0,False,False,False,False,False,False,True,True,False
570,False,False,False,0,True,False,False,False,False,False,False,True,False
571,False,True,False,0,False,False,False,False,False,True,False,False,False
572,False,True,False,0,False,False,True,False,False,False,False,False,False
573,False,False,False,0,False,False,False,False,False,False,True,True,False
574,False,False,False,0,False,False,False,False,False,False,True,True,False
575,False,False,False,0,False,False,False,False,False,False,True,True,False
576,False,False,False,0,True,False,False,False,False,False,False,True,False
577,False,True,False,0,False,False,True,False,False,False,False,False,False
578,False,False,False,0,False,False,False,False,False,False,True,True,False
579,False,False,False,0,False,False,False,False,False,False,True,True,False
580,False,False,False,1,True,False,False,False,False,False,False,True,False
581,False,True,False,1,False,False,False,False,False,True,False,False,False
582,False,False,False,0,True,False,False,False,False,False,False,True,False
583,False,True,False,0,False,False,False,False,False,False,False,False,True
584,False,False,False,0,False,False,False,False,False,False,True,True,False
585,False,True,False,2,False,False,True,False,False,False,False,False,False
586,False,False,False,0,True,False,False,False,False,False,False,True,False
587,False,True,False,1,False,False,False,False,True,False,False,False,False
588,False,False,False,0,False,False,False,False,False,False,True,True,False
589,False,False,False,0,False,False,False,False,False,False,True,True,False
590,False,False,False,0,False,False,False,False,False,False,True,True,False
591,False,True,False,0,False,False,False,True,False,False,False,False,False
592,False,False,False,0,False,False,False,False,False,False,True,True,False
593,False,False,False,2,False,False,False,False,False,False,True,True,False
594,False,False,False,0,True,False,False,False,False,False,False,True,False
595,False,False,False,1,False,False,False,False,False,False,True,True,False
596,False,False,False,0,True,False,False,False,False,False,False,True,False
597,False,False,False,0,False,False,False,False,False,False,True,True,False
598,False,False,False,0,False,False,False,False,False,False,True,True,False
599,False,True,False,0,False,False,False,False,False,False,False,False,True
600,False,False,False,1,True,False,False,False,False,False,False,True,False
601,False,False,False,0,False,False,False,False,False,False,True,True,False
602,False,True,False,0,False,False,False,False,False,False,False,True,False
603,False,False,False,0,False,False,False,False,False,False,True,True,False
604,False,True,False,0,False,False,False,False,False,False,False,True,False
605,False,False,False,0,False,False,False,False,False,False,True,True,False
606,False,False,False,0,False,False,False,False,False,False,True,True,False
607,False,True,False,0,False,False,False,False,False,False,False,True,False
608,False,False,False,2,True,False,False,False,False,False,False,True,False
609,False,True,False,0,False,False,False,False,False,True,False,False,False
610,False,False,False,5,False,False,False,False,False,False,True,True,False
611,False,False,False,0,False,False,False,False,False,False,True,True,False
612,False,False,False,0,False,False,False,False,False,False,True,True,False
613,False,False,False,0,False,False,False,False,False,False,True,True,False
614,False,False,False,0,False,False,False,False,False,False,True,True,False
615,False,False,False,2,True,False,False,False,False,False,False,True,False
616,False,False,False,1,False,False,False,False,False,False,True,True,False
617,False,False,False,0,False,False,False,False,False,False,True,True,False
618,True,False,False,1,True,False,False,False,False,False,False,False,False
619,False,False,False,0,True,False,False,False,False,False,False,True,False
620,False,False,False,0,False,False,False,False,False,False,True,True,False
621,False,True,False,0,False,False,False,True,False,False,False,False,False
622,False,False,False,1,False,False,False,False,False,False,True,True,False
623,False,False,False,0,False,False,False,False,False,False,True,True,False
624,False,False,False,0,False,False,False,False,False,False,True,True,False
625,False,True,False,0,False,False,False,True,False,False,False,False,False
626,False,False,False,0,True,False,False,False,False,False,False,True,False
627,False,True,False,0,False,False,False,True,False,False,False,False,False
628,False,False,False,0,False,False,False,False,False,False,True,True,False
629,False,False,False,0,False,False,False,False,False,False,True,True,False
630,False,True,False,0,False,False,False,False,False,False,False,False,True
631,False,False,False,0,False,False,False,False,False,False,True,True,False
632,False,True,False,0,False,False,False,False,True,False,False,False,False
633,False,True,False,0,False,False,False,False,False,False,False,True,False
634,False,False,False,2,False,False,False,False,False,False,True,True,False
635,False,False,False,0,True,False,False,False,False,False,False,True,False
636,False,False,False,0,False,False,False,False,False,False,True,True,False
637,False,False,False,1,True,False,False,False,False,False,False,True,False
638,False,False,False,5,False,False,False,False,False,False,True,True,False
639,False,False,False,0,False,False,False,False,False,False,True,True,False
640,False,False,False,0,False,False,False,False,False,False,True,True,False
641,False,True,False,0,False,False,False,False,True,False,False,False,False
642,False,False,False,2,False,False,False,False,False,False,True,True,False
643,False,False,False,0,False,False,False,False,False,False,True,True,False
644,False,False,False,1,False,False,False,False,False,False,True,True,False
645,False,True,False,0,False,False,False,True,False,False,False,False,False
646,False,False,False,0,False,False,False,False,False,False,True,True,False
647,False,True,False,0,False,False,False,False,False,False,False,False,True
648,False,False,False,0,False,False,False,False,False,False,True,True,False
649,False,False,False,0,False,False,False,False,False,False,True,True,False
650,False,False,False,0,False,False,False,False,False,False,True,True,False
651,False,False,False,1,True,False,False,False,False,False,False,True,False
652,False,False,False,0,False,False,False,False,False,False,True,True,False
653,False,False,False,0,False,False,False,False,False,False,True,True,False
654,False,False,False,0,False,False,False,False,False,False,True,True,False
655,False,False,False,0,True,False,False,False,False,False,False,True,False
656,False,False,False,0,False,False,False,False,False,False,True,True,False
657,False,False,False,1,False,False,False,False,False,False,True,True,False
658,False,False,False,0,True,False,False,False,False,False,False,True,False
659,False,True,False,2,False,False,False,True,False,False,False,False,False
660,False,True,False,0,False,False,False,False,False,False,False,True,False
661,False,False,False,0,False,False,False,False,False,False,True,True,False
662,False,True,False,0,False,False,True,False,False,False,False,False,False
663,False,False,False,0,False,False,False,False,False,False,True,True,False
664,False,False,False,0,False,False,False,False,False,False,True,True,False
665,False,False,False,0,True,False,False,False,False,False,False,True,False
666,False,False,False,0,True,False,False,False,False,False,False,True,False
667,False,False,False,0,False,False,False,False,False,False,True,True,False
668,False,False,False,0,False,False,False,False,False,False,True,True,False
669,False,True,False,0,False,False,False,False,False,True,False,False,False
670,False,False,False,1,True,False,False,False,False,False,False,True,False
671,False,True,False,0,False,False,False,False,True,False,False,False,False
672,False,False,False,0,True,False,False,False,False,False,False,True,False
673,False,False,False,0,True,False,False,False,False,False,False,True,False
674,False,False,False,0,True,False,False,False,False,False,False,True,False
675,False,False,False,0,False,False,False,False,False,False,True,True,False
676,False,False,False,0,False,False,False,False,False,False,True,True,False
677,False,False,False,0,False,False,False,False,False,False,True,True,False
678,False,False,False,6,False,False,False,False,False,False,True,True,False
679,False,True,False,1,False,False,False,False,True,False,False,False,False
680,False,False,False,0,False,False,False,False,False,False,True,True,False
681,False,True,False,0,False,False,False,True,False,False,False,False,False
682,False,False,False,0,False,False,False,False,False,False,True,True,False
683,False,False,False,2,False,False,False,False,False,False,True,True,False
684,False,False,False,1,True,False,False,False,False,False,False,True,False
685,False,False,False,2,True,False,False,False,False,False,False,True,False
686,False,False,False,1,False,False,False,False,False,False,True,True,False
687,False,False,False,0,False,False,False,False,False,False,True,True,False
688,False,False,False,0,False,False,False,False,False,False,True,True,False
689,False,True,False,1,False,False,False,False,True,False,False,False,False
690,False,True,False,0,False,False,False,False,True,False,False,False,False
691,False,False,False,1,False,False,False,False,False,False,True,True,False
692,False,False,False,0,False,False,False,False,False,False,True,True,False
693,False,False,False,0,False,False,False,False,False,False,True,True,False
694,False,True,False,0,False,False,False,False,False,False,False,True,False
695,False,False,False,0,True,False,False,False,False,False,False,True,False
696,False,False,False,0,False,False,False,False,False,False,True,True,False
697,False,False,False,0,False,False,False,False,False,False,True,True,False
698,False,True,False,1,False,False,False,False,False,True,False,False,False
699,True,False,False,0,False,False,False,False,False,False,True,False,False
700,False,True,False,0,False,False,False,False,False,True,False,False,False
701,False,True,False,0,False,False,True,False,False,False,False,False,False
702,False,False,False,1,False,False,False,False,False,False,True,True,False
703,False,False,False,0,False,False,False,False,False,False,True,True,False
704,False,False,False,0,False,False,False,False,False,False,True,True,False
705,False,False,False,0,True,False,False,False,False,False,False,True,False
706,False,False,False,0,True,False,False,False,False,False,False,True,False
707,False,True,False,0,False,False,True,False,False,False,False,False,False
708,False,True,False,0,False,False,False,False,False,False,False,True,False
709,False,False,False,1,False,False,False,False,False,False,True,True,False
710,False,True,False,0,False,False,False,False,False,True,False,False,False
711,False,True,False,0,False,False,False,False,False,True,False,False,False
712,False,True,False,0,False,False,False,False,False,True,False,False,False
713,False,False,False,0,False,False,False,False,False,False,True,True,False
714,False,False,False,0,True,False,False,False,False,False,False,True,False
715,True,False,False,0,False,False,False,False,False,False,True,False,False
716,False,True,False,0,False,False,False,False,False,True,False,False,False
717,False,False,False,0,True,False,True,False,False,False,False,False,False
718,False,False,False,0,False,False,False,False,False,False,True,True,False
719,False,False,False,0,False,False,False,False,False,False,True,True,False
720,False,False,False,1,True,False,False,False,False,False,False,True,False
721,False,False,False,0,False,False,False,False,False,False,True,True,False
722,False,False,False,0,True,False,False,False,False,False,False,True,False
723,False,False,False,0,True,False,False,False,False,False,False,True,False
724,False,True,False,0,False,False,True,False,False,False,False,False,False
725,False,False,False,0,False,False,False,False,False,False,True,True,False
726,False,False,False,0,True,False,False,False,False,False,False,True,False
727,False,False,False,0,False,False,False,False,False,False,True,True,False
728,False,False,False,0,True,False,False,False,False,False,False,True,False
729,False,False,False,0,False,False,False,False,False,False,True,True,False
730,False,True,False,0,False,False,False,False,True,False,False,False,False
731,False,False,False,0,False,False,False,False,False,False,True,True,False
732,False,False,False,0,True,False,False,False,False,False,False,True,False
733,False,False,False,0,True,False,False,False,False,False,False,True,False
734,False,False,False,0,True,False,False,False,False,False,False,True,False
735,False,False,False,0,False,False,False,False,False,False,True,True,False
736,False,False,False,3,False,False,False,False,False,False,True,True,False
737,False,True,False,0,False,False,False,False,True,False,False,False,False
738,False,False,False,0,False,False,False,False,False,False,True,True,False
739,False,False,False,0,False,False,False,False,False,False,True,True,False
740,False,True,False,0,False,False,False,True,False,False,False,False,False
741,False,True,False,0,False,False,False,False,False,True,False,False,False
742,False,True,False,2,False,False,False,False,True,False,False,False,False
743,False,False,False,0,False,False,False,False,False,False,True,True,False
744,False,False,False,0,False,False,False,False,False,False,True,True,False
745,False,True,False,1,False,False,False,False,True,False,False,False,False
746,False,False,False,1,False,False,False,False,False,False,True,True,False
747,False,False,False,0,True,False,False,False,False,False,False,True,False
748,False,True,False,0,False,False,False,True,False,False,False,False,False
749,False,False,False,0,False,False,False,False,False,False,True,True,False
750,False,False,False,1,True,False,False,False,False,False,False,True,False
751,False,False,False,1,False,False,True,False,False,False,True,False,False
752,False,False,False,0,False,False,False,False,False,False,True,True,False
753,False,False,False,0,False,False,False,False,False,False,True,True,False
754,False,False,False,2,True,False,False,False,False,False,False,True,False
755,False,False,False,1,True,False,False,False,False,False,False,True,False
756,False,False,False,0,False,False,False,False,False,False,True,True,False
757,False,False,False,0,True,False,False,False,False,False,False,True,False
758,False,False,False,0,False,False,False,False,False,False,True,True,False
759,False,True,False,0,False,False,False,False,True,False,False,False,False
760,False,False,False,0,False,False,False,False,False,False,True,True,False
761,False,False,False,0,False,False,False,False,False,False,True,True,False
762,False,False,False,0,False,False,False,False,False,False,True,True,False
763,False,True,False,2,False,False,False,False,True,False,False,False,False
764,False,False,False,0,False,False,False,False,False,False,True,True,False
765,False,True,False,0,False,False,False,True,False,False,False,False,False
766,False,True,False,0,False,False,False,False,False,False,False,True,False
767,False,False,False,0,False,False,False,False,False,False,True,True,False
768,False,False,False,0,False,False,False,False,False,False,True,True,False
769,False,False,False,0,False,False,False,False,False,False,True,True,False
770,False,False,False,0,False,False,False,False,False,False,True,True,False
771,False,False,False,0,False,False,False,False,False,False,True,True,False
772,False,False,False,0,True,False,True,False,False,False,False,False,False
773,False,False,False,0,False,False,False,False,False,False,True,True,False
774,False,False,False,3,True,False,False,False,False,False,False,True,False
775,False,False,False,0,False,False,False,False,False,False,True,True,False
776,True,False,False,0,False,False,False,False,False,False,True,False,False
777,False,False,False,0,False,False,False,False,False,False,True,True,False
778,False,False,False,0,False,False,False,False,False,False,True,True,False
779,False,True,False,1,False,False,False,False,True,False,False,False,False
780,False,False,False,0,False,False,False,False,False,False,True,True,False
781,False,True,False,0,False,False,False,False,True,False,False,False,False
782,False,True,False,0,False,False,False,True,False,False,False,False,False
783,False,False,False,2,False,False,False,False,False,False,True,True,False
784,False,False,False,0,False,False,False,False,False,False,True,True,False
785,False,False,False,0,False,False,False,False,False,False,True,True,False
786,False,False,False,0,False,False,False,False,False,False,True,True,False
787,False,False,False,1,False,False,False,False,False,False,True,True,False
788,False,False,False,2,False,False,False,False,False,False,True,True,False
789,False,True,False,0,False,False,False,False,True,False,False,False,False
790,False,False,False,0,False,False,False,False,False,False,True,True,False
791,False,False,False,0,True,False,False,False,False,False,False,True,False
792,False,False,False,2,False,False,False,False,False,False,True,True,False
793,False,True,False,0,False,False,False,False,False,False,False,True,False
794,False,False,False,0,False,False,False,False,False,False,True,True,False
795,False,False,False,0,True,False,False,False,False,False,False,True,False
796,False,True,False,0,False,False,False,True,False,False,False,False,False
797,False,False,False,0,False,False,False,False,False,False,True,True,False
798,False,False,False,0,False,False,False,False,False,False,True,True,False
799,False,False,False,1,False,False,False,False,False,False,True,True,False
800,False,False,False,0,True,False,False,False,False,False,False,True,False
801,False,False,False,1,True,False,False,False,False,False,False,True,False
802,False,True,False,2,False,False,False,False,True,False,False,False,False
803,False,False,False,1,False,False,False,False,False,False,True,True,False
804,False,False,False,0,False,False,False,False,False,False,True,True,False
805,False,False,False,0,False,False,False,False,False,False,True,True,False
806,False,True,False,0,False,False,False,False,False,False,False,False,True
807,False,False,False,0,False,False,False,False,False,False,True,True,False
808,False,False,False,0,True,False,False,False,False,False,False,True,False
809,False,True,False,0,False,False,True,False,False,False,False,False,False
810,False,False,False,0,False,False,False,False,False,False,True,True,False
811,False,False,False,0,False,False,False,False,False,False,True,True,False
812,False,False,False,0,True,False,False,False,False,False,False,True,False
813,False,False,False,2,False,False,False,False,False,False,True,True,False
814,False,False,False,0,False,False,False,False,False,False,True,True,False
815,False,True,False,0,False,False,False,False,True,False,False,False,False
816,False,False,False,0,False,False,False,False,False,False,True,True,False
817,False,False,False,1,True,False,False,False,False,False,False,True,False
818,False,False,False,0,False,False,False,False,False,False,True,True,False
819,False,False,False,2,False,False,False,False,False,False,True,True,False
820,False,True,False,1,False,False,False,False,True,False,False,False,False
821,False,False,False,0,False,False,False,False,False,False,True,True,False
822,False,True,False,0,False,False,False,False,False,False,False,True,False
823,False,False,False,1,False,False,True,False,False,False,True,False,False
824,False,False,False,1,False,False,False,False,False,False,True,True,False
825,False,False,False,0,False,False,False,False,False,False,True,True,False
826,False,False,False,0,False,False,False,False,False,False,True,True,False
827,False,False,False,2,True,False,False,False,False,False,False,True,False
828,False,False,False,0,False,False,False,False,False,False,True,True,False
830,False,False,False,0,False,False,False,False,False,False,True,True,False
831,False,False,False,1,True,False,False,False,False,False,False,True,False
832,False,False,False,0,False,False,False,False,False,False,True,True,False
833,False,False,False,0,False,False,False,False,False,False,True,True,False
834,False,False,False,0,False,False,False,False,False,False,True,True,False
835,False,True,False,1,False,False,True,False,False,False,False,False,False
836,False,False,False,0,False,False,False,False,False,False,True,True,False
837,False,False,False,0,False,False,False,False,False,False,True,True,False
838,False,False,False,0,False,False,False,False,False,False,True,True,False
839,False,True,False,0,False,False,False,False,False,True,False,False,False
840,False,False,False,0,False,False,False,False,False,False,True,True,False
841,False,False,False,0,True,False,False,False,False,False,False,True,False
842,False,True,False,0,False,False,False,False,False,False,False,True,False
843,False,False,False,0,False,False,False,False,False,False,True,True,False
844,False,False,False,0,False,False,False,False,False,False,True,True,False
845,False,False,False,0,False,False,False,False,False,False,True,True,False
846,False,False,False,2,False,False,False,False,False,False,True,True,False
847,False,False,False,0,False,False,False,False,False,False,True,True,False
848,False,False,False,1,True,False,False,False,False,False,False,True,False
849,False,True,False,0,False,False,False,False,False,True,False,False,False
850,False,False,False,2,False,False,False,False,False,False,True,True,False
851,False,False,False,0,False,False,False,False,False,False,True,True,False
852,False,False,False,1,False,False,False,False,False,False,True,True,False
853,False,True,False,1,False,False,False,True,False,False,False,False,False
854,False,False,False,0,True,False,False,False,False,False,False,True,False
855,False,False,False,1,False,False,False,False,False,False,True,True,False
856,False,True,False,1,False,False,False,False,False,False,False,True,False
857,False,True,False,0,False,False,True,False,False,False,False,False,False
858,False,False,False,3,False,False,False,False,False,False,True,True,False
859,False,False,False,0,False,False,False,False,False,False,True,True,False
860,False,False,False,0,False,False,False,False,False,False,True,True,False
861,False,False,False,0,True,False,False,False,False,False,False,True,False
862,False,True,False,0,False,False,False,True,False,False,False,False,False
863,False,False,False,2,False,False,False,False,False,False,True,True,False
864,False,False,False,0,True,False,False,False,False,False,False,True,False
865,False,False,False,0,True,False,False,False,False,False,False,True,False
866,False,False,False,0,True,False,False,False,False,False,False,True,False
867,False,True,False,0,False,False,False,False,False,False,False,False,True
868,False,False,False,0,False,False,False,False,False,False,True,True,False
869,False,False,False,1,False,False,False,False,False,False,True,True,False
870,False,False,False,0,False,False,False,False,False,False,True,True,False
871,False,True,False,1,False,False,False,True,False,False,False,False,False
872,False,True,False,0,False,False,False,False,True,False,False,False,False
873,False,False,False,0,False,False,False,False,False,False,True,True,False
874,False,False,False,0,True,False,False,False,False,False,False,True,False
875,False,False,False,0,False,False,False,False,False,False,True,True,False
876,False,False,False,0,False,False,False,False,False,False,True,True,False
877,False,False,False,0,False,False,False,False,False,False,True,True,False
878,False,False,False,0,False,False,False,False,False,False,True,True,False
879,False,True,False,1,False,False,False,False,False,True,False,False,False
880,False,False,False,1,True,False,False,False,False,False,False,True,False
881,False,False,False,0,False,False,False,False,False,False,True,True,False
882,False,False,False,0,False,False,False,False,False,False,True,True,False
883,False,False,False,0,True,False,False,False,False,False,False,True,False
884,False,False,False,0,False,False,False,False,False,False,True,True,False
885,False,False,False,5,False,False,False,False,False,False,True,True,False
886,False,False,False,0,True,False,False,False,False,False,False,True,False
887,False,True,False,0,False,False,False,False,True,False,False,False,False
888,False,False,False,2,False,False,False,False,False,False,True,True,False
889,False,True,False,0,False,False,False,False,False,True,False,False,False
890,False,False,False,0,False,False,False,False,False,False,True,True,False
