aggregator_energy,api-gateway_energy,authority_energy,clientone_energy,clientthree_energy,clienttwo_energy,orchestrator_energy,policy_energy,policy-enforcer_energy,rabbitmq_energy,server_energy,sidecar_energy,system_processes_energy,kernel_processes_energy
4282.697144349773,2482.1782443847283,4153.674919696787,4143.367956168943,3708.8351699895547,3558.6288484766965,1437.1374793674204,3316.3821486450224,1634.1151521682127,8822.043223976214,3907.719590768778,49457.05125899025,390141.69577096874,136653.45155829747
4293.948775571492,2467.3954556372173,4168.784136212624,4158.374777774146,3719.851108752602,3574.2078876266205,1442.0427111040724,3323.5478314824895,1639.84644406414,8852.361595760829,3919.705111115384,49402.67795977523,391182.2826643035,137347.49915104444
4306.220818397193,2456.89986333991,4180.23607963276,4171.7155210154,3729.597074056742,3582.849125605897,1446.7887669466065,3330.6395815190326,1643.7395907108596,8875.954183088881,3930.138545771312,49226.787779600214,392477.1308864555,138061.66689728978
4315.219155501266,2448.6928051848568,4194.069357913303,4183.414531062587,3740.1390675419007,3593.9822909196932,1453.8721314648562,3338.5963205393577,1649.5013859805424,8898.666395727536,3944.8740917440873,49166.3591476018,393526.8741392505,138748.35674508614
4330.639923811236,2438.477879495324,4213.447782073336,4199.625833118907,3753.355916147677,3602.9350435434553,1459.779199919834,3346.160764560585,1654.786879031749,8928.911118077673,3959.7412489898184,49143.561914111444,394715.5785140044,139514.2028941485
4341.111542589518,2430.3331048687355,4227.975862390078,4211.284173157692,3765.5205882106334,3617.6421307952232,1467.0537370592442,3356.329425253955,1660.3145079928352,8960.752556563453,3974.195843241414,49178.58004076334,395708.66892396036,140206.36487800968
4354.85945290485,2420.2591513708467,4244.38240584832,4222.849874892295,3776.5733593130144,3626.4602350808736,1472.8942161586947,3364.077532404858,1665.4003540002582,8989.199945375263,3986.81789579819,49070.05048052801,396673.88807851454,140940.5408707583
4360.96716654415,2411.718108874079,4257.799017273658,4233.118076850251,3787.5487562670974,3640.587894332873,1480.0239040077572,3373.9075285893423,1671.0089350642536,9008.642533089189,4001.7979459720264,49044.20106714961,397833.1219627048,141623.52648014078
4370.407301257976,2401.2875860803733,4270.788860277187,4245.306972723833,3796.3393007763007,3649.2725406170684,1485.7061242783936,3381.409043841066,1676.5458664040805,9040.007683737183,4011.1687801401586,48933.22136269089,399334.18036103743,142333.2938152166
4378.133226314537,2393.4039163642847,4286.107574266629,4255.3777921836745,3807.148608418269,3662.3810908706005,1493.2777105091627,3391.5950704766906,1683.2481870501697,9070.466287390678,4028.190047393464,48938.14408389577,400627.5559640286,143025.2269104559
4388.971483786425,2382.815239672649,4301.031288233666,4269.6626911444555,3815.5771403945073,3671.454494265397,1498.9243012510308,3399.225099028806,1688.6338161525387,9098.54254318804,4039.800670136551,48828.437633365815,401727.05713676685,143757.28561795523
4397.205661765309,2374.181095014681,4317.072042079819,4280.296832656865,3829.3720438734035,3687.5114256581733,1507.5463653686777,3409.238463430848,1695.8324236915025,9118.682750044805,4058.2713770147006,48788.52584793787,402774.01248115057,144466.23229370455
4415.561531497013,2363.7548102700002,4336.83383789902,4299.088264618308,3844.378336946113,3697.5187582438994,1513.234465870045,3416.8939079063125,1701.002501378617,9148.35347752166,4072.7129940358377,48725.778178228546,403948.1482759628,145243.80257462
4424.908675388417,2355.8227082087074,4350.765552440362,4310.256855981944,3858.184518130769,3713.5344270184564,1521.456610167865,3425.629915542601,1708.078977382036,9176.608222037084,4089.2237687495517,48694.16972210863,405086.9102935962,145951.7594031803
4441.571352984863,2345.249819309049,4369.522520487598,4326.840259851343,3875.1775618696506,3721.6492924576996,1527.095937009091,3435.0747638515077,1713.1610177870423,9202.587820288689,4101.688845032826,48618.78427066633,405920.2971573989,146716.18082987782
4449.250327892308,2336.538904443357,4385.408935388874,4338.146294480096,3887.20923243842,3736.9862156678105,1535.666085924215,3448.4996087265135,1720.637699860592,9220.994928094116,4120.49145090386,48599.1805189967,406942.63123668416,147429.0838711693
4466.9698916923835,2325.9232285778658,4407.61642720034,4356.965083100451,3903.460741495485,3746.761968822717,1541.5423139732277,3457.1608869625015,1726.2300720591559,9252.791707646023,4136.045195155581,48538.60103780179,407990.67553919595,148209.9633525032
4477.635908660709,2317.724041246342,4422.384254123416,4369.58966435934,3915.5504512611988,3763.0235943340185,1549.6481641798644,3466.232384210347,1733.042519755166,9277.96917113148,4152.715812107541,48516.59907342437,409126.7069459721,148920.27251574918
4493.686420704524,2307.3455414497735,4441.737173767162,4388.95084869407,3931.750007735519,3771.887324229768,1555.5559593877827,3474.5345753973834,1738.1620598049772,9304.510291448352,4167.874775753393,48447.934655472534,410026.2870132341,149698.56635556807
4503.124513464705,2298.6779643243694,4454.524236630769,4401.737696507581,3944.149559437102,3788.7169073342175,1562.8762250025209,3486.048360113894,1744.2116722303163,9319.494606976126,4183.487259527504,48423.59162125987,411064.68262221635,150408.21704178644
4520.726318168293,2288.7736611409505,4473.412223144513,4421.668970449953,3958.3096777784085,3799.5899978095563,1569.5858171193277,3494.3548522824885,1750.3117161564314,9350.925923029577,4200.636630252262,48360.50670693335,412209.2616877559,151197.64147563488
4531.646592731965,2279.820406352564,4488.477993118656,4435.74189942636,3969.230237121848,3816.68369741665,1576.132148714846,3504.1571776685537,1756.122521379444,9372.448641637873,4216.040029529613,48335.92514669438,413302.17051567946,151902.43609083668
4546.7372373377975,2269.9380842394567,4504.263679848089,4452.559509993202,3983.9232732544797,3828.424121953942,1581.5863140980696,3511.15984837267,1759.572314352204,9400.685748259053,4231.998220894027,48260.89813872338,414127.95362908416,152664.85439872803
4558.122032812911,2260.8289169320665,4516.969466810759,4465.212136878947,3995.497721478642,3847.0623879604796,1588.0143567034238,3523.3942693803174,1765.307162138371,9413.413279069606,4246.6936495910095,48236.77497621278,415131.04481595446,153371.6647405138
4577.524285028677,2251.1019772043264,4535.53360387308,4483.547516630579,4012.5485800132456,3858.512956332452,1594.010019671889,3531.9082326228954,1769.5535692148756,9444.254585369614,4264.758287633513,48176.36270871452,416152.6754836015,154178.63679611663
4589.0767290332005,2243.2423720470692,4549.780643282848,4496.351212142846,4023.435819613631,3877.319481579099,1599.4229410386042,3542.418732627575,1776.0259089610295,9467.772631784188,4276.871642490364,48153.387867913756,417010.48955479177,154892.46974086136
4606.116786237342,2233.02361437427,4567.843635693071,4512.651250369797,4040.8006815094286,3887.398561870104,1604.727138783045,3549.974602991658,1779.5834722007985,9493.38895602344,4292.0617526423475,48078.363271684575,417833.8060744214,155681.8648612059
4618.683193077908,2223.8827010540826,4582.490318805842,4527.39035789806,4050.9751378033,3904.474922322997,1610.0992555749297,3559.369062069088,1785.2185103911097,9504.645412206868,4306.9474621460595,48058.638553537065,418771.42493769247,156396.10147358448
4638.4661771046,2214.9130444905227,4599.319386039223,4548.231732270629,4070.193672177248,3914.5086460018956,1615.8928266826042,3567.2093863168798,1790.2998487666162,9537.885323704182,4323.628471662492,47995.4014543968,419858.13869389874,157201.94312746657
4651.965157873831,2205.8713808201064,4613.834136171528,4563.161549673979,4081.0958727300645,3931.404902413108,1621.616709790593,3577.647127807413,1795.6830255167422,9565.197330864172,4339.591849477658,47979.10423436064,420894.0618862182,157917.96474216928
4669.479244672946,2197.2383343486467,4631.640735793734,4584.26079982298,4099.902758159895,3939.17027171714,1627.501497647011,3583.9639169120605,1799.735935641187,9593.941622187307,4354.826897952417,47910.958889489426,421611.5406842209,158696.14040488968
4682.882845173065,2187.502692233524,4647.206434882803,4600.577967455027,4108.386627509931,3953.729788171895,1632.836379210431,3594.758778170589,1804.9053654229338,9611.541803051086,4371.615885624071,47895.16670096644,422589.228802811,159399.54425598163
4701.452912636267,2179.6168000539437,4669.71327281154,4625.932400421956,4127.841278367155,3960.902427525268,1639.5911173125564,3600.8047803304676,1809.4999657192948,9642.715745451596,4389.757133313168,47843.28876814114,423598.7008832328,160202.21436998298
4714.158977907759,2169.9293785695227,4683.425833251102,4642.500078545378,4138.984356201041,3975.204889821325,1644.906290037788,3613.0098698364995,1815.0087872609956,9668.847109959128,4407.775864131282,47824.86883210641,424733.0012148824,160906.9619276141
4730.245350585736,2161.4583130368233,4702.878360521566,4666.142997207608,4155.978800688237,3983.6604194481642,1651.406735471062,3619.185075922024,1818.8795551248868,9697.350521911017,4423.365982094549,47756.85309912047,425570.8500500409,161682.68120977088
4743.137713223099,2151.496254301459,4716.154430290034,4682.850076338688,4167.458106369058,3999.128840368616,1656.4575816382671,3628.089174051151,1824.3454475878473,9715.924360276693,4441.02804732973,47744.77462391097,426508.7434352768,162392.72226008706
4760.543766421658,2143.1518344331275,4739.872850515319,4706.32606773415,4184.160537550596,4007.8523492848813,1663.042117326676,3634.5552479034923,1828.29592091279,9746.600600160038,4459.168688789737,47689.60439622534,427444.2800812089,163192.82729758648
4775.2317905886675,2134.5085667360167,4752.015157528,4722.791574893441,4195.972539944014,4022.9003891810153,1668.5591075118207,3645.246723531553,1834.2328637531264,9775.40417491386,4474.453861116502,47668.74687122433,428450.8165900779,163907.91825125396
4792.769270435412,2125.599102706682,4769.763379445676,4744.635270176935,4212.715940289859,4033.7479149077517,1675.0892305335035,3645.3524644081053,1837.77682853934,9802.109739747557,4489.476155559354,47597.928412229056,429219.5593562473,164688.4432287589
4806.482095932166,2116.434401705745,4784.102502736548,4760.7984259143195,4225.256036793567,4052.0494501797853,1680.0113961017375,3658.415965294051,1843.6917130373993,9822.263162501433,4506.068817407384,47586.976692301454,430282.72161028796,165396.17138748986
4830.288693380431,2108.6571584136314,4804.760961499405,4783.867511236773,4240.9109825067,4063.1276183250197,1687.3947289496414,3670.8084782583364,1847.9653920354529,9853.635706474488,4522.161798111764,47538.78618217387,431273.8093368929,166205.47028126853
4844.607046887218,2099.905215583435,4818.897301160039,4798.665920735076,4253.83520015147,4084.250950959903,1692.8481322954935,3683.428824866335,1853.5105882192681,9882.53185775304,4540.176537266413,47527.18886220561,432437.9863364405,166926.2728561442
4865.77650015962,2092.341143025913,4839.020342628923,4821.253686473942,4271.206487932748,4095.2221029849206,1698.4856548403436,3695.012003890586,1855.888844531813,9914.878213793923,4554.908789679891,47472.275528215854,433380.4025603768,167712.24299083053
4876.179754186769,2082.792665231825,4852.84002430313,4836.294091534776,4284.750405341266,4117.717242375839,1701.4192744620627,3707.4428066511914,1857.0905527727782,9938.424344562818,4572.098952290551,47467.615613237365,434438.1531934612,168441.3083858247
4899.543825484842,2074.4901127417797,4872.358358672397,4858.709129083107,4301.671579653692,4128.961650345882,1706.570223144117,3715.908315593767,1859.4259085498638,9968.546940732027,4587.352220961539,47409.02141187062,435493.834851285,169232.40965139717
4912.042928426019,2065.307608517211,4885.653572976068,4873.242949739574,4313.5391464549775,4150.223181399053,1709.7917149212249,3724.1518623753923,1860.4679527040719,9998.917965569683,4601.57078450057,47388.53721264101,436477.0350615951,169955.5059909154
4929.743965028924,2056.260957995123,4905.115222528948,4893.2367449174335,4330.196619468627,4159.28379166443,1714.754699094302,3728.9602073088718,1862.8269073349084,10023.852786754329,4614.3653087044895,47305.29113956488,437250.60885171854,170732.22056806128
4941.926826265727,2047.6752176464026,4917.101321169687,4908.164056041219,4341.739751572716,4175.787726658897,1718.9664935095382,3738.385074635063,1865.061204019675,10044.123975164266,4627.483199066247,47278.05582432771,438201.876158337,171435.8649267505
4962.712803588914,2039.393890629067,4941.385965148211,4932.474415981593,4359.638072455643,4184.105069666279,1724.3608236368293,3743.4712729650105,1868.3472577498794,10073.230526041498,4640.999754529525,47217.655388123414,439253.1525654553,172237.91145340912
4975.439875987104,2030.7849849545037,4955.253050519229,4948.195406950933,4372.739978020992,4200.357425766817,1728.014108567262,3756.006557236826,1869.4127462722527,10103.660899757213,4657.173962401468,47198.41244226894,440179.01233580604,172944.1061770877
4991.801069802997,2024.3144643319238,4975.738664809115,4970.556360737803,4391.8137071635665,4208.545647937585,1733.1325913324854,3766.070128863658,1871.7891674653567,10129.29904971838,4668.043519503027,47130.64397732834,440878.6432179144,173707.79744877637
5005.076569881011,2015.418544318724,4987.53398865839,4984.410598922694,4404.217596113091,4222.33052243085,1736.5496877261403,3778.71547639259,1872.8629024755655,10148.022212090293,4684.878023978791,47122.84421083865,441840.9390134719,174413.43208727805
5022.810046454902,2011.3444985972553,5008.109584587909,5006.6170232460645,4423.9307510161225,4230.234284507336,1742.9060151644794,3789.781972571438,1876.4647287069633,10182.173138810143,4697.411987884178,47075.16497141252,442882.7206026136,175190.20748845136
5033.876352789744,2001.5042648908473,5023.307641703658,5019.249312826928,4437.276604749095,4246.896976858347,1745.2220569059673,3799.9541850107835,1876.8906402589894,10208.003157468298,4715.683569121014,47067.140929471,443827.197737978,175902.09688597862
5047.330598243862,1995.970858236593,5040.566762098499,5037.8137982383705,4452.71011008959,4252.374964413766,1750.272698006203,3808.5581983001157,1879.8297557352162,10231.571030684732,4724.555510817997,46982.008345498914,444532.928693317,176655.66187682867
5059.979457023603,1986.0264151066435,5051.700215031922,5051.196546584903,4463.990520630886,4268.357302142185,1752.7126453408803,3818.3609039489857,1880.3319621828782,10249.943735264858,4740.696558990934,46970.01806731911,445352.1182861831,177361.35381353763
5075.18294562415,1979.5431304485764,5072.594211190945,5071.225727255561,4478.1615870443775,4276.717852667277,1757.809522106787,3827.1134396045654,1883.8059786966594,10276.376754054043,4755.422978307155,46909.53641981384,446290.13884570176,178145.18113474207
5087.6763877904405,1970.6892823609721,5086.668083889937,5084.563059038263,4488.701675827856,4292.684900080833,1761.511739391958,3835.2262859452835,1884.9170573909923,10307.694981661485,4772.8080694383725,46903.046439197205,447277.6475445056,178849.65302030303
5100.891582425503,1964.9529891548334,5104.81607945443,5103.487157817369,4502.228886326917,4300.495297252832,1765.8529706298505,3844.768952963463,1888.2694341790138,10331.06328249676,4786.151409480036,46826.562895627016,447984.97619374987,179618.81408201618
5111.349041907198,1954.6752332320636,5117.972693756217,5116.532223486155,4511.9805142754,4317.655215462363,1769.2021110452688,3852.631979553152,1889.0623353679966,10348.698250305466,4805.539660799334,46813.29185475289,448874.36290860776,180330.68511396414
5125.951468930876,1949.4725668998178,5138.599245413651,5137.64963821166,4525.77354775942,4327.940834629742,1773.719311810154,3860.91909043682,1892.9962095695557,10376.166428359493,4820.099675526697,46756.15739202523,449935.78730593534,181110.08578819034
5139.727926876045,1940.361987197662,5152.310280762906,5149.135430864086,4535.323095356734,4346.7391276606695,1776.7778161077317,3867.384790393001,1893.9396249924669,10404.876529081434,4838.462086505294,46749.855274760455,450940.96725713415,181817.801447978
5152.337732731906,1935.2296304592844,5168.300512336305,5166.946185217169,4548.167664019835,4357.37193828279,1780.9203818780475,3876.6888088351725,1897.4648221101484,10429.796983308668,4848.4622680369475,46665.02630678169,451661.6386817089,182572.81036585197
5166.513032344059,1926.1573014060996,5183.288253302691,5177.947271762199,4558.589417870341,4375.554494068982,1784.3240411479612,3882.4205492585625,1897.3526780020682,10453.15614157909,4867.193283788638,46662.33178161354,452477.34923490125,183286.5900329116
5180.600419729588,1921.581890788374,5201.000447455266,5195.828695489673,4573.515153792197,4387.5637218831425,1788.0836125050782,3886.48392441936,1900.9890597184944,10481.12044338386,4881.415642165259,46593.93837938673,453401.15329761495,184077.35589537918
5194.109191976947,1912.1706622710258,5215.613132674987,5207.400793756111,4583.493086346933,4407.175152001825,1790.675654856932,3890.1230594592016,1900.2479395556559,10505.162277033598,4897.100609357521,46578.971453010636,454467.6955466776,184794.57436010428
5207.026181241578,1906.8167606929396,5229.728951390193,5222.019372545662,4597.731824517245,4414.087404348549,1793.7105057117521,3894.0134126070443,1903.5179604387042,10525.734409318442,4905.680347565561,46474.91153798042,455163.52573789505,185676.71697719788
5219.7769395881605,1897.5962102762078,5242.098661314693,5232.859220714242,4609.102728152648,4430.703715986792,1797.8320594732916,3908.044541401809,1903.8606728100037,10552.725128677224,4922.742129013127,46456.315813305366,455839.17599213996,185969.68743318683
5237.028074477471,1893.3360569136694,5261.310320174112,5250.700044522347,4625.982303463214,4441.623783291545,1801.1151731255536,3908.6551908509796,1907.7348902518356,10562.718733031672,4938.076839801869,46393.26754724728,456158.9234288456,186267.64116757765
5249.36175737816,1885.5775159400212,5273.53067573496,5263.817992665952,4638.145406327399,4458.655866823914,1805.0095992656588,3908.473805604886,1908.2852330854369,10576.369230769229,4957.728133051051,46382.357340173105,456211.6305432473,186380.25010989007
5269.21645709819,1882.3795801208148,5296.963151071945,5282.555920115535,4656.3591078220525,4469.44156462189,1808.102785531825,3915.533679736108,1911.8689239571327,10576.720904977374,4970.863962828355,46320.41383224749,456001.6217646425,186559.9512087912
5275.891945701358,1879.0288791674207,5300.510769230768,5287.068959276018,4664.775066997285,4480.521809954751,1807.8740271493207,3913.7332452714395,1908.5158371040723,10572.143167420816,4979.642352941176,46338.86203197175,455495.2516406143,186621.7767032967
5373.34967032967,1558.665714285714,5437.212087912088,5407.40043956044,4778.919120879121,4576.858241758242,1771.4472527472528,3869.070109890109,1954.3428571428565,10749.615824175824,5090.02967032967,42761.61226829721,452834.5134912191,186791.79824175822
5373.3336263736255,1559.77956043956,5438.756263736263,5407.551428571428,4782.745714285715,4582.728791208791,1768.221538461538,3870.4819780219773,1947.5408791208788,10760.014505494506,5095.118241758241,42780.33340659341,452599.38461538457,186825.51076923075
5376.167912087912,1560.9474725274722,5445.7432967032955,5409.651208791207,4790.956263736263,4582.001758241759,1766.9364835164833,3869.9720879120873,1944.6905494505493,10753.515164835164,5102.719120879119,42817.037362637355,451982.1883516483,186886.09274725273
5376.745054945054,1562.0226373626372,5444.578021978022,5413.312967032965,4795.897142857143,4588.762197802198,1764.1843956043954,3872.845494505494,1938.421098901099,10748.566373626372,5108.81956043956,42847.62747252746,451626.42945054936,186920.80175824175
5383.814505494504,1561.5604395604391,5453.439340659342,5422.476263736264,4803.606373626373,4589.114945054945,1761.9716483516481,3869.204636288747,1935.5487912087915,10743.806153846153,5118.438021978022,42896.38483516483,451336.2935082031,187008.00483516481
5382.993406593406,1560.6272527472522,5453.376263736264,5423.569450549451,4806.974945054943,4593.667692307692,1758.7892307692307,3866.5554517890355,1928.9782417582417,10753.267252747251,5122.67098901099,42920.01296703296,451240.0595937294,187040.1679120879
5384.891868131867,1561.073626373626,5459.897582417581,5428.884175824176,4812.503736263736,4591.887032967033,1756.0290109890107,3862.3243150429366,1925.185714285714,10744.492747252747,5127.968131868131,42950.411428571424,450808.5585986203,187085.55428571426
5386.001758241758,1562.23978021978,5455.9670329670325,5432.046153846154,4815.537802197802,4593.50967032967,1753.3358241758237,3860.6746980672874,1918.9358241758237,10739.49956043956,5131.593186813187,42967.537142857145,450559.5254118071,187109.79956043954
5392.9265934065925,1562.9353846153842,5465.196263736264,5437.027032967033,4822.349450549451,4591.111428571428,1750.9652747252744,3866.0750598194218,1915.8690109890106,10737.409670329667,5135.787032967032,43006.99494505494,450530.64813186816,187187.18901098898
5392.080879120878,1568.998681318681,5460.480659340659,5435.200439560439,4817.734065934065,4593.065714285714,1749.9613186813185,3867.3001596362715,1912.7452747252748,10740.403736263734,5132.656263736264,43001.02395604395,451178.5582417582,187178.26593406592
5378.13956043956,1584.8885714285718,5439.2749450549445,5414.883516483516,4804.847912087911,4588.718461538461,1748.6604395604395,3868.5220730899428,1911.2606593406595,10732.10835164835,5122.075164835164,42921.91582417582,452342.65010989003,186944.80967032965
5373.812307692308,1612.525714285714,5431.740659340659,5409.2246153846145,4799.194945054944,4572.216263736264,1749.3804395604395,3869.24663823908,1914.1786813186814,10713.90967032967,5115.567252747252,43075.32295080769,452821.9373626373,186882.0092307692
5370.993626373625,1635.9355421521973,5420.622637362637,5404.223296703296,4791.382637362637,4569.496923076923,1745.0309890109882,3864.2452795989666,1909.9142857142856,10703.854725274725,5109.701538461538,43816.781875426925,452815.0501068562,186784.00439560437
5373.222857142856,1665.527032967033,5417.8,5402.073626373626,4787.33956043956,4565.251428571429,1744.6360439560433,3861.8211962925675,1912.113846153846,10702.77934065934,5101.569450549451,44301.751156728846,452664.1347450864,186756.11692307694
5372.156263736263,1689.3028996598898,5412.674945054944,5397.0817582417585,4783.525054945053,4563.68021978022,1740.186813186813,3862.6124482467108,1907.0389010989009,10691.528131868132,5099.012087912088,44610.473140742855,452175.9986813186,186680.66329670328
5372.46901098901,1718.929061347985,5406.640219780218,5394.962637362638,4780.305714285713,4560.043296703297,1739.3356043956042,3862.260513681277,1908.2147252747257,10675.11978021978,5089.327472527472,44925.688947325456,451914.61318681313,186644.96659340657
5368.265714285713,1741.394256490476,5397.804835164834,5385.975164835165,4774.678021978021,4558.7593406593405,1732.6270329670326,3861.3572196995715,1902.7351648351653,10661.218681318682,5084.110769230769,45218.07837665668,451723.16351648356,186542.66637362636
5368.268131868131,1771.031545531868,5391.478901098902,5382.471428571427,4768.984395604396,4552.482857142857,1731.9562637362635,3853.9478744928406,1904.2934065934064,10661.107252747253,5073.594945054944,45526.84957373182,451820.5795604395,186492.48835164835
5356.2490109890105,1794.4752753146515,5374.777142857142,5370.333406593405,4759.9837362637345,4550.412307692308,1726.2863736263737,3861.551747412087,1900.2654945054942,10651.224395604397,5064.52923076923,45800.744057839875,451648.70549450547,186334.48747252746
5355.951428571427,1823.3175353428574,5369.4525274725265,5367.49912087912,4752.536923076922,4541.680879120878,1725.6090109890113,3863.2354445053174,1902.2283516483512,10636.780659340659,5054.6991208791205,46108.9384985856,451676.37999999995,186284.01626373624
5346.870549450549,1846.319988973993,5351.460879120879,5357.71978021978,4742.54989010989,4539.841538461538,1719.3747252747255,3858.858380505466,1897.8461538461538,10629.051208791207,5045.694285714285,46385.6317712445,451869.55868131865,186138.5213186813
5346.382857142858,1875.616467796703,5345.488571428571,5355.7079120879125,4734.296043956044,4532.346373626374,1718.9479120879118,3858.280331879093,1899.6254945054945,10630.974065934064,5034.977802197801,46690.076494362766,452020.5138461538,186079.14813186813
5335.958021978021,1899.4160879765566,5327.26791208791,5342.299560439561,4725.8107692307685,4529.179999999999,1712.7116483516481,3852.3687102625727,1895.1887912087914,10621.795384615385,5024.91956043956,46957.73957932053,451978.87722961244,185918.17538461534
5333.438681318681,1927.7546482249084,5323.338021978021,5337.877142857143,4717.264615384615,4519.235604395603,1712.781758241758,3850.034258386861,1896.2112087912083,10608.934945054943,5015.5345054945055,47252.45155150688,451823.8048150631,185858.9982417582
5324.166813186813,1951.0519821505493,5311.740439560439,5327.9265934065925,4708.656263736264,4516.671868131866,1706.211428571428,3854.0499093922676,1891.4668131868125,10601.73912087912,5008.318681318681,47544.386207835814,452088.5338461538,185721.44879120876
5322.654945054945,1980.2369357512819,5309.352747252747,5321.365274725274,4700.525054945055,4503.244395604394,1706.4107692307691,3852.606964533556,1892.4421978021976,10608.062197802197,4998.359780219779,47831.90021754401,452141.67098901095,185662.67736263733
5309.00879120879,2003.8979292593406,5295.5881318681295,5308.078461538462,4694.412967032967,4499.24923076923,1698.833846153846,3850.835039318172,1887.2861538461536,10600.876483516486,4987.453626373625,48106.76284349581,452102.29472527467,185501.09362637362
5305.799560439559,2032.8757128791208,5289.24769230769,5302.419560439562,4686.868351648352,4486.143956043955,1698.9428571428573,3850.060366851749,1888.3870329670328,10592.522197802198,4979.671868131868,48393.18033898321,452101.3041758241,185442.95604395604
5295.984395604396,2056.011681361172,5277.323516483515,5291.844175824176,4679.552527472527,4480.397142857142,1692.5404395604394,3851.3161481923066,1886.2026373626375,10587.404615384614,4970.612747252747,48672.366628047064,452464.09648351645,185300.34373626372
5294.695824175824,2085.3048404631863,5274.043076923076,5287.940219780219,4672.215824175824,4465.667252747252,1692.4885714285715,3848.7158240164836,1886.523956043956,10592.32835164835,4961.7147252747245,48964.0692303183,452673.4661538461,185235.4742857143
5280.0413186813175,2107.8662062007324,5258.4742857142855,5275.800879120879,4662.907912087912,4461.607912087912,1684.8973626373627,3849.5782386565384,1882.5923076923077,10582.20703296703,4950.151428571428,49227.642284832524,452666.5331868132,185050.62241758243
5278.7520879120875,2135.8002902448716,5253.430329670329,5272.131208791208,4658.401538461539,4448.60923076923,1685.3021978021982,3841.319403330989,1882.6665934065934,10572.900219780218,4944.677142857143,49524.753422049995,452831.09582417586,184982.55428571426
5267.2547252747245,2159.7077972794864,5239.494945054945,5262.865714285713,4647.735384615384,4446.389010989011,1678.9762637362637,3849.5925137821164,1880.1826373626375,10571.346153846152,4936.033626373625,49807.857185552835,452966.0767032967,184831.50725274722
5264.5999999999985,2188.7128394203296,5235.4887259011575,5257.477142857142,4642.793846153845,4436.507912087912,1679.785714285714,3848.445648054094,1880.5756043956046,10575.471208791207,4929.492967032967,50107.93045121565,453190.430232624,184773.31384615385
5251.096263736264,2210.882594976191,5223.4944401868715,5242.78967032967,4628.940439560439,4434.724395604395,1672.912747252747,3848.0411553105646,1876.6015384615384,10564.614945054944,4919.93032967033,50378.22851146626,453093.1737491075,184594.55824175823
5248.2349450549455,2238.6341160228935,5218.845714285714,5236.367252747252,4624.867692307692,4425.931648351648,1674.4654945054942,3847.674159431443,1876.9551648351646,10547.95824175824,4912.265934065935,50673.47911409194,453207.27252747247,184527.90197802195
5238.72989010989,2260.8849830946883,5207.044175824175,5222.713406593406,4610.8870329670335,4426.106593406593,1667.7309890109887,3846.831471862143,1874.3551648351643,10542.511428571426,4905.276923076922,50958.00036970411,453488.96989010985,184376.59868131863
5236.715604395605,2290.615734928754,5203.582197802197,5213.727252747252,4608.326373626374,4420.196483516484,1669.650989010989,3845.4648788301747,1875.3145054945048,10546.107472527472,4896.0999999999985,51257.71228876706,453609.65362637356,184313.44967032966
5223.804615384614,2312.617321936813,5189.203076923077,5195.497362637363,4594.951648351648,4418.465274725275,1662.2837362637365,3844.339694356455,1872.3826373626366,10541.42967032967,4886.595384615384,51524.2627234283,453568.31296703295,184131.99956043955
5222.560879120878,2341.8789602093407,5184.68043956044,5185.2764835164835,4589.018021978021,4412.253626373626,1663.799120879121,3844.0240851531585,1873.1509890109885,10528.189230769232,4878.41032967033,51822.91137944275,453551.2973626373,184064.71648351647
5213.252527472527,2363.641994053663,5170.703076923077,5169.324175824176,4578.456923076924,4410.062197802197,1656.7804395604394,3843.4171992593615,1871.169010989011,10521.65098901099,4871.3450549450545,52102.81525214052,453859.2804395604,183926.78373626372
5210.162637362636,2393.188462789744,5166.8641758241765,5160.49956043956,4572.996483516484,4402.713186813187,1658.5138461538459,3842.9575419791413,1871.94,10520.982417582416,4862.985054945055,52400.43008097233,454093.77956043946,183864.44043956042
5201.323956043955,2413.6350017468862,5148.4281318681315,5142.718681318681,4563.511208791209,4400.514945054945,1650.4134065934065,3840.2791622429627,1868.4799999999998,10508.585274725276,4852.817142857144,52664.854909052556,454202.52530942735,183693.37098901096
5197.211648351648,2441.965880724176,5145.513406593406,5134.118241758241,4557.5973626373625,4392.211208791208,1651.0362637362637,3836.176439426306,1868.840439560439,10490.944615384613,4845.705274725275,52958.89771445534,454118.5060291206,183631.96219780218
5189.083956043955,2463.3230251576924,5134.9441758241755,5118.5797802197785,4548.769890109889,4388.193846153846,1642.9804395604392,3841.8372718907353,1865.8430769230763,10481.782417582415,4837.62,53247.15394210217,454612.3008791208,183491.13274725273
5186.0813186813175,2492.2107270714287,5128.625714285714,5109.556483516481,4543.221538461538,4374.891868131867,1643.7384615384615,3841.683354046675,1866.3243956043957,10479.86901098901,4829.527472527472,53525.971108755926,454635.67582417576,183435.1213186813
5172.979340659339,2513.2047411580584,5112.968571428571,5088.393846153845,4534.232747252748,4370.336923076922,1635.46043956044,3840.218554487799,1863.6747252747257,10467.015164835162,4819.511868131868,53778.75171468918,454599.23208791204,183260.67868131865
5169.783956043954,2541.7533728009157,5109.169670329669,5080.783296703296,4529.602197802198,4355.504615384614,1636.1483516483515,3832.0183340556723,1865.125934065934,10449.62835164835,4810.894285714286,54072.010239810996,454611.74395604385,183184.33318681316
5158.985274725275,2564.0313273144684,5093.26923076923,5063.901318681318,4520.4624175824165,4351.432527472527,1631.3567032967028,3840.283707805632,1866.2087912087907,10441.60967032967,4802.560219780219,54343.57394927449,454949.58021978015,183019.93142857144
5157.001098901099,2592.943187190842,5089.296703296702,5056.265054945055,4515.477362637363,4336.597582417583,1635.420879120879,3840.147660415521,1872.145714285714,10433.64021978022,4797.566813186811,54636.006696368335,455089.16,182943.60395604392
5139.88835164835,2614.2311279886444,5071.227692307692,5037.298021978021,4503.928571428571,4332.963736263737,1630.3846153846155,3839.4114333303232,1872.0483516483514,10424.566593406591,4788.302857142857,54883.925064038405,455074.3841758241,182759.0905494505
5134.652747252747,2642.2201351510985,5067.16967032967,5030.014945054944,4497.950769230768,4318.532087912088,1633.9973626373628,3839.6152987149394,1878.2780219780223,10401.314065934068,4782.164175824175,55172.61040586043,455115.9516483516,182690.9151648351
5124.4098901098905,2663.8671800003663,5051.425274725274,5014.2610989011,4488.262637362637,4314.957802197802,1629.3323076923077,3837.7614558485084,1878.148131868132,10395.549010989012,4774.303516483516,55446.48375425387,455378.2057142857,182528.43120879118
5121.198241758241,2693.187782211905,5050.525934065933,5006.665714285715,4483.424615384616,4306.011208791208,1633.4270329670328,3835.8735759427004,1884.5413186813187,10392.993626373627,4769.005054945054,55752.67239608651,455530.7883516483,182465.23868131867
5105.159120879121,2714.762053299084,5032.234945054945,4986.36087912088,4471.820659340659,4301.937142857144,1628.423736263736,3837.4609587259615,1882.5562637362639,10384.949010989008,4759.808571428571,56008.29619151777,455478.6081318681,182288.95164835165
5101.0885714285705,2743.4622107923074,5028.142857142856,4977.674505494506,4465.844615384614,4290.147912087911,1632.3463736263732,3837.8707492479393,1890.363296703296,10368.253186813183,4751.110549450549,56295.26705008113,455507.13406593405,182223.527032967
5091.214505494505,2765.184561418681,5015.192747252746,4963.07032967033,4455.214505494504,4287.41978021978,1627.457582417582,3838.684723891991,1889.6520879120876,10362.842857142856,4744.804395604396,56575.83430475243,455669.02791208785,182087.78857142854
5087.615384615384,2795.0932010217944,5013.19978021978,4955.715384615384,4448.85868131868,4281.555604395604,1631.2817582417579,3836.454301364519,1897.4318681318678,10364.273846153848,4736.094945054944,56879.29339514145,455770.3303296703,182034.01406593405
5076.213626373626,2816.007093722161,4998.085714285714,4937.936043956043,4438.0626373626355,4279.4338461538455,1625.2654945054944,3833.274537833416,1895.706593406593,10355.695824175826,4728.983296703297,57146.21928869234,455808.9570387507,181882.40791208792
5071.9452747252735,2845.7369679313188,4992.667252747253,4930.850989010988,4431.932087912087,4272.533846153846,1629.682857142857,3829.6180081131374,1903.7564835164835,10336.834065934065,4720.344835164834,57445.50880231136,455656.5518942747,181825.8320879121
5065.733846153846,2867.1937484023806,4981.452307692307,4917.380879120878,4421.560659340659,4271.536043956044,1624.6092307692306,3839.2061496438255,1902.450769230769,10331.203076923075,4714.090769230768,57727.045897583164,456032.22285714286,181703.56835164834
5063.035384615384,2897.954700313186,4977.168351648352,4911.034725274724,4416.7920879120875,4263.569230769232,1629.7158241758243,3839.3647555307957,1910.4580219780216,10332.727912087914,4705.661978021978,58032.59788077101,456153.79692307685,181654.24747252744
5052.687472527473,2920.039767582417,4961.486813186813,4892.980879120878,4406.331208791208,4262.436923076923,1624.4584615384617,3840.074953450446,1908.7371428571425,10326.196483516485,4694.80021978022,58293.1646151829,456232.0173626374,181493.50065934067
5050.072747252746,2950.134452301099,4954.387252747253,4887.372307692307,4402.528791208791,4253.91956043956,1628.9509890109891,3841.332858097881,1916.4404395604395,10309.274285714284,4684.343296703298,58596.30281891971,456268.6298901099,181440.79384615383
5044.49868131868,2972.713517104945,4941.872087912088,4872.142637362637,4393.134725274725,4252.028131868132,1624.9650549450548,3842.5639987713184,1915.0936263736262,10306.9978021978,4675.297362637361,58874.71814120474,456662.15032967034,181307.04923076922
5043.174725274725,3003.548777186447,4938.582197802199,4866.3591208791195,4389.331208791208,4242.454505494506,1629.9567032967032,3843.4988546550185,1923.422637362637,10307.243956043954,4663.650769230767,59185.230216423355,456803.409010989,181253.6246153846
5034.7162637362635,3025.890879775641,4920.4602197802205,4848.314065934065,4380.464395604396,4239.905054945055,1625.5826373626373,3842.152877492726,1921.403736263736,10300.821538461536,4653.690109890109,59441.347073399054,456827.801098901,181095.9178021978
5029.502637362637,3054.5887302461533,4915.0389010989,4843.479340659341,4379.994065934066,4226.504835164835,1629.2916483516487,3843.94565488676,1929.6382417582415,10281.46857142857,4642.472527472526,59742.19325367569,456807.07978021976,181044.04967032964
5021.59054945055,3077.131440807875,4900.244175824174,4830.418461538461,4371.659120879121,4223.94923076923,1625.0619780219781,3843.8231148933146,1928.4413186813188,10279.255824175823,4635.350329670329,60018.20688165789,457159.81516483513,180905.03252747253
5018.051868131867,3106.627644582051,4895.131648351647,4825.4410989010985,4368.70043956044,4211.901318681318,1628.9301098901094,3844.9306934397678,1936.7492307692305,10276.44857142857,4623.723296703297,60316.775390167604,457341.05274725275,180840.66813186812
5006.603736263735,3129.184379561538,4877.375824175823,4810.586153846153,4360.387252747253,4207.658021978021,1625.4850549450546,3846.4171935726968,1935.9573626373624,10272.772307692305,4615.176043956044,60575.68846379515,457382.3861538461,180667.41802197802
5002.82043956044,3157.535071379304,4871.931868131868,4805.821978021978,4356.298021978021,4193.634285714285,1628.6775824175822,3848.2625967320373,1943.9386813186813,10255.318681318682,4608.0345054945055,60875.45497882816,457468.0325274725,180613.46549450545
4993.2936263736265,3180.928770902381,4859.628571428571,4796.741978021978,4350.531648351648,4191.903736263736,1626.5773626373627,3850.704890405218,1943.6703296703297,10259.05054945055,4603.102197802198,61167.834245074766,457846.0850549451,180479.16395604395
4989.520659340659,3209.968489387912,4855.106153846153,4790.541978021979,4345.34989010989,4180.989230769231,1629.7257142857143,3850.675199471153,1951.8962637362636,10256.667692307694,4596.434505494506,61472.81394528445,457962.7004395604,180422.35296703296
4978.537362637362,3232.3413809564095,4841.659120879121,4777.240659340658,4336.46967032967,4176.8450549450545,1626.6413186813184,3839.9859224162087,1950.0490109890106,10248.377362637362,4587.2661538461525,61739.49796871438,457862.5236229956,180254.2065934066
4974.83978021978,3259.7400441868126,4837.42923076923,4771.742637362637,4332.705054945055,4163.666373626374,1629.9665934065927,3844.137418295329,1958.3637362637357,10225.642417582418,4578.382637362637,62033.76879003333,458065.6137349099,180198.80527472525
4966.899340659341,3282.8105659272883,4824.929010989012,4762.87076923077,4324.485934065933,4160.60945054945,1627.6953846153845,3852.6677997108577,1958.3235164835162,10228.733626373625,4571.346153846154,62325.03018713132,458467.5408791209,180062.59956043956
4962.7909890109895,3310.843922979303,4823.804615384615,4757.705934065933,4317.336703296702,4154.135604395604,1630.6683516483517,3852.5587222383306,1966.4340659340658,10228.150549450549,4563.091868131868,62631.649050056585,458695.1265934066,180005.89186813188
4956.431868131869,3333.6827352446885,4803.673186813186,4744.414285714284,4305.136483516483,4150.896043956043,1628.3123076923077,3855.1069191751376,1966.1648351648353,10223.363516483514,4551.69076923077,62894.17170660931,458621.87252747256,179836.57362637363
4954.347472527473,3360.5084236750918,4800.260879120879,4741.360219780219,4298.273626373627,4141.448791208791,1630.7221978021978,3855.601623158654,1974.7549450549454,10205.190989010987,4544.286813186813,63196.39802102386,458678.88285714283,179772.3243956044
4747.56307692308,3283.775384615383,4468.910769230768,4475.292307692309,4113.181538461541,3915.184615384616,1275.0892307692325,3530.485717441177,1692.393846153845,9814.132307692316,4351.015384615385,61124.53051359124,477747.7938461536,
