timestamp,api-gateway_energy,clientone_energy,clientthree_energy,clienttwo_energy,orchestrator_energy,policy_energy,policy-enforcer_energy,rabbitmq_energy,server_energy,sidecar_energy,system_processes_energy,clientone_cpu_usage,clientthree_cpu_usage,clienttwo_cpu_usage,policy_cpu_usage,server_cpu_usage,sidecar_cpu_usage,clientone_memory_usage,clientthree_memory_usage,clienttwo_memory_usage,policy_memory_usage,server_memory_usage,sidecar_memory_usage,clientone_memory_rss_usage,clientthree_memory_rss_usage,clienttwo_memory_rss_usage,policy_memory_rss_usage,server_memory_rss_usage,sidecar_memory_rss_usage,clientone_memory_cache_usage,clientthree_memory_cache_usage,clienttwo_memory_cache_usage,policy_memory_cache_usage,server_memory_cache_usage,sidecar_memory_cache_usage,api-gateway_carbon_coal,clientone_carbon_coal,clientthree_carbon_coal,clienttwo_carbon_coal,orchestrator_carbon_coal,policy_carbon_coal,policy-enforcer_carbon_coal,rabbitmq_carbon_coal,server_carbon_coal,sidecar_carbon_coal,system_processes_carbon_coal,api-gateway_carbon_emission,clientone_carbon_emission,clientthree_carbon_emission,clienttwo_carbon_emission,orchestrator_carbon_emission,policy_carbon_emission,policy-enforcer_carbon_emission,rabbitmq_carbon_emission,server_carbon_emission,sidecar_carbon_emission,system_processes_carbon_emission
2026-06-24 13:44:55.926000118,247.5396,907.0019999999998,727.5816000000001,696.8771999999999,289.9403999999999,586.2203999999999,151.03079999999997,1682.6039999999994,772.1568000000002,4547.4732,68846.1768,0.0,0.0029038447795326225,0.002865762108658177,0.00045547980278900883,0.0029041311491922774,0.0029106179358257818,0.0,196267.27649539054,232667.74175610297,92264.53821458822,103.14652295992242,154108.01409311316,0.0,187388.170275614,222304.17616637936,0.0,103.14652295992242,143344.6343353818,0.0,0.0,0.0,0.0,0.0,0.0,8.629755078095236e-05,0.00024262943395238093,0.00020364949706666664,0.00021347088462857143,9.732569528571426e-05,0.00019512629948333332,8.212966123809522e-05,0.0004960443818571428,0.00022881206483809526,0.001411785890661905,0.02280826365074405,4.8468756682708324e-05,0.00014472998325719996,0.0001183759311767083,0.00011904446133383332,5.517241691597222e-05,0.00011133542746073723,4.432360803454861e-05,0.0002955148688754248,0.00013779361925946666,0.0008140462026708585,0.013238061806367338
2026-06-24 13:45:10.926000118,247.5396,907.0019999999998,727.5816000000001,696.8771999999999,289.9403999999999,587.6063999999999,151.03079999999997,1682.6039999999994,795.1607999999999,4515.894,68313.78,0.002487238166697931,0.0029038447795326225,0.002865762108658177,0.0004022039879870319,0.0027504414654164686,0.0029106179358257818,170160.84536984932,196267.27649539054,232667.74175610297,81472.69097874642,110735.74253239487,154108.01409311316,161965.25980116302,187388.170275614,222304.17616637936,0.0,106482.5527893153,143344.6343353818,0.0,0.0,0.0,0.0,0.0,0.0,8.722066615833334e-05,0.0002561744333,0.00021362581597083338,0.00021898021716666664,9.922389758333331e-05,0.00020131968605185187,8.011144272916666e-05,0.0005164948732125001,0.00023680574042916674,0.0014516154856208333,0.02345938061995926,4.991393155770833e-05,0.00014902422525719998,0.0001219132719892083,0.0001226510605005,5.6817472332638884e-05,0.00011444170340293334,4.564518855538194e-05,0.00030383025232640515,0.00014221414871099612,0.0008379247306139162,0.013586403489675975
2026-06-24 13:45:25.926000118,238.8204,937.8215999999998,743.7312,695.3256,287.10360000000003,587.6063999999999,148.21199999999993,1699.8659999999995,795.1607999999999,4553.071199999999,69089.86439999999,0.002487238166697931,0.0029038447795326225,0.002865762108658177,0.0006091213544818689,0.0026005011854017455,0.0022019024333313265,170160.84536984932,196267.27649539054,232667.74175610297,95188.79947904553,218669.35275836234,153087.03667278364,161965.25980116302,187388.170275614,222304.17616637936,39032.885250476764,210266.7338189591,141494.1955182306,0.0,0.0,0.0,0.0,0.0,0.0,8.977397865833332e-05,0.00026376143330000004,0.00021987553472083336,0.0002253523005,0.00010213035591666666,0.0002067266675333333,8.244639064583333e-05,0.0005313672794624999,0.00024400827167916667,0.0014948061349263889,0.024087862184774076,5.0649200612483666e-05,0.0001544225795778418,0.0001259866185156209,0.00012642190374846272,5.820641047189543e-05,0.00011750205492145184,4.579662864310458e-05,0.00031355088025975306,0.0001463007297502118,0.0008605290884566479,0.013971885682413174
2026-06-24 13:45:40.926000118,238.8204,937.8215999999998,743.7312,695.3256,287.10360000000003,595.4544,148.21199999999993,1699.8659999999995,807.2352000000001,4549.86,69071.9868,0.002487238166697931,0.0028034405861739405,0.001944133014513707,0.0005915727341265472,0.0026005011854017455,0.00216297403849364,170160.84536984932,218702.34681958164,157841.79600734025,75242.33675964914,218669.35275836234,230260.33307935213,161965.25980116302,104417.11797812468,150811.15311127173,61722.8177923248,210266.7338189591,212669.36174483245,0.0,0.0,0.0,0.0,0.0,0.0,9.232729115833334e-05,0.0002713484333,0.0002261252534708334,0.0002317243838333333,0.00010503681425,0.00021213364901481486,8.478133856249998e-05,0.0005462396857124999,0.00025121080292916676,0.0015379967842319444,0.024716343749588893,5.207439971052287e-05,0.00015874774626411633,0.00012953907312346404,0.00013003319461120784,5.98442590993464e-05,0.00012083542132923507,4.708528301565359e-05,0.00032190369863012333,0.0001509969573010963,0.0008839757252351409,0.014329555300366108
2026-06-24 13:45:55.926000118,230.8464,935.7551999999998,733.9824000000002,691.5240000000001,286.89119999999997,595.4544,147.76920000000004,1671.552,807.2352000000001,4502.0916,68410.7388,0.002487238166697931,0.0028034405861739405,0.0,0.0005915727341265472,0.0026005011854017455,0.0017883422136289954,170160.84536984932,218702.34681958164,0.0,75242.33675964914,218669.35275836234,183190.26106367086,161965.25980116302,104417.11797812468,0.0,61722.8177923248,210266.7338189591,168882.92193617823,0.0,0.0,0.0,0.0,0.0,0.0,9.488060365833332e-05,0.00027893543330000006,0.0002323749722208333,0.00023809646716666666,0.00010794327258333334,0.0002175406304962963,8.711628647916665e-05,0.0005611120919625,0.0002584133341791668,0.0015811874335375,0.025344825314403702,5.276617117166668e-05,0.00016418757019042715,0.00013300738915030864,0.00013383237369658885,6.117415792015431e-05,0.00012390278882046317,4.729770425274692e-05,0.0003300262956132456,0.0001551001900233185,0.0009052770426965674,0.01467344652130331
2026-06-24 13:46:10.926000118,230.8464,935.7551999999998,733.9824000000002,691.5240000000001,286.89119999999997,597.384,147.76920000000004,1671.552,820.1052,4497.642,68221.59120000001,0.0024243830779204657,0.00267708427016818,0.002853943222952138,0.0005915727341265472,0.0026005011854017455,0.0017883422136289952,93844.65564092307,242371.58201143853,103992.49229119185,75242.33675964914,218669.35275836234,183190.26106367083,89324.74447218506,0.0,97746.07856281004,61722.8177923248,210266.7338189591,168882.92193617823,0.0,0.0,0.0,0.0,0.0,0.0,9.486653695555558e-05,0.00029044567814074073,0.0002394568367592593,0.00024510083047777785,0.00010984889887777778,0.00022408434319666671,8.54536171888889e-05,0.0005774892130962963,0.00026733613010740745,0.0016132339807018521,0.02600405754939889,5.417183217166667e-05,0.00016854230082005676,0.00013655759794660492,0.0001374487416039963,6.280380293867283e-05,0.00012732829826197332,4.855768838237654e-05,0.00033837329124482464,0.000160019710120393,0.0009288256818149843,0.015026824073152912
2026-06-24 13:46:25.926000118,219.51,927.6804000000003,719.1503999999999,695.9087999999997,288.91799999999995,597.384,147.19320000000002,1688.6807999999996,820.1052,4452.1992,68563.3176,0.0024243830779204657,0.00267708427016818,0.002853943222952138,0.0008947754267098967,0.002700900081234769,0.0024299374464824813,93844.65564092307,246936.35518781666,103992.49229119185,48408.175330932994,191923.05442729488,258237.72367528424,89324.74447218506,0.0,97746.07856281004,39690.34485612765,183005.68643379366,236978.88211894868,0.0,0.0,0.0,0.0,0.0,0.0,9.735003695555557e-05,0.00029813954851111115,0.000245729290462963,0.0002514901730703704,0.00011272813035925927,0.00022951916819666666,8.767973755925927e-05,0.0005924004723555556,0.00027458565788518523,0.0016560274945907408,0.026633234435510002,5.4917910533070176e-05,0.00017331449465891579,0.00014007024095752044,0.0001415405544759298,6.420428443230994e-05,0.00013040440921197331,4.8790858950964905e-05,0.0003478111728900278,0.0001641440776467088,0.0009502216173676825,0.01539120692641163
2026-06-24 13:46:40.926000118,219.51,927.6804000000003,719.1503999999999,695.9087999999997,288.91799999999995,606.3156000000002,147.19320000000002,1688.6807999999996,822.3371999999999,4435.6968,68720.32079999999,0.0017891420583722466,0.002853778175730916,0.002853943222952138,0.0008789452649370019,0.002700900081234769,0.0031724722545961297,0.0,225601.308054658,103992.49229119185,41.380195917135474,191923.05442729488,258273.90997820318,0.0,91560.83622065636,97746.07856281004,0.0,183005.68643379366,237015.06842186762,0.0,0.0,0.0,0.0,0.0,0.0,9.983353695555559e-05,0.0003058334188814815,0.0002520017441666667,0.000257879515662963,0.00011560736184074073,0.0002349539931966667,8.990585792962964e-05,0.0006073117316148149,0.00028183518566296306,0.0016988210084796299,0.027262411321621112,5.630688942780702e-05,0.00017767973986944214,0.00014361949786980115,0.00014516911096715789,6.582813346739765e-05,0.00013359406250824127,5.00248730035965e-05,0.0003561844306733611,0.00016855388046885334,0.0009731598705196224,0.015753112300594466
2026-06-24 13:46:55.926000118,210.72959999999998,898.1891999999999,697.9967999999997,706.0968,288.6516000000001,606.3156000000002,146.70719999999992,1657.6991999999996,822.3371999999999,4355.046,67733.9712,0.0023470912977287045,0.002853778175730916,0.002853943222952138,0.000999026863338137,0.002813683280896399,0.0031724722545961297,0.0,225601.308054658,103992.49229119185,47.033562817334776,161877.57354970468,258273.90997820318,0.0,91560.83622065636,97746.07856281004,0.0,152381.9616934371,237015.06842186762,0.0,0.0,0.0,0.0,0.0,0.0,0.00010231703695555558,0.0003135272892518519,0.00025827419787037044,0.00026426885825555556,0.00011848659332222222,0.00024038881819666666,9.21319783e-05,0.0006222229908740742,0.00028908471344074084,0.0017416145223685187,0.027891588207732222,5.7025390687472225e-05,0.00018193194446141443,0.0001466673725075444,0.00014906414688897667,6.718808524411111e-05,0.0001366728195082413,5.029878444866666e-05,0.00036431684521216924,0.00017268527483552,0.0009932392911264874,0.01608185110647014
2026-06-24 13:47:10.926000118,210.72959999999998,898.1891999999999,697.9967999999997,706.0968,288.6516000000001,600.1235999999999,146.70719999999992,1657.6991999999996,824.0112,4338.7668,67766.0148,0.0023470912977287045,0.002853778175730916,0.0,0.0011191084617392722,0.002813683280896399,0.0024872429920301886,0.0,225601.308054658,0.0,52.686929717534085,161877.57354970468,186156.81238201688,0.0,91560.83622065636,0.0,0.0,152381.9616934371,169698.19295424453,0.0,0.0,0.0,0.0,0.0,0.0,0.00010243627360333336,0.00032178175833,0.00026360733569666666,0.0002720018291433334,0.00012049111390666666,0.0002460218188545455,9.082585562666666e-05,0.00063807708393,0.00029835719798,0.001769005067026667,0.02849336935661121,5.839822840413888e-05,0.00018629447907808107,0.00015020453762421107,0.0001526992017056433,6.880558117744444e-05,0.0001397453423640485,5.1509684848666666e-05,0.0003726845712439152,0.00017693598558361908,0.001016006213921786,0.016451093051367265
2026-06-24 13:47:25.926000118,205.31160000000006,872.8739999999999,678.7223999999997,712.7891999999997,290.83680000000004,600.1235999999999,149.28119999999993,1646.9640000000009,824.0112,4291.5779999999995,68214.1248,0.0024624304169730067,0.0030447659629623675,0.0,0.0014409791808136217,0.002813683280896399,0.002316849685249083,83488.82120225466,202540.33473210092,0.0,67.84040280239164,161877.57354970468,232121.92864762736,78871.26702377202,190528.60452682234,0.0,0.0,152381.9616934371,212219.38148370903,0.0,0.0,0.0,0.0,0.0,0.0,0.00010486178193666667,0.0003294894166633333,0.00026985674403,0.00027842418747666667,0.00012334888057333334,0.0002514610764303031,9.296525562666667e-05,0.00065301040893,0.0003056564813133334,0.0018113696336933332,0.029121914566459697,5.909338218362434e-05,0.0001905887048993005,0.00015395287109795763,0.00015643082352922853,7.037015398603174e-05,0.0001428239621519273,5.194954265074073e-05,0.00038193843729792933,0.00018107018883758736,0.0010380299426745422,0.01681392525233361
2026-06-24 13:47:40.926000118,205.31160000000006,872.8739999999999,678.7223999999997,712.7891999999997,290.83680000000004,601.2468000000002,149.28119999999993,1646.9640000000009,822.2256,4283.636399999999,68359.1076,0.0024624304169730067,0.002357215520109312,0.0,0.0010483964111607904,0.002046298060753255,0.0015736159917448048,83488.82120225466,156803.9140893879,0.0,49.35785039557005,117728.16332358192,209551.439812871,78871.26702377202,147504.5993940474,0.0,0.0,110822.32134091371,191778.90008618546,0.0,0.0,0.0,0.0,0.0,0.0,0.00010728729027000002,0.00033719707499666666,0.0002761061523633333,0.00028484654581,0.00012620664724,0.0002569003340060606,9.510465562666666e-05,0.00066794373393,0.0003129557646466667,0.0018537342003600004,0.029750459776308188,6.045065467568782e-05,0.00019494967650247514,0.00015749489460589413,0.00016006812370383168,7.198643436698411e-05,0.00014596972985048118,5.314273353962962e-05,0.0003903256225403536,0.0001853353509784485,0.001061289423702025,0.01717039182387458
2026-06-24 13:47:55.926000118,201.726,852.2639999999998,663.8507999999998,709.7939999999999,293.73479999999995,601.2468000000002,152.36280000000002,1610.0892000000006,822.2256,4238.787599999999,67450.76280000001,0.0024624304169730067,0.0021034850231957817,0.0026361914618369996,0.0009283148127596555,0.001811824454011888,0.002087569582374326,83488.82120225466,139925.55286171284,0.0,43.70448349537076,104238.36552777319,199803.2278466093,78871.26702377202,131627.2156834789,0.0,0.0,98123.82453312728,182894.95101157855,0.0,0.0,0.0,0.0,0.0,0.0,0.00010971279860333335,0.00034490473333000007,0.00028235556069666664,0.00029126890414333335,0.00012906441390666667,0.0002623395915818182,9.724405562666665e-05,0.00068287705893,0.00032025504798000005,0.0018960987670266667,0.03037900498615667,6.109247477416667e-05,0.0001991422351622515,0.00016075288964745448,0.0001636452213502212,7.356586585800505e-05,0.0001490497829084522,5.361019748954546e-05,0.0003979599874792028,0.00018947249796329694,0.001081791282228306,0.01750749353451799
2026-06-24 13:48:10.926000118,201.726,852.2639999999998,663.8507999999998,709.7939999999999,293.73479999999995,595.1268,152.36280000000002,1610.0892000000006,813.5891999999998,4238.344799999999,67604.7132,0.002558853778314865,0.0018497545262822514,0.0026361914618369996,0.0009802033362245497,0.006755742827551411,0.002382885518635885,153285.37268917286,123047.19163403776,0.0,24.169041676255215,74547.22175502582,170420.75460060118,144807.54891625742,115749.83197291037,0.0,24.169041676255215,74474.70500234584,156135.24496700417,0.0,0.0,0.0,0.0,0.0,0.0,0.0001096643385848485,0.00035219642886969696,0.0002884938726,0.0002977612291606061,0.0001317616127666667,0.000267734139338889,9.672426616363637e-05,0.0006974886305757575,0.0003280053829909091,0.0019257122622060607,0.03100966097767374,6.243403627416667e-05,0.00020349952184406964,0.0001642886659201818,0.00016728118391082724,7.518133705497475e-05,0.00015203453085237782,5.478745176227273e-05,0.00040633133665311593,0.00019365607515589564,0.0011049808975985606,0.01787213977484203
