aggregator_energy,api-gateway_energy,authority_energy,clientone_energy,clientthree_energy,clienttwo_energy,kernel_processes_energy,orchestrator_energy,policy_energy,policy-enforcer_energy,rabbitmq_energy,server_energy,sidecar_energy,system_processes_energy
4489.078974105,2395.9439168702224,4573.862044367377,4490.16760221346,4491.060692597576,4300.000871244152,163206.27587477365,1762.5877472752102,3734.1420653571236,1851.104196723393,9601.431169687175,4440.90669937047,53657.17742416904,427137.7036902056
4440.688551198666,2372.473697079498,4560.35476640907,4456.71681255233,4442.647442720652,4238.358282504283,161563.58778635794,1746.076112252828,3694.0178515639786,1836.1916035268105,9521.475800087797,4376.682100391346,53196.66190885922,422850.1987561158
4398.914217740434,2355.3715284622053,4490.886441694364,4401.046782261506,4417.202009140731,4205.719482760821,160091.2036421467,1732.5049668470422,3661.149613407651,1823.6594512021438,9464.058713124465,4345.277913121488,52734.89533315965,419359.911883017
4365.041434994458,2332.977014663046,4458.579719823829,4370.595943659852,4384.146949216868,4177.85780079278,158973.72000980482,1719.7131396774316,3635.444154809295,1809.9734321318435,9401.888088232256,4315.207615866852,52349.98911493775,416621.7873558475
4335.082360677456,2315.2248410831994,4430.201566899385,4342.593569280509,4357.802021303003,4146.0829409759035,157871.58738493006,1705.2237573870348,3611.642654655827,1796.945308210042,9341.043897172438,4282.69084478088,51961.848711104845,414046.8600298762
4302.651445492547,2293.794341786633,4397.256168991466,4311.85255784584,4325.770903766764,4115.469056503367,156756.84578783062,1692.4987356318322,3586.047584759881,1784.3014853856998,9283.314452247565,4253.683784373254,51581.30655657479,411348.3676831945
4273.205350093827,2277.012962857502,4368.430538507747,4285.12664917407,4299.462819691678,4084.7175802194965,155662.1790494159,1678.6072263556625,3561.7001219906333,1771.6585137522875,9222.83048619559,4222.174025463006,51193.65903117309,408703.7534407593
4241.309782081509,2255.226195851176,4336.178520800166,4254.268855019354,4266.645650610647,4058.378831554136,154555.2629940715,1665.7031762263734,3536.8558601070176,1757.9436842155314,9162.426911035038,4192.675801012016,50814.071546613144,405838.32713980775
4209.147732206626,2237.50082197982,4309.632777977643,4229.127542727079,4239.615054820692,4029.3659759550906,153461.5646367276,1651.9161772204009,3512.632786849011,1745.437402772635,9102.190866566107,4160.458114910402,50423.13434679166,403203.5407630804
4176.456849729891,2215.7209995602443,4277.521497576842,4199.108489026074,4208.926482872756,4002.6547350276674,152360.167277075,1638.6106610706408,3489.121583985988,1732.0590281850411,9046.480740420731,4133.067564899685,50051.48866041196,400501.33315902174
4144.559470532388,2198.5725709481444,4248.057567312553,4171.944312654148,4180.768733772876,3972.411402806346,151262.62085109286,1624.7588201595217,3465.3723811330924,1719.4172678713176,8984.04095239134,4100.494015606431,49661.11132235712,397810.67602272023
4113.55427225418,2177.431998456875,4217.209968196162,4142.887786068838,4149.507925263112,3947.3840022487425,150164.89095966818,1612.0654085488395,3441.1036664086564,1706.1926798301743,8926.344497703014,4071.733119438758,49298.439890191665,395058.6700407564
4083.295885543898,2160.3576174982686,4190.953903434217,4113.234957614854,4121.619306651347,3917.8472993906244,149072.70419229,1597.7447124767502,3417.773381109972,1693.6017437685232,8862.791087284097,4040.3708390255647,48914.181492672644,392429.3860959442
4052.720424031991,2138.4722755734997,4162.774644614148,4083.9722819747876,4092.5993571566796,3890.408297571181,147981.7031025486,1584.104701025057,3393.578107580656,1678.8658311366464,8805.441697166474,4012.743151206082,48548.08125062073,389721.9201940691
4024.0440660397408,2120.152046444873,4133.707506035396,4054.1475171119096,4062.823375712359,3862.107046018252,146888.17255606764,1569.0315111105697,3369.4830631695277,1665.8631455809286,8740.126714561326,3981.697978417975,48154.82253569608,386975.853641
3993.7832832936865,2098.7725174383513,4104.325743530616,4023.891745177808,4032.782760471016,3831.7792455971335,145742.30171895173,1555.7695070073446,3344.33267477457,1650.6983534567278,8682.415311962322,3953.323674607539,47772.71675801845,384171.6284663701
3964.79554311235,2080.9596597334503,4078.710465991299,3995.546138766724,4002.699412709647,3801.321719726261,144698.86845714788,1540.8405024896429,3320.4259340933945,1638.2304893361377,8619.039576972229,3921.266708927044,47394.76660534149,381581.85808645724
3934.4298423970613,2060.4688341161504,4050.7248278474913,3965.472685354317,3974.192146411903,3780.1878624584942,143672.77734009255,1526.5087105444518,3296.4845847615584,1623.0812153216577,8565.744808330785,3896.5855380515804,47049.03674721542,379026.1268019753
3905.1062848450006,2043.301653435564,4024.5984714333536,3936.1461285044024,3945.904375719539,3751.54804692368,142535.86118766645,1511.0422708836359,3272.186349166623,1610.3526865874685,8504.302098305936,3864.9810430446673,46656.94668724209,376208.71367703495
3876.6338426016464,2023.199539490298,3996.359688419858,3906.4775809655853,3912.7145959159297,3733.7469368795755,141448.6424629526,1497.535125958551,3246.8320637570387,1594.4228491295314,8448.43624978057,3841.0378747164723,46295.751794185904,373600.9067735407
3845.112159798047,2005.9596159920038,3968.9398247825143,3877.8194347871568,3885.188001058938,3705.4393269679736,140363.31702290906,1483.2429043452785,3223.262841219384,1582.7610416271937,8391.723849004036,3809.173255635137,45916.68176244902,371067.7114487342
3818.787208845185,1986.2500309071918,3937.8187456053392,3847.9861229203943,3852.2820210915525,3684.077122729344,139276.76358267377,1468.744167571534,3198.815741571208,1566.9377742367067,8338.74913475923,3786.458613050235,45555.24708773537,368415.4807983289
3789.392980618489,1968.7054026420699,3910.0530061890645,3819.6261638686606,3823.7230567427227,3654.9171107644775,138188.72424303417,1452.7445378654359,3174.224519141101,1554.802452099484,8279.555634113838,3755.4691213804463,45168.85893759823,365746.27513633156
3759.679075941092,1948.5976492446946,3875.4330233429846,3791.2002398703426,3788.714792912441,3635.943432013365,137095.46808042435,1438.7245450906166,3150.3975770886436,1538.4977215588524,8221.895838943647,3731.771986451736,44791.49980169794,363050.1251585331
3727.871960649664,1930.9469880955976,3847.401221596161,3764.1241339229764,3760.830943957741,3606.39273451866,136004.56986647638,1423.8290549694668,3125.55930435404,1526.8626431926964,8165.621813485509,3700.3481679639594,44400.16428506978,360449.4351069428
3698.5169841972056,1910.74273589155,3813.4946514907333,3735.130943776949,3729.417499979061,3567.9417143793635,134913.75386253904,1410.362174571693,3102.3762772130763,1511.9705400603577,8109.244062729544,3672.5346586915844,44031.89639574945,357752.9116546444
3665.690524618868,1893.0522697187369,3783.6551348657913,3707.2587592142163,3700.6998982015693,3531.808592047242,133816.16272729568,1394.0953616188544,3077.8274251393914,1499.6214081241287,8049.329870949768,3640.702234326806,43634.848391435415,355108.0186312344
3635.206750711412,1872.922190938358,3750.281609638134,3678.7025625102915,3667.172676753048,3510.8330679974397,132721.86265925076,1381.6722512719437,3052.94254768788,1485.126966348213,7990.721225611375,3611.5530312503092,43268.20687633439,352289.78520199313
3604.130859939839,1854.964360523198,3721.5492204428133,3652.4601207904134,3637.702076608131,3476.649053586542,131628.69541406695,1366.105255194404,3029.339546154813,1473.3952781559526,7935.755672534861,3579.9984764318333,42877.788008690215,349639.53276440024
3572.9637968523025,1835.197014660569,3690.933110785961,3622.451658338688,3608.0786501167922,3451.0604562828726,130539.80281816778,1353.5973897967401,3004.700690936986,1458.9953088866491,7881.532298012959,3553.4420619505386,42521.19329273035,346937.6916321594
3546.3412037676608,1817.084954161488,3660.742788700905,3594.1321794487417,3576.765989296529,3417.5217590225543,129446.94560107606,1336.8321532835414,2980.4972947870515,1446.6455044821123,7819.452017485866,3522.014942184307,42129.48114783298,344225.05991226365
3514.011444017553,1797.306879145344,3628.48152069112,3563.3546201867803,3545.656003857369,3393.6187958584983,128351.66230727668,1324.1489011693416,2955.652939075706,1431.972624675037,7757.836346387489,3493.7954567791858,41764.88341453559,341457.78992760036
3486.4324486140817,1779.095636933816,3598.2066615637896,3534.8148149138497,3517.691903698325,3358.5813677889387,127262.7801984587,1307.5159086007839,2932.0395292738067,1419.6042385829915,7696.012748155093,3462.6899916912907,41378.36106793905,338778.2762020628
3454.720747743036,1759.3338015028462,3565.767068576583,3504.4526848020996,3489.9514292753424,3332.106338087714,126172.73334007402,1294.0156064152238,2908.208391096096,1405.9187922152967,7635.279436936669,3435.583431835681,41020.6800976782,336031.3161596276
3425.6018455688495,1741.2680280186994,3536.3229886655804,3477.9655915702965,3461.569326434104,3300.129451087684,125089.20638523102,1277.5294289321182,2884.944408740985,1393.2030875430219,7572.589121491999,3403.1891762396767,40639.55467939773,333298.34197996126
3396.0739160533344,1721.8275439572806,3505.5531215521305,3447.8620932099325,3431.50993510262,3275.9324831864624,124004.51704407965,1264.5013941281284,2860.092337072845,1379.1104700266387,7509.288229128173,3378.197255378898,40287.478518814496,330483.70227039885
3365.455572122776,1703.932734629984,3478.151246141597,3418.2589772614488,3406.8130494479437,3243.9059024246935,122921.67065909728,1248.7734398708315,2837.3659720104547,1366.9149980405157,7445.790305341626,3346.5665205582636,39905.51500355629,327856.515064305
3333.6192869934393,1684.2990680302937,3448.507333616112,3386.757495620199,3376.077281460468,3216.9628336393184,121837.50808970533,1235.9846897538316,2812.575536639686,1352.4134420486812,7384.760238165276,3323.741422419207,39554.38717809457,325210.43424207676
3302.121768481174,1666.8849513398563,3421.4473457200484,3358.840813202039,3349.064005245038,3184.5828884942925,120754.18051871752,1220.3179863788025,2789.666939056636,1340.290693600762,7320.400721693654,3292.351911605148,39172.194736699596,322507.3869367806
3272.4817099225106,1646.8783036924367,3391.521129146429,3328.657612308549,3312.6469865348927,3161.756934472309,119661.38925449374,1207.1406303892934,2763.8318552520873,1325.1036605104182,7249.760796247935,3267.5644815294713,38811.48103214843,319788.41509044176
3240.1663147022196,1629.6135295374525,3363.8623881745234,3301.8976188018028,3287.6123997998848,3130.592666148896,118585.16307112048,1191.7838160899712,2740.169762872908,1313.244105596659,7187.006934964431,3236.271806976034,38435.85788112048,317085.98591559596
3210.455868542303,1609.6573177015919,3333.322240922799,3272.8597847360065,3252.6250224745586,3106.0049224168492,117495.56149800529,1178.6879279111843,2715.688264442767,1298.8988012487653,7123.17755482155,3209.6306749213513,38074.09992698961,314456.6717862623
3180.930095306314,1591.5929001432762,3303.619915748465,3242.177746450938,3223.479185525897,3075.3247719659857,116410.1627622071,1162.8678865351555,2692.423978432737,1286.532997547059,7056.840341313477,3177.8914912697855,37695.82751356264,311812.56761702854
3153.3001993189655,1571.5902109722244,3271.235369969247,3212.2785331453306,3190.720388335014,3051.597390592306,115321.96200897596,1149.6971077949318,2666.5265364791403,1271.3656219062673,6989.9962460551715,3149.365512702876,37331.39891699289,309056.97874017974
3124.388227132093,1554.012764551608,3243.421628863712,3183.2349754337297,3163.0552586363515,3020.2166503053977,114245.2707621804,1134.9677590335946,2643.5295820201673,1259.7537164665366,6927.690796449135,3118.9381171469977,36959.528171369464,306377.6796782144
3093.627893184212,1533.4540843635582,3211.5110309415572,3153.348744159111,3132.339941189167,2992.8908697141815,113160.09902656048,1121.5184570826125,2618.457121071099,1244.3853641993212,6866.068157840217,3092.03127689152,36599.882457056636,303720.82812247187
3067.7930176937125,1515.7640507678798,3178.9439384665575,3126.245649172571,3101.596944141812,2960.903778308484,112078.19578023595,1105.6098664373028,2596.0192686216083,1232.3855782455835,6802.603777485505,3061.4741293491566,36220.71721336996,301009.49404111947
3036.2012461924596,1495.510602983869,3144.800075775015,3095.627778965762,3070.6327586438806,2936.3125399546416,110981.25286630938,1092.298825306867,2569.398819475577,1217.003734544696,6736.027800417937,3031.3826311151074,35846.50299118017,298308.5251525329
3009.5847384015196,1478.0000526120352,3116.9955225687695,3069.2666203580734,3041.6605713783224,2903.810141717078,109909.04670131298,1077.8288335952964,2545.543505936469,1206.4902482657183,6674.844114964705,3002.653565010505,35475.28450695711,295750.0667754719
2976.6856520234724,1457.9881687306677,3084.5819926088693,3038.2496732861987,3011.921940243391,2876.676571454246,108821.01543243327,1064.5691669715993,2521.6149107528727,1191.5791425570887,6613.437062744644,2974.4180053724317,35104.26986949792,293021.09228822024
2949.7328285736544,1440.0821092655026,3054.4530355675365,3012.1759418717625,2983.666388220637,2845.1720341379278,107741.03828618096,1049.3235935463738,2498.1124153971778,1180.5784631749505,6548.3946139220925,2942.497328673458,34718.00645531249,290364.0188526886
2914.9204506726805,1419.6284529960988,3023.7450306210617,2981.516652978662,2954.1319118997767,2823.6682647116295,106656.07866053612,1036.7802584449312,2473.5960674051307,1165.4882578994252,6482.0511834475155,2912.670240708177,34345.84371933387,287621.73135948495
2886.86055105255,1401.3971977464407,2997.191919611835,2957.772685877111,2932.462998780855,2791.1573799579164,105588.36288084205,1021.683122879407,2449.2357715013804,1154.6739310294192,6419.454396626918,2880.97075807932,33972.722839854156,285054.62535196653
2853.7442034846026,1382.2196167475279,2967.8252025134343,2927.6872329014564,2902.4712154943372,2766.585454821073,104512.88857532687,1009.4983752019268,2425.2272927604536,1140.7339262061407,6357.658694994179,2855.573707128355,33612.030249397816,282468.6647744747
2823.626718250339,1364.299166807634,2940.8047807925577,2904.616433104587,2874.695606012041,2734.990463249699,103438.99065362965,993.9341893458409,2400.9619308369424,1129.635336508881,6294.576991841809,2824.2573429009108,33221.42445837033,279820.0376831317
2791.977787581467,1343.8329501780884,2911.6454030050745,2875.091802411413,2843.020915431764,2711.685420508472,102367.71684792444,982.452399714313,2377.104521185655,1115.7602244002455,6231.153107928976,2799.748930817827,32876.63351673543,277127.7752355962
2760.8016940056636,1325.8777617978703,2884.4758138673305,2852.7117072250576,2819.101051076588,2678.6465993417346,101295.480159473,968.3658852233351,2352.7476588273207,1105.3891620263187,6170.7849444837675,2768.2620495910887,32494.294435639342,274482.6552671626
2731.9138854083276,1305.624285345736,2853.7550380399566,2822.279084296756,2788.810439264814,2652.1709009776587,100226.64484128763,956.9392329866273,2330.696113156872,1092.3624527890886,6109.788713675916,2744.1615656040344,32150.799252802713,271875.45758087456
2703.0124485414785,1287.3638616866888,2824.0048951906983,2796.818278723359,2758.637188655995,2620.1999803182016,99144.82442609666,942.3779173344176,2306.257075208592,1081.5195010477348,6045.272027341448,2711.8996679953116,31755.4217751254,269274.820115705
2675.3723514262883,1266.3920947453958,2794.549356322492,2766.676859755249,2727.881800359464,2596.9753759951445,98075.83622951481,931.1356370176285,2281.742298194887,1067.8234336597784,5977.915152772642,2684.8824124982757,31411.463127878156,266645.1042398543
2648.2540761947766,1249.504954712379,2766.8471437462176,2742.4170970762148,2701.472702273316,2572.462943947993,97045.34356304696,918.0864843142992,2258.1319589757954,1057.6478425541727,5918.907411782099,2654.5032032698095,31045.0080587937,264201.30908254645
2618.77307999292,1230.371160645785,2736.997905862249,2710.8019991746323,2671.5768313510284,2559.778980441382,96000.75891818538,907.6581814876408,2235.38015253193,1045.0730010067678,5860.29840778304,2631.7841283491443,30713.22260032398,261719.73705933898
2591.010848760723,1213.189106665419,2707.28646976912,2684.579891342982,2642.401217560553,2522.288488790583,94885.09561982173,893.6705289427176,2212.8800033579964,1034.4203080909365,5794.853392632544,2601.8948062371005,30320.449060156017,258892.39118859425
2565.5544736932284,1193.7127306687237,2680.8202969537897,2654.131327124572,2611.7911696839315,2491.3212382282836,93823.05953889758,883.7086602939014,2187.11050671266,1021.9501566798978,5729.465880748099,2577.3536810139135,29981.5851943455,256310.821576761
2533.6394401332586,1176.9071743375703,2653.8417287387415,2626.485889021373,2583.3946041591144,2463.253207433873,92756.92980739572,870.8507780101633,2164.8571319451194,1011.7003581940277,5669.734191233171,2548.1065018066874,29598.59746700277,253683.08063638132
2506.532482891807,1157.8840380376837,2625.4250017269555,2596.9299799074456,2551.8102566797174,2441.3799956818702,91694.00622633909,861.2876026150822,2141.5172591838673,999.8385826370486,5609.915917975899,2522.8415805009486,29259.069109933575,251026.9126509663
2476.9888949519714,1140.9036120941676,2599.298103676272,2566.4441111505057,2519.8471075783536,2400.7300892340704,90627.15737390026,848.2911234998868,2118.1961864522364,989.623406127672,5542.891017927281,2492.9777383890855,28866.29690144378,248339.04299039295
2448.992875645486,1121.1805416914278,2570.051056807925,2534.6726135473937,2488.4311128895724,2378.087991185412,89555.03082240738,837.5952062515775,2091.7531818518905,976.2798981795884,5469.909830242744,2465.9011894203477,28508.855073663683,245576.14672667693
2419.6712464881066,1104.2092030804718,2545.4000903784367,2505.903763811434,2461.0822493154706,2346.5524259834337,88495.16859037513,825.7265453086334,2068.4420163177742,966.5674288115611,5406.20397830983,2434.693718976911,28131.93314623777,242965.45950783082
2388.9825370177323,1085.170833131984,2516.068585695637,2476.166166975256,2431.938109222667,2321.4405062391475,87425.90420805576,815.7366058096026,2044.2268123365102,953.8568313893793,5342.720170277199,2404.5767586134457,27775.419649376334,240260.1877696429
2359.0552679493385,1068.0624028055163,2491.3367541684593,2448.341647792928,2404.1070203549107,2290.712714350264,86363.56094867046,803.5906290006238,2020.5147320134827,944.460309758346,5276.552776487483,2372.7114448134766,27395.21293678424,237598.4211544126
2329.2440678463354,1048.5901436212519,2461.948875352329,2417.719238177514,2373.77943121868,2266.7990927310507,85294.68000118261,793.4822176430569,1996.289760313896,929.9363973241564,5208.481700655057,2343.22527463558,27036.67180294943,234856.93528993285
2298.4792346905037,1031.3866738004158,2437.8590520972084,2390.871707109983,2346.6092985856394,2236.6955609308975,84234.45972612445,782.2781454589206,1972.1232501591874,920.3943395464227,5144.491227454265,2310.9068887429034,26660.157911509592,232239.87029924736
2267.7713873247035,1012.3033758662391,2406.72614898495,2360.672460893869,2317.458094420054,2212.899401453927,83169.51399568252,772.7534088928877,1948.068401374157,906.559972285251,5081.9842579575725,2281.8896992071827,26299.558396766,229558.9760826259
2238.3743101389473,995.4227661510325,2384.6649809731466,2332.3860482725413,2286.3326959809747,2183.9821852592117,82113.81657843268,761.3272514753095,1923.824596432231,897.1570021334323,5017.005426285106,2250.5437850773137,25922.858019434178,226834.01654901393
2207.7103285659778,975.9752665292699,2353.3462799784893,2302.25976668466,2255.7391942250465,2164.0690673167246,81049.58244484817,751.9569742801488,1898.9990415710242,882.5717245435801,4950.125085451027,2221.1628867158815,25554.07440891361,224129.44963276747
2178.3246409015983,959.5147187903399,2328.5165193059174,2275.5137665988373,2230.925962340879,2133.911963923093,80001.49974317638,741.4241176317917,1874.6862409149476,873.6787141003175,4888.314177800534,2190.250157064231,25194.658847213424,221425.55904085157
2150.9534832453837,939.6269324875091,2300.378655152868,2246.812929534778,2202.2067402516504,2109.677859789998,78953.44465126142,732.5512690922219,1850.832404273175,859.9945414562553,4825.617986500529,2163.7496069053627,24841.19442334757,218779.2671823564
2122.067118255467,922.7122414410939,2273.662840463412,2220.416197425914,2173.6216772887396,2079.919865684687,77903.3407480221,721.1021195947612,1825.8484463654065,851.2135349822722,4760.201344715953,2133.6093988665857,24474.692523097274,216045.97287934468
2093.9715210319264,903.4957487259035,2244.88539102586,2191.655720923497,2141.9830862698964,2057.553566878465,76848.06049544363,712.7281251557959,1800.9271500135703,836.4392908251745,4695.181441959268,2106.9495699094787,24110.642623509717,213465.4756159496
2063.4791977775562,886.7805417711501,2217.5629033372197,2164.9649465397097,2115.110416956255,2026.8485299111535,75799.95658452468,701.1451587802599,1775.5392771713514,827.7191874499105,4632.111513490808,2077.1741189015756,23736.43063950538,210796.71244048033
2035.9782643325525,868.0832899256612,2187.870126296405,2135.715076783277,2081.108981710815,2005.2182894094585,74757.24915769871,693.2048518347603,1751.1620210020371,814.5695343107283,4570.909131856141,2054.1060070391122,23383.695874197427,208245.77370272132
2004.8093997428396,851.3613535083023,2155.2099688521985,2108.664276847387,2053.402812990767,1973.7373119960876,73685.26080336735,681.7324894252968,1723.7272521192363,806.2553664707738,4508.724796823014,2025.4904129179,23005.628883917416,205432.42679678043
1976.4294968127542,833.1340697600649,2131.4958457055873,2079.9605919381934,2018.8344273668552,1954.7647099539695,72649.04187088172,675.2061387444784,1696.6899112735164,793.0770938376163,4441.450253792546,2002.564624760428,22662.10329448779,202847.71099402232
1945.0175858110595,816.4826137929116,2105.804159344356,2052.8911135641197,1989.548141659835,1922.7725791231128,71631.3678134986,664.1707954369533,1679.2463564487173,784.830329510352,4380.155980926233,1973.0305996032068,22294.131749213215,200239.88958996447
1916.6775770011207,798.8717614037575,2078.1021991372627,2024.133043974716,1958.3274009127686,1902.8275219575212,70589.77731156019,657.7719844812103,1654.454052682067,772.9605460503617,4320.214655109882,1945.312402650872,21944.922205631512,197690.56163312765
1887.5361377442857,782.6228993124818,2047.8050224673775,1997.01018912349,1927.6749134215734,1874.4724368716902,69549.22339168188,646.331015567335,1630.585173747055,764.9401801200355,4257.915717801,1915.5210622907127,21580.07423843101,194950.9925684776
1856.8014456227272,764.7189625339664,2019.514145777037,1967.927649012176,1896.6220063473106,1851.6336793520072,68501.89373770573,639.7877527198774,1604.2204390784068,752.087249977714,4190.157433683959,1886.3141366908342,21218.162805874435,192302.31914504198
1828.4036077222518,748.1019951549991,1994.8400195587421,1941.0103749461948,1866.2863205538467,1822.6434650406215,67469.90523612492,629.011296645954,1580.3779441648817,744.2346758767852,4127.035252908177,1857.0601697368204,20868.88550934562,189584.35901204182
1796.781206647617,731.7184050230403,1966.304398663756,1912.2476678415233,1835.539278817282,1797.4507133769694,66430.87516935705,622.7537072034294,1555.4104823871226,732.7089104954473,4066.850200143389,1829.3266486308858,20524.037528594785,186956.65242091872
1767.0091215492434,715.9500766067259,1941.118755805035,1884.6715990044265,1805.0462765104166,1769.1541184293806,65400.711211779686,612.4818840195157,1532.4870658040395,725.3113085611511,4003.2651989378546,1798.9046931798355,20177.167728307733,184170.9007218139
1735.2465447422467,699.9130295800693,1909.4502207551059,1855.3355883208699,1775.6793798449012,1745.7540299568434,64361.27010810605,606.5971977324302,1506.72627863227,714.1793031558611,3938.7716440507843,1769.5230562967827,19828.77793666352,181434.7449045719
1708.2994941732106,684.3609967659598,1883.8356444158828,1829.3753035093773,1750.5091895791033,1716.4156323679897,63344.311712228344,597.5618651319638,1484.2133033065843,707.6008069585149,3875.5884945468524,1739.6668098313671,19490.706099223713,178723.01085053795
1678.3198915022076,669.5806592385917,1852.9570444100393,1799.9298302840723,1723.0603782163412,1690.7205804298246,62318.03535479939,591.8087184460157,1459.9977789884722,696.8130996661037,3815.8014572452485,1712.3286062614864,19154.107417248004,176059.52707979674
1651.2312384072613,655.2014545529396,1827.4475595564081,1773.5684385413858,1696.2846264101117,1661.1406232267514,61296.323914549655,583.0109820299976,1437.1895777865357,690.6571909609731,3753.0402999954977,1682.8958853146446,18823.79308077921,173288.76612174738
1620.7491185642864,641.2894722108765,1796.1927192971737,1743.6368608540479,1667.504242250027,1636.5105960490444,60268.158976021456,577.4226421218251,1411.8788430759832,678.7088418897528,3688.9385591731216,1655.4708037021662,18482.37970986314,170503.78885009335
1592.3394646098677,627.3242223732382,1768.9963571305032,1718.2259220609744,1645.1453911106664,1608.0742068452446,59259.52295076197,569.9001115870003,1388.5984186557328,673.7774855279497,3626.2414204718493,1626.1185926987089,18156.941333695428,167739.7043509148
1564.8840665649777,613.5332259140928,1739.5458256034678,1688.8657960543787,1617.1582013628215,1581.341078748696,58246.05442126277,564.5679781730622,1364.2751055629126,662.0928377368508,3566.750949539421,1602.414004177044,17827.17396813436,164983.2904999156
1533.9682722312189,600.1824886922133,1713.0961305021362,1663.1667720840423,1592.8712845600578,1553.2941509779441,57235.75367888682,557.9534328947456,1340.7825023274922,657.9967552329629,3504.978653602895,1573.6594012282756,17502.724931871493,162231.4754271541
1504.9123245180226,587.2663913637754,1683.7345471625454,1633.4697056410103,1562.5185893367466,1528.4406017996794,56160.240267531844,553.5943776070999,1315.911343871397,645.3214357576934,3437.5198524905827,1547.7654583149672,17153.29899747506,159420.3157098611
1473.4271763810011,575.1579999992629,1658.3535758130993,1606.1020870693903,1536.6569649432643,1500.644913456032,55168.570930794005,548.52678267548,1292.0387377243985,641.6133891939509,3376.443755578146,1518.8100893451535,16833.990687496906,156730.4814072496
1445.6454328796308,563.1634132570994,1628.6333364333627,1576.1436130585462,1509.3038824062278,1478.0622370368917,54203.032845448535,545.8388722896648,1266.858790187804,630.5905211287835,3316.597358382293,1491.1803668010552,16500.76692064611,154084.90877115165
1414.638872322048,552.0349517336645,1599.0357131216679,1548.9517787293646,1480.4504508986947,1452.2314831613035,53196.08744469395,541.5013056204891,1242.7541419243912,627.8625943519785,3258.00944263542,1460.1675796224492,16170.725858329477,151301.21490992387
1385.4380957185492,540.9847912241876,1568.8523176192004,1518.4208650836913,1450.0704753685966,1433.3078779267405,52187.894181125965,539.0527985018376,1218.2216853312268,616.1733308750216,3192.6328013530683,1430.8236110778394,15828.88004122593,148572.8470096504
1357.5396558733694,530.3271991822409,1538.9044388674295,1490.4446077719974,1422.3061004241856,1408.3660092690284,51195.436750031375,535.6977269917123,1193.9783445323085,614.3055354793108,3133.581380440786,1401.5711844440784,15501.816842488004,145875.44540897524
1330.979492359318,520.7694968840138,1512.6255333299714,1461.0416157833563,1393.1983739839038,1382.0798672573696,50208.61202407056,533.4462273760654,1171.0501749555601,604.3959134334398,3073.986407557028,1374.2258713602853,15170.575531146029,143194.59087856463
1303.5492879777823,510.91584515084116,1479.650774988721,1433.6859699503937,1363.747595013341,1357.529925453994,49222.60091571422,531.0736946301181,1147.6505389906733,603.2246319026743,3015.71686508192,1344.6023639547682,14845.882300322008,140414.83012854122
1274.0543112806308,502.94965361348756,1452.0078338335154,1403.7380206275116,1330.4315895074274,1333.7593214001022,48236.76269172096,528.9942362282858,1123.1744070749082,594.263124435973,2951.5119659092566,1318.4698855025372,14507.438141671159,137680.0761542936
1248.5156906990048,494.1648109594111,1424.349042618989,1375.934659732458,1304.4838558968706,1308.009442679014,47269.35399991094,527.181834014033,1099.1881816585367,593.7766123881254,2892.8577347937894,1289.2945091479096,14193.052762841828,134954.98562652647
1219.730391521071,487.75286396693105,1399.7769609286154,1346.0767898619567,1274.8352819259976,1281.9539639755847,46302.6526562824,526.0164617893596,1076.1099645553281,586.4715262947324,2830.992123355087,1263.7753326685518,13865.891330308452,132255.38275309192
1192.948254458154,483.57754879996247,1370.7397111801681,1318.6868706400371,1248.7350318081678,1256.2331880041154,45338.972025679,524.4343257556005,1053.6092740790934,586.6906913372374,2772.9284688482644,1234.4395785070003,13547.41550696755,129451.263433595
1161.9763289828254,479.0526537117845,1343.781333117596,1288.1218753756762,1217.1619088443683,1231.42422950014,44370.38005166473,523.0497380056869,1030.6491886730196,578.6288014436188,2710.706645946812,1206.2695319813038,13215.901523330984,126734.16455035901
1136.3487823947396,475.5226873529624,1320.259959351088,1261.473930911056,1196.1706245726152,1204.1948607657077,43428.0859266007,523.0528906122266,1008.1911620720814,580.0004037091807,2652.509966128931,1176.5690302892183,12913.492856435116,124057.8369341499
1106.821044204777,472.3720868352055,1293.6368134766697,1232.7110329183408,1167.2528738823644,1176.932405349914,42480.39422321846,522.3323436106338,985.8697012631593,574.9234424817682,2595.1017476087427,1147.58731816293,12589.792939437115,121337.87280460034
1079.3702172873243,469.4723000561889,1271.6737642123398,1205.4179757170914,1143.1239149176565,1151.0383349867795,41549.697792213316,523.2751851196421,963.8404671799588,576.7642752996112,2537.327175543944,1119.1974917708571,12285.283118761014,118564.05596262738
1051.1822382106523,469.3691716305906,1242.604927982195,1176.2838596230588,1114.4560524222027,1128.8533237940228,40622.39533478626,522.4208001677633,939.723256168578,570.9044502804356,2472.880420150282,1096.935126337861,11978.917841073324,115827.77591888225
1021.5920674728897,467.7323922502039,1220.0454575013548,1147.6258411315955,1093.8113275968378,1098.1801598596692,39699.698937612215,523.6515449980634,916.9015271036988,573.5274713527804,2413.203638996814,1068.9778031168412,11676.514335524807,113056.14227486447
994.4850548839938,469.0693232956276,1191.7846205886278,1120.0775084668976,1067.3265905604478,1073.4416056951566,38790.445562296634,524.0255256824511,893.5010642186419,567.7892752871024,2352.8936502886518,1045.4469731767974,11375.33305533604,110365.9538042089
965.3976143173978,468.70588597688936,1166.3918194221526,1092.5778170091407,1040.3257996931773,1043.153130095185,37883.76819304502,526.2854691287093,870.9841781263218,571.5987549758837,2293.076897408413,1016.8924705290658,11064.091952909266,107534.79642782109
938.0099163422591,470.4519224933359,1137.022846991512,1064.0681607832676,1010.838684752064,1020.1892212081672,36986.93900239501,525.9509738141157,847.3306968141874,567.5201596434954,2224.2674752683133,993.0527442873857,10758.914358976243,104827.4608655492
909.3828186861307,470.8410044175756,1110.5889430480522,1032.9319606875417,987.2101546679863,988.4853784505916,36101.529451527764,528.9455892259033,824.4134030158203,568.1402094422132,2164.0212622323565,964.8415456352838,10454.56005004234,102080.68274837255
881.8462217417463,470.36357984606957,1080.5098200204684,1006.1909173330699,958.3736159002236,965.0290177692633,35231.212503946284,529.2116550156429,801.0751041268036,568.2020692201562,2103.6479080856716,939.8074633575244,10168.207849401257,99350.25458448836
851.3229155449193,471.70238769892893,1052.350887690686,975.9960004097087,930.7422344937287,932.9831243171081,34366.62186787661,532.2469462538395,778.0212947198252,568.1427671571032,2043.624040366862,911.1212448096874,9854.165534490674,96587.3284673991
823.3102502273246,468.48849658283126,1024.5672830041976,948.1217896866056,897.850377190631,915.1264142185647,33521.847396539575,532.9478745273768,753.4319180719882,567.8108860006055,1976.2814646113297,886.8085931458963,9574.669405802917,93824.64292168514
794.5751670381024,470.83037046900427,995.2663732448453,915.9641590431097,872.6290690155769,881.0545613327623,32701.179400690948,536.6609411426164,730.1294689818931,569.1353330613762,1914.5997851172351,859.2579684868252,9267.31464873092,91213.5298026077
767.166377943234,469.31600630397145,967.926674246166,887.8611297711673,838.9581431939505,864.1124443281805,31902.428932168983,537.4471778497164,706.0727244059113,570.8671874018985,1854.768165955229,837.0604481177176,8997.581926968027,88571.8109090076
737.2297797696457,472.24901558084946,935.9505418193512,857.3449444857926,813.4512242312248,832.0991078150063,31053.406973393612,541.5742098975973,683.8079180535234,573.0508654783956,1789.758152071701,809.8543806539515,8679.191586582483,85607.429323794
709.6585237007815,472.8327766862115,911.8759857004513,829.0747405505288,781.5096904825916,827.3463381355275,30281.520971842947,541.8517613283642,658.9370305451775,575.1368000288971,1729.890299066532,787.1548493295057,8421.227943227183,82900.49689112396
682.401897260061,477.2201018680492,882.4371635477683,797.7488771676254,756.7889757623699,800.215609123918,29522.227093415502,545.987376378937,635.918523833228,577.0332848261858,1668.5827794047937,760.1917096107437,8142.415918497583,80190.70055828668
654.8220009007376,477.3018660660823,857.5075239075642,769.5043235903203,726.7269612293991,780.463973671029,28798.88871534236,546.7977093155556,613.0661798859059,579.9195407275472,1614.7178516117808,733.9451290374923,7882.114917585432,77536.65647187855
629.2686798738536,482.0014363713471,830.1461907289558,740.8039417759807,698.2160147889377,758.0595599382408,28091.0100987433,551.6752078686245,590.0307834318143,582.3886030462394,1554.1291048308892,707.8149453805547,7604.95419038028,74795.20423276261
603.4660573313622,484.4002661174837,806.0091842227226,710.5829170188587,669.6917046508021,737.6664826846587,27415.455408149403,554.4431275607393,565.0884201243528,585.5352104218925,1494.4721943821673,680.7100701246648,7342.471448354185,72111.61282933863
578.1568004923852,486.706708016861,781.7822546805916,682.9967848972957,641.1855461224592,713.6481814684869,26763.331991940748,560.3251443068316,542.7651563074965,588.3160816830366,1436.9980290514156,655.0949564813512,7080.400895785273,69545.14849369375
549.7811606729175,489.1283606999228,756.9234352206789,654.8292665878649,613.4874061296182,693.7754862472918,26151.193562124226,563.9369014929152,521.0791301208155,592.2118157882633,1386.4060231148515,628.5478905236313,6822.999522305465,66877.67257181296
523.0307490594153,491.5602568594912,734.0290997521018,630.2207736305248,585.4624366001967,674.5358450534667,25555.564736875738,570.8047344283463,498.7864475955008,596.3140181852903,1330.7128983821353,603.2969249088534,6558.439123787752,64162.2599504387
496.2288754819228,490.57648228086055,705.6465329021507,601.5663082092644,558.3309247914846,656.0782344993823,25016.481944109844,574.3728342251337,474.2580099902301,601.6248561330501,1272.8715592987303,580.2371789257004,6297.1713924781325,61239.31594866254
471.8839295379116,499.173790703386,681.4657502334572,576.0513357330389,535.9068728856819,631.9153070820365,24502.24611621786,582.2189602448987,451.43049413826895,603.6299314318818,1223.5884441078338,556.7178794682252,6061.059192310372,58761.63934687424
444.83418290892143,503.3253855877657,662.8538581270278,549.0134719634119,510.800933672979,615.7074115146868,24019.91670337593,587.1519928790558,432.7899163428026,608.6477459385283,1178.7269456381696,537.2006720726608,5822.1397870420715,56229.33174682695
419.67426961858973,505.4736126690582,636.9971122375229,521.1861947269159,483.71921913861087,599.6110683472451,23593.479323713593,594.4986436904545,412.5976280435458,614.2352923251973,1128.7154660497786,514.3929813005482,5565.812843245071,53621.874591890184
395.5221134354561,507.7443824809653,613.6938469747014,494.8945130103586,457.8785651854564,589.4071953197484,23215.439780251418,600.6323913638261,390.49088328751543,618.4011809922047,1079.395957032279,497.86594145241963,5330.093012317389,51098.394594362435
374.2590883156551,511.82078855857173,589.7460409683711,471.1273925729773,435.4141737546255,567.7851840891663,22880.955568190435,608.1534770979093,370.203698878456,622.6413138884773,1034.7410404932366,476.65981441039685,5103.846414250254,48625.286586427756
352.6531556600477,513.0738955525504,569.4373611032108,447.8843602173129,408.2741562872476,553.7708319214738,22594.591075432665,614.9157003564989,349.07053006805904,628.4371567184547,998.742346307604,461.8369538758318,4880.850990602201,46169.87806790442
332.96271790936737,517.1892038448785,548.1293698144185,422.09704229240015,384.918407137344,540.3423236754948,22356.630455272694,623.0547022545046,329.9434368909452,633.594683014732,959.3949353059718,442.57717364477213,4661.852643110022,43731.11652235572
315.1139073466183,518.241502001037,529.7734183812636,401.057158769956,357.85984831760237,532.8701020743229,22158.51872514104,629.9492019381014,309.99302208340254,639.2326706210882,919.6848137713428,432.02724620807186,4452.0875317813525,41392.91975399627
295.97329870910926,522.6146263372228,511.03033093177726,376.36969994462305,335.91456187566814,514.4766774488967,22020.516675752096,637.9955374916433,290.44640505800834,644.5393895123907,887.353212678099,416.47040613038706,4252.377151949002,39092.33223167188
276.44385461722567,525.6035349820554,492.5856988261618,358.29789177198495,314.6569821695864,512.0086061919125,21765.676756746812,645.7506516172399,261.7590380976805,649.0986817037075,859.783083002297,403.5219268606891,4064.5065702763263,37107.25550985907
263.06362230290307,532.923586741755,472.8192396513055,339.31355756473823,289.4533260938914,499.35806109936385,21828.07707889853,655.5229428738368,246.80230853715935,657.8038267315122,834.6308373794991,391.00458682142397,3883.00869810497,34966.769318399194
256.9302960083445,534.5398231564029,460.7530420244387,323.8761070998491,277.78426937956755,500.10157788543677,21738.29657154391,662.1146774629115,232.77247699369872,660.6635316016803,801.0154640807332,388.0538530925235,3707.6081358166393,32760.817282341184
252.964895391071,538.6932684573806,439.1067146798569,305.0098931191217,261.2079671496852,487.7824835193653,21739.31741845898,669.2702413240139,221.54811687549105,664.2689065157633,783.3195408959031,378.4265967831881,3528.078917180228,30535.69496564266
257.07704241974716,542.0080999460329,429.8814272970565,295.88778632107403,248.56582260285947,494.1738867085663,21520.966918201168,675.7138263695385,212.50302367670122,668.9494632030227,768.9992601727782,368.7870296971367,3356.1472886075444,28607.631332605684
266.20762364104854,547.1673268719986,413.81377570942914,288.6611950206964,242.115529850251,479.0475090463595,21213.34253574677,683.91878529203,198.03430122711293,673.9514465271211,748.2678894749859,365.4578039138173,3200.018059596458,26843.845581661724
258.52323179923735,546.8417606813226,403.2824327378916,281.17642426024076,233.91848605573077,483.79565524062855,20904.055927122743,685.6392578411779,187.07002737859398,673.5338429483268,724.6532549665002,369.45132912542965,3093.053315601004,25058.315597591303
245.46120492105715,547.9889245935944,385.8550270957488,270.7338273720289,225.99790331790862,455.4980617658155,20592.360794389617,688.3979420163298,172.99848901423968,675.5948995131891,708.4686885578488,369.4061752232786,3023.813347395141,23636.281071086116
238.5861765413893,547.3408783488336,374.93496397140575,266.91292255028515,217.9778487026645,461.58485479555804,20315.226135311423,689.7672735165155,163.10295892430278,675.3580165020485,703.3444418365175,376.97422082487293,2966.9242906289714,22228.873922091374
231.70206938809795,549.1109291219235,365.4085826626639,264.1430382896099,206.46529190091863,442.3345206732967,20073.939407038128,693.811639672062,151.94494424200224,679.1188627033014,694.8761937063992,380.78511738956354,2918.4411526058184,21001.076070553165
228.86192853179205,549.1857046236453,357.490102819353,263.1921795524786,200.95345227393804,449.3934447663306,19843.953081658834,695.7672157688486,142.62468259987912,678.657838389422,687.9424462622987,387.8334163611582,2889.271577420253,19852.16763678007
232.42447934709935,552.0015479546989,347.60601949816464,265.5365752999707,199.4139672227886,424.7611502639091,19644.200496751222,700.4520168361119,134.11461854553355,682.5706509586756,687.2205471773009,400.01012209759244,2874.0263939769275,18864.17478595017
236.8125124140219,551.8050329868423,342.4622471568339,268.1164106737515,195.45761560240442,432.7329365783297,19421.451216982983,701.4093103082386,129.25855911004334,682.4652629956605,683.8839289004773,405.97114539893886,2855.552547813544,18306.104378325857
239.76474496674354,552.073790116443,337.742284015113,280.03092076082254,191.45021075992727,418.41905671054974,19370.92939511398,702.5080212852565,126.11320326527186,684.0223434493436,682.7328375757702,405.54828392313385,2850.996054783384,18053.946730082516
240.06899859412357,551.3108702849485,339.94051477333744,277.2686015606768,192.4442308009902,436.0497765188859,19367.84438822096,701.0815206229177,125.72892219439252,683.1059510286158,679.2973278460113,402.5204530280241,2847.3595550625037,18142.64501623126
239.4332747718248,551.8501946257958,343.942504655091,277.13644529514505,195.06886679248672,415.94400548636884,19358.683225826288,701.993896679671,124.58593679359151,683.9825740894524,676.5482553550007,402.46050658551286,2860.2027626575345,18267.75809780746
239.07460173719952,552.4951375055113,343.47351122993547,277.7304153828615,198.35585413543896,432.44427450038984,19350.617644648602,698.9569044795263,124.49234410878998,682.8935077355135,681.5003555952957,394.8750212767869,2862.5279670844707,18181.586070241927
234.2405489210675,548.3900179649403,350.6419857009387,277.600519895721,192.77196360530377,416.55646326346243,19349.5487676082,698.4584231172761,124.06163555877848,676.8835608707805,679.3179490232413,397.1025620115296,2862.8298688922787,18188.189710767278
235.26344551157044,545.6330645101234,348.1764183954716,276.22740451665857,196.73534013809447,436.8034067249807,19335.882641332948,692.7179075477774,124.45044176016278,677.1039752575583,675.4808487609906,389.98204886262903,2843.5238003717054,18195.335642077654
230.06546865256402,540.0971160392211,347.52153872258384,273.959746721898,195.80088555594676,411.18662744334404,19335.78149672946,692.2750807882178,123.85486644619414,671.1181968556474,668.3435290448451,392.55957556412443,2872.2712484928948,18183.99453043751
229.51667417848998,537.5319749072966,345.37669934432745,270.901525369396,198.45230240612267,432.1120931857031,19330.746515910218,686.6096209162953,123.58025625651369,671.6656165852379,673.2652670788237,384.9036646135615,2879.8296785235443,18321.81717259689
227.537769180533,532.2866416023246,344.90869231230295,272.54091012248716,194.51890503572167,410.58707999488274,19336.205241955773,686.7562425724338,123.4458734885596,665.6646447788296,673.371368024201,386.10984872649493,2867.5992935799527,18148.80210173329
225.41671301075309,527.9373480498632,344.08566528374655,271.79445334023006,196.78876685263933,427.81050020072223,19323.669499482832,680.8009622542256,121.74477377307994,665.5739799303205,671.088335511614,382.40788583334796,2869.260324821727,18174.214782145584
225.98859233892702,522.4992844991605,341.31356589954834,270.2667782168479,197.54809257090164,399.75034272249786,19323.85767215635,680.2311236007077,121.55254078893606,658.2645571072258,663.2943560369318,384.4778366527383,2850.6391725878552,18266.815550735104
226.2065542030012,519.6891396627116,340.10995897000157,270.0004854721211,200.21771638747524,418.58879872348166,19326.10379467798,675.0565173405363,121.63419028803276,658.8195454227297,667.8853422776376,379.91042873578203,2836.9517936553684,18293.447331476844
226.96473819151046,514.9991610002077,335.9615918491799,269.07604479265234,198.68024020272398,399.0596571792073,19332.765626599932,674.4555189865288,122.6056854347243,653.3120019588994,672.634015395083,382.30915588651516,2810.6524938884854,18173.554477619175
228.17733629287676,510.90357572794613,334.52771156969595,268.22033207099435,200.27185726592842,415.72311345367274,19328.99684829195,670.3439601560082,120.67025506707495,654.6627644757004,668.4243623636878,381.64328860605605,2815.7783843265834,18126.41224488414
230.84874175578054,505.8669077204679,332.3126740055676,265.8823812945491,200.40230730818388,393.0938251462091,19304.209097876166,668.5611708686502,120.95563599511874,648.0914012961802,665.2741720849211,385.44089066949033,2801.222677514871,18094.48488453175
234.2809382078853,502.12284700509224,330.01930944271174,266.07139683795896,203.2412625981483,413.57353586650385,19293.914227738678,663.6392145027881,121.97509300170873,649.1872519358599,663.8836045231483,379.6771617351174,2789.7597519052447,18123.449516977118
236.59929042208972,497.65259292347184,326.93571077820786,264.4495378819198,200.55654133554597,390.2328780207589,19318.420670299296,662.228788992616,122.59086265941569,643.2805149439199,666.6347800833297,382.5145353101545,2784.3177782140883,18286.02707166493
237.25610316691953,494.02380649280553,325.2056600605847,265.0282411946356,202.46527375726455,403.5072862214843,19324.692468904526,657.1046710303129,121.15618643803057,644.7845015053473,659.1633305047195,376.11728104844843,2772.362326418822,18285.508519289717
237.5318967626088,490.06207933774095,325.17179377972315,262.47703639199943,203.98098297382853,379.47341505249943,19340.621176959412,655.3273730693858,121.7672425177809,638.1538032863949,659.8645942556823,380.5090734197388,2761.7675679970007,18267.125194630844
239.76402999199053,487.02327427056446,324.0082862762291,263.454747714066,206.29581025550954,392.6494522428927,19342.662835650917,649.894566712816,122.61524821723579,639.7818472205536,659.6703487803012,375.4817605125291,2759.0625540299025,18317.358354488817
239.13719258015033,483.74433390732634,326.85881630891976,264.69354459298256,202.39466750484902,376.2965430771766,19349.853201881615,648.8890371407201,122.82525067031028,635.13280736232,664.2273934188817,377.82354373291577,2743.5817917422582,18227.27217761219
239.97706102706712,480.5614939561014,325.776248877205,265.62149501262013,206.4614811292949,391.9493733596499,19344.703683507018,643.4977124964132,121.80592511912367,636.8825550053033,659.3998837035992,374.1851019581204,2746.5854976132146,18291.40564948371
236.05876632936298,476.84978706273915,327.76003475497464,261.3060113673126,203.24586326236684,370.5122549445461,19344.95918950031,641.8448038205711,121.55859143597041,630.758645949863,654.9507453043882,374.9381825145083,2735.7445213356846,18362.53277263856
236.77713667360678,474.0309979468462,326.051315315218,262.0048245043957,204.34703340848296,389.05658011886294,19346.382139382044,637.3310092876042,121.10305537519616,632.4774062584285,658.0839237298813,369.73910792823045,2738.1497817464415,18499.92011623507
235.06154120982865,470.19204411852377,327.50911453291934,258.53074873453903,197.56928269667353,372.1014799980601,19362.94573571759,636.0571434360074,120.73513002949292,627.6295642524495,655.1643200893267,369.6776497408732,2712.8295864986917,18386.195975417097
235.93596548948275,467.4414580223096,326.69862556203793,259.72758602554904,198.92213243205813,388.23594699374837,19363.37382224469,631.854662792001,120.17203737308172,629.0452205830919,654.6255307511856,364.5789738434996,2715.457502055977,18422.475481483518
170.61997258258023,498.5546210633752,273.6271795355444,281.74310563889946,186.5356227063628,417.49641588510514,15125.51679282118,627.4905180271892,122.29495496022703,539.9658187094165,509.31355009658273,314.9499739318116,2274.0338222087994,19856.295392552736
169.43990050565384,491.7439675196632,269.2699509916165,283.3307603132358,188.65756389955794,435.8097163237959,15138.890029940188,622.0444279498706,121.18762241009883,540.995578374914,520.5717451503438,307.35567314727615,2277.560218226816,19939.51164241736
162.01185887773576,490.69922486903266,275.75704027327,282.0740381774956,186.3754512220247,421.1771612732365,15122.990569882626,621.6635025645562,121.33822424663182,533.6374684162256,521.6303696053981,306.93998828233316,2282.647490971222,19751.86507274106
160.7117098173988,485.8272354234513,273.79612128765814,283.2379824700632,190.63938004151677,440.48330388751964,15133.255562727763,615.8638510264209,121.54100115793715,534.0898217115554,521.2144954385496,299.2021024455872,2274.4915942779694,19820.48696673143
158.65975311001472,484.4131342405389,278.51713688646436,279.29705338891023,185.205831493361,422.9398577365614,15111.103665262186,615.0641280542118,121.37051889043137,526.0580096580743,520.37548913495,301.15819646645605,2281.022749543189,19849.96567562462
163.92395352448932,484.92866053592365,283.50105901507976,270.43766574437706,179.56392120392212,452.97764145664314,15381.44933093486,630.272213168258,125.61296610750091,545.0667639173589,539.6502684510367,265.52861774368284,2252.4275579514638,19893.990386950594
162.45009730064504,482.019480745396,285.8010619424599,269.19704153364256,177.27862211689984,439.6208145157294,15363.894073982541,630.2464626977016,125.38019008730672,536.8987870981725,541.2107372272335,268.24581040889524,2247.2657857005365,19707.20794992331
163.71576826253306,479.1152604036828,280.83998316226103,269.0592174277349,180.6070225238584,457.38282480361704,15373.49217187019,624.4063445128088,123.4104813074553,537.669929124128,538.1683808149809,258.52178101395674,2245.720602362305,19741.928343590214
162.3230228325252,476.3027073651253,282.30110355118666,262.6639637919402,181.95777775329165,437.3135923572218,15353.79542690898,624.1157364282126,123.1703447980129,528.965143196859,537.1343848154337,260.9778065517076,2251.6544866261797,19700.987040800195
163.30793163591426,472.9416458048095,276.5685998887445,262.87265264379545,179.98423000763452,456.7461230929842,15364.600709847977,617.847736413362,122.39470679515857,529.3712381150043,543.6896036693987,252.3466769975158,2235.9420250703347,19748.87611852003
176.23987399328456,533.8972878435611,176.25351346959422,266.310495609704,195.68362243246992,485.36170758780963,17125.060845635162,692.3472422860825,100.8581247121674,566.8845994957278,621.3070879077269,179.547021607937,1703.0735249566912,22299.59084622463
177.03230174845243,528.7889222337299,171.4166062898523,268.2329753724564,194.69909033879256,505.0292045168852,17130.827776846472,685.9245598278081,100.18873916934794,565.465636563052,606.3646380879022,176.0670236559771,1695.883225269915,22385.527092319287
175.65521938061184,525.9855584599312,171.08426209532598,265.34090836026985,194.38894235364003,485.0558749810501,17105.500702407793,685.4664901361651,98.83388336391309,554.6693169823266,602.9710766858941,179.14208074112855,1713.1802326241063,22357.976889290425
175.58160930428852,521.7150923734412,169.42105688576277,269.6141339977621,189.4936085477178,503.44367852289787,17111.494800196924,677.8402075859261,99.55426112116028,553.4359455675684,601.9580168041471,179.21425378824676,1713.8810381533074,22242.664178266212
174.63408468646682,519.5923633940546,171.54748991706055,268.8376462984132,188.416852164758,487.486722981339,17101.147741600475,677.6769931798634,100.24081380564516,542.8866134646316,600.5418888905747,181.88065918881304,1692.5703691643891,22128.937283835927
175.45144028277002,515.83705307497,164.83757036084822,273.43699377385394,184.43781265190083,501.07329172800536,17106.1015213298,670.6923195760136,99.7130194074941,542.2248278045597,578.1105111385189,184.47318149462342,1696.2927919458746,22121.41972637354
170.38360897114202,514.0818593841709,167.7148387189524,273.3903069104751,181.5578322983086,481.48157005580975,17079.92089001657,670.5787919089383,98.88806400407525,531.9311254395045,576.7795867267176,187.7132594624309,1691.9512710099916,22140.919798559757
173.80965821110308,510.3339956057558,163.44677471643118,278.73748815269795,181.14099243508804,498.415224870877,17087.743013199783,663.4755050097373,97.93284534800127,530.8368852074735,574.0231524401036,185.23737099396067,1701.914769054894,22113.84427343562
172.69509105152858,508.4960261851122,166.05149707020476,278.18297308376907,180.04566876185763,479.2766236490816,17076.644416028135,663.3899426108975,98.47043617359506,521.1288188852645,573.1927356412644,182.55768576373825,1702.595003536385,22036.14620776635
176.85304037658057,503.92559126818,162.5111253228619,283.37523096103075,182.90674180196314,495.0327987587576,17077.61572076694,656.4089860215785,96.65840111912736,520.9271735267273,550.5109680921087,179.04554879333887,1703.7372161728754,22181.654700467763
172.47532841241187,502.7829397398892,164.2559845702133,274.363854772994,179.45919786223402,478.3300633716652,17069.599615551284,656.5192884686747,97.55874567843574,511.56405947491146,551.5889989942408,177.4496061240064,1707.3577303116874,22252.093718446955
176.43246908306233,498.19459234177185,161.484466560285,280.90731090369883,183.73069200990363,497.98091277468507,17071.388388096904,649.5384048220691,95.11732799574638,511.4014332472912,548.6829480190221,168.80890235969508,1739.1913638545218,22326.028655609265
175.17358145391478,496.1863768261489,164.39590415860292,276.86132013388544,179.86897482044532,483.6027012388465,17075.475134640972,649.6192438654706,95.6438233483733,502.8682061690424,550.7328450499036,170.09589581113644,1748.3005953268084,22133.311485809885
179.31333675322156,492.05726988157664,165.17175944248842,279.42195434124955,184.38334768084795,500.1926635141428,17063.54894814262,643.6470001183008,93.88827103497245,502.9833256983401,531.8542065095398,163.5784333334277,1764.8510384957021,22123.55238374731
179.66941066637762,490.4446156799694,169.364983178452,271.4312683802468,180.82425080536217,478.126232631985,17063.4541190373,643.7033434679132,93.25905588722692,494.9651720143492,534.5407876490585,162.32053007019405,1768.710802517347,21956.460002989934
184.30860299869337,485.38952407647645,173.23752528477564,276.01572608576436,188.96487622118403,496.28434612002116,17050.851686661666,636.1814476974205,91.33525768063056,492.807448794101,540.9062053997204,162.82794285390972,1796.5219799730098,21841.2242468895
184.11188585736693,483.0671950953791,174.20614786487133,267.45702637394777,188.23136715963207,479.81019671680997,17052.93403228614,636.1258160762287,92.11726789762211,484.331883511771,543.9830035556146,164.67993340331458,1795.1737747216132,21664.724775134775
186.6099650378671,477.9819103938938,177.54673152074645,271.8589558077299,191.09595549495717,499.26440418175883,17046.863778386516,628.8117013179937,89.58059967826888,481.84914783933004,527.816823905469,164.2081143307942,1809.9757856279286,21480.620444168428
187.51296192741685,476.02168107805323,178.83566035682176,261.06105806294124,190.90001884034666,480.4296613759248,17035.44740163497,628.8414319330808,89.88947097476449,473.08598725054753,528.7163727566357,166.57916692442453,1806.6578365620117,21420.912250986832
191.21160754388305,470.6048177812721,180.43817521556414,267.1024254099687,194.2821052121856,500.6233178950765,17035.231712019828,622.3909040611035,88.25705078061216,470.8446369680927,535.7094690218227,168.16757572254193,1806.8953657964219,21282.437651420994
195.46547011136806,468.5347979038342,181.8121265346854,260.5250467192784,196.11441755464736,486.2716579685264,17023.420775483057,622.113466839077,89.63956390908626,461.7833599373754,537.6069598854405,169.36151410144592,1798.6749177930255,21113.03428109733
197.91571724266288,464.3536923845003,180.86644295037593,261.6347003353104,196.5488416627146,505.27547014484617,17028.13911426083,617.4337416792491,86.22137047315029,459.8083826489163,526.4364495597422,172.6077297247624,1785.8441821618899,21111.344297743715
196.173684113076,462.3593625540493,183.74781257080107,252.19275467675408,199.02607141142303,487.97435694584846,17000.21754249912,617.3954207776245,87.22285188280004,451.4211959371893,525.2015532858946,176.35943929940726,1773.5424708465307,21089.413662252377
197.96320997255347,455.682698950769,183.07492888860057,254.04193548632267,201.45342915844975,508.53626410242566,16997.504532666535,612.5494219364302,86.4909909406662,449.58876813983534,532.592997736285,177.1517644269185,1782.1902873805652,21119.46467814416
197.24120779443993,453.41450976009844,188.43839815292276,249.6674737129252,198.71399557711987,493.0138834824619,16932.470957909813,612.543523919973,87.38188877865153,441.5620564203212,533.8467641413307,178.9077679586597,1782.5408453899845,20924.594621609576
203.59686689252712,448.77768799065706,182.28287770675047,253.7938792690947,199.5656053983967,506.99836887781436,16972.269727405088,609.1971734590225,85.72739706345075,440.19406757069663,534.0725760778245,179.25315055766492,1756.7352125789891,21051.801835722785
201.8163591794997,446.1198718451064,186.3362381312776,251.69949719617236,195.24297874793538,496.1727793336553,17003.130150449557,609.2368097834392,86.3385702020141,431.7841271902949,538.063759170386,182.11203800809898,1764.4327829518593,20857.088858784246
197.77616642927495,441.44112757484066,178.86185550443008,255.50637261904248,193.82197193829694,514.0278846892403,17033.754643563763,606.4681441507026,86.93495039233608,430.36779511136854,549.2772990650716,186.69428906027866,1761.413871726171,21010.274142524893
196.03470047328096,439.212180885976,185.57874837694217,248.3376935998436,184.1393494680983,507.7803407196264,17034.971351208846,606.576097313871,87.62202315915113,422.13114911050724,553.5898025944377,187.7155347130515,1778.7119861443477,20863.671229610547
196.92848006318647,433.13327416854713,179.89469482003463,251.13093096114093,181.8286660230616,519.6812442481222,17048.62385952377,603.4333541106014,85.97162977147308,420.9754018582206,543.5795872367363,182.51418795330892,1755.125024824057,21014.99778283646
189.9108172271425,431.1368232112234,184.2345224935407,241.25524097452666,173.59274349289902,503.135678301234,17032.042543046842,603.7723370115597,87.45709211283612,412.9991964682758,547.0756246859283,179.33731050636624,1759.0940932244841,21057.20050342945
191.03193865264208,426.1575081587931,177.7045816543075,246.91358827172596,174.10598475353498,515.5796002110662,17045.2245638781,599.9460346744387,87.19218788677455,412.2636293587658,546.2573112219332,177.7550300733704,1764.5612218635342,21124.158357808847
184.16819076722467,423.8206789300585,184.54499014564183,239.36439523879463,166.804098078799,502.2879720296644,17036.368308246958,599.9766474943617,89.54706991157435,404.0167207505301,552.9045698104584,174.72285850931442,1770.8307081614487,21067.87447931544
186.99442847515527,419.3955616207724,179.16476272141145,243.48084040983716,173.06440400379813,513.1018546704959,17049.361118371064,598.4428082222216,89.10834667759319,404.35588139756845,531.3581328634572,171.25118766617942,1772.1084637060387,21097.804209472488
177.836317258218,417.238363904641,184.41409694998939,233.48891717082665,168.10963181896787,495.124258180791,17031.85999568034,598.7098263463412,92.01683138372562,396.2206373680294,540.4643833636292,166.4722444828248,1791.0683543993532,21158.867029903733
182.1668178847079,411.73930958180665,180.63055737006033,237.7434215366122,171.2330409412524,507.2014437325739,17041.06910610468,596.4663815763761,90.19530070087399,398.1139872290259,540.9007141021668,165.89220006147545,1786.8855387953083,21049.25150729166
178.80036693617325,410.268446642407,182.51915746504648,229.05593547043264,168.7519770409567,493.25496117725834,17031.176011661682,596.6266586717423,92.6239654636697,389.91401524351505,549.500090042569,160.91665398699283,1805.362380882743,20843.038289047177
182.20908617185586,404.8619250294704,182.0949165381629,235.4786878100201,176.24156257248328,504.32303652804086,17032.379577595155,593.876369860706,92.41477609241686,391.2064183106425,523.3298745139123,157.13856774579452,1808.366066619536,20753.020459942032
177.44028158282168,403.6778664140083,180.8545971422416,223.8432231227705,177.0771713349269,489.2496396002759,17023.279210409353,594.4075838265857,96.54757210607113,383.1504983790833,532.5246688584087,159.0857265043006,1818.6432596642783,20721.40047289836
180.87837657235298,397.9163025843202,182.15868295322625,228.0945555339423,183.09224359697444,500.61928553425605,17018.251393879473,592.7651993999074,95.44111709634028,385.94161616801125,532.7294108421486,160.39694950997915,1826.4135305626064,20659.741957643797
177.86346756331187,396.53510740983654,178.38949005494763,219.21372662265463,181.35949541201126,484.09975858498444,17009.96622829641,593.0443438356544,96.62123403230423,378.7901671029776,543.2861147817268,162.416389752336,1826.0354715219883,20563.305146874718
182.46226972851662,389.6567305541517,181.88719533420095,225.61357908111623,184.4525703308128,496.1293295980518,17003.586152704527,592.3523051042517,94.19307432604471,382.26822767236945,528.393721199796,161.39178066416912,1812.2465632964688,20545.02257570699
178.66214244861726,388.87111924544064,176.8855606883424,210.56478265893023,182.26051847500116,480.15796830675066,16997.859789631297,592.7213401298349,95.13770065837777,375.75196917294187,533.9260683190728,165.90262354001035,1791.301977548102,20574.711809741682
179.56662067933382,379.1245818000773,179.25720194001593,215.7534619390593,182.91226399098412,493.78068548904724,16984.575005387072,591.5732294858294,94.30053907153062,381.51509988306157,536.3929504921813,168.79078504491216,1792.5880011305462,20534.336871228617
179.08504595406998,378.113957761495,178.1766190459844,207.5187897432363,178.62966463050176,479.3796676215022,16982.38667094079,591.8591631215108,97.51742923634023,375.32648128532117,537.7885926218914,176.525263156085,1788.4936927970018,20490.524866984306
180.72016175962554,371.14837295894694,150.562492597305,212.4482209552409,167.68567217472972,493.3796842718492,17096.609945396798,592.325382416179,96.96975570413828,379.3693460642827,525.6296971730732,174.95025180763855,1771.147449918853,20406.71897426436
178.13622961072883,369.8291413104648,156.86821788350275,205.0435050505059,163.17964003340006,473.7303305300627,17128.121233014703,592.50550466495,104.13886676421545,373.89670563071246,527.4526105669452,181.29510284131896,1777.7711789407945,20394.79776376498
178.3228171649771,361.62244079027596,178.43732966651467,209.20076093123947,155.28180278884366,485.6425607992869,16999.724534614645,592.0358373891823,99.93643491987453,378.36241693080524,529.6850850098068,186.03612365842937,1801.8974957307696,20418.96252429623
176.33573586017522,360.30007266288237,182.2306339047251,204.4175937251043,149.6339486268518,472.5614649512131,16988.8860977838,592.1252303498443,104.43257100037843,373.34943447895967,532.5081122926964,189.10461275814714,1804.3261317970325,20355.025438972152
195.1138552143015,387.9751821548022,189.09495889000019,187.73111257001895,165.38314084068233,500.9354918315094,17789.111681228154,624.4548566749717,110.91661992689225,386.09058903988984,557.9610147093398,165.84202439197512,1723.186085050187,18779.00751116149
186.60377991538658,385.9018133643588,191.91568532874686,181.30455971510722,160.93940079912193,480.45920238102514,17766.727702618016,624.6969462643674,116.08039461708171,379.1650168000926,561.3229814217021,166.9548495671216,1718.8159083923556,18919.73976248797
195.88137472750836,378.0579798438434,192.06121761219313,188.85333297742943,167.67334694423604,496.2883847478757,17771.93381773142,626.6712242328852,116.97813347592492,387.7216993096092,570.4987823475241,171.9809078499504,1722.0045009680039,18805.34403448827
188.80396232898087,375.25753971453474,192.7268407382875,183.22186047509337,161.37841664489164,483.4050922620705,17768.26142936423,626.6291515807154,122.9733846162738,381.0121108044829,573.6232406674739,173.16961053252044,1708.8757699759597,18706.35501996405
197.1603670932676,369.7671616148075,195.7205458377104,187.96672325037687,167.8701585664126,498.16155455512364,17766.8325049071,629.1660384678921,123.79684167271776,387.13775730675235,567.106244877999,168.57027875999844,1678.7445931326888,18698.938420093844
186.56763673251072,367.5043038913695,194.2539670207733,182.13941108506518,163.01767560400828,480.81463738578566,17758.587685605486,629.8381396010208,126.3272075319205,382.0641373699976,570.686310474755,171.87508993808075,1674.649853550328,18754.419711747192
189.47237264124988,362.54913927490935,196.22408479221428,188.7377901852174,171.30014236107914,494.8230124151824,17753.543122349456,632.0870033255961,126.09480778716635,388.8400990078961,581.9308387169013,166.42916126837213,1655.9523195244717,18797.415570349185
183.6236498919277,360.61302861001474,194.4509654518144,185.65151788577126,165.68209462320797,482.3801391096522,17758.97447839997,632.8158306721658,127.75754062736975,385.20800231969724,587.3519463536677,168.31448911340175,1654.1799313971915,18752.369185929092
182.96206494677003,355.895190779623,198.92202144607396,192.06463007453246,174.5779476044376,494.6774954774864,17743.841577751427,634.9689974558302,128.09226906767086,390.969522195378,578.0978662149826,160.5638665124491,1635.6223191923214,18680.126119847704
176.45285129677498,353.90706937383675,192.6572558730154,189.18041346039428,172.06301991858547,481.86103303827423,17738.24200078157,635.4077143181255,128.43808711937965,387.518828206684,583.8707740494825,164.38187942578654,1645.234064912273,18620.72181394653
175.64202550505775,348.23642638320933,195.50482927052764,196.29115754492744,175.44791786548416,495.60302998551634,17729.84091028042,638.3551056137342,129.55433097054453,396.3319864403599,595.2772892082851,161.89274030158168,1644.0566954835374,18595.80759141285
175.24223696458725,346.72380698091337,192.03796403574094,199.88521222617211,172.9751503241726,481.6563803136208,17731.054103685867,639.093397818871,129.44973564185887,394.21505971398886,598.825101646859,164.3247542241725,1642.435019696721,18541.285840937024
171.42574246085215,342.28318013909427,190.11789882232296,208.02857595373968,174.84651920192687,493.0810757245457,17721.14569422121,641.5718799678574,131.18887973358048,403.04132539576057,590.8851297985626,159.3314769513805,1635.724046111827,18470.64218653533
168.17282530021117,340.3397938767174,186.71627420419875,206.24558029933655,172.6259288336474,475.151175605854,17706.050057215296,642.0407644363718,131.42825796076525,401.00737641084316,595.4008355343665,161.9182860079417,1635.598704658705,18432.929755363555
167.93641441820037,334.7406974494772,189.412035979674,213.62476474261226,168.8061609395249,486.62291499165906,17700.93493168966,644.6013384290627,132.83307198712674,411.64010838473064,605.0815499402188,161.668322654277,1628.7765098263844,18423.10443161285
166.33276492116227,332.4654735974942,187.89891538728193,217.9192221167226,166.07965607598808,468.6361503022383,17695.61264691076,644.897337476548,130.95005179683545,409.73043126206164,608.1123164256364,163.68770972605532,1610.0198824770696,18318.066508483083
164.556382408995,326.83315663610017,184.77025397099683,226.48810607831155,163.46060072707644,482.38792794975393,17705.40550057709,647.7436373439061,133.30815573301734,419.55024670182326,595.8945020945241,166.16776452691133,1615.0951060546556,18162.25841341821
162.42138720417705,324.3322073304281,182.68662032625215,222.71271486592255,158.77287091212867,458.2211336418719,17685.521592897378,647.9525753063159,132.80225915247664,417.20718689975337,598.5556634324956,169.90426757009476,1613.4320443162053,18166.3962309308
163.81067586351398,316.4457031534826,180.5758222484099,228.1906840892398,165.7993898359425,473.01616141490933,17683.762546996208,651.4678912073942,134.1373189954552,429.8738132896793,609.2289760111826,170.53893685344175,1629.4434898107215,18184.735301592507
163.0117261922256,314.5612867481819,179.91489834843145,225.41658088352997,163.6137274630481,448.6125928098529,17689.050276655686,651.3304567232626,134.77617146095614,428.26665100910327,609.4198539903422,173.72823982360237,1618.532922517245,18043.974784424576
168.7182618560269,308.68132603895367,181.94080179149358,231.41351120549749,171.55556265543638,463.525869169929,17680.229041110677,655.2544473329397,136.8394061782115,438.8838012019318,600.0853904361915,173.14704217076306,1605.3228706355267,18123.405718409387
164.46738057258165,306.87336753937353,182.08002472407517,226.9861181529752,168.68418297877858,439.006925913957,17674.38125163208,655.3460114446666,139.16652870690885,438.2899063204967,599.7066688521747,176.2160311546351,1608.6211000856651,18053.198727737665
171.48408450588775,298.5202465630119,181.37379782587232,232.186342087875,168.48528474485124,452.2836751572106,17664.588961379515,658.2852596241487,139.75896582249172,449.21634956419695,609.2161755173958,174.76822976389164,1595.538481041,18204.572513351075
170.86961482165384,296.7393525838716,183.60823654695392,231.86821018372282,162.8807681981393,431.79680954664656,17670.756139507197,658.5932599024043,141.425918810558,449.884372652659,606.7891708117226,176.76326076322624,1608.0326688892408,18047.28173559585
173.62614489345987,289.09985238105946,181.7108917741215,235.04640083434202,168.06005265548765,446.13588980047484,17657.339033403146,662.1182583655674,142.88026009363927,460.88519689245044,589.3716261015946,171.5309903178996,1608.5120259957519,18094.72528307419
166.52928753840263,286.760940945585,181.55794917876972,230.83599156847697,162.766634562726,420.50182624671737,17649.35913179224,662.3349497806774,144.1395282271846,461.3319480792976,589.5718855657996,174.23245991963242,1626.1065986074727,18134.812588119566
169.78509651202128,279.23071186638003,182.63895408947258,232.1594167972644,158.67945525363905,434.16705306122105,17645.960243751244,666.086258230056,146.47539956379433,471.84700018938526,604.2068195121795,170.6690734299313,1639.892661137533,18191.825133528233
167.46236060277963,276.60220970057964,178.86420702405405,229.9478393324481,155.890658343575,418.6173402499126,17657.982062966574,666.5128234611669,148.6937714419492,472.3428918331138,604.8015329449555,172.5041017652251,1641.1625353161232,18030.17593653823
238.64438044617458,243.42945036783615,108.24912196688398,276.69986979081324,208.33884739671862,167.40942364496826,850.1389425720802,767.4177927964192,227.81016154506563,634.7033328641453,596.1391727630491,242.90530340215804,1948.608090869624,3990.352370489176
229.4452237707997,228.1672118426272,108.24912196688398,284.526739641065,203.72661310482832,160.64656408569385,848.8684477521975,768.3620024195947,229.4480749571774,630.1378137292604,598.0607134918644,244.44194325046064,1961.5321071931742,4107.060112770492
239.39228777707186,237.80025921113256,104.73398308057205,286.07995384897544,205.3823709597315,161.8414147297985,854.157883928391,775.6558251228927,232.33727457953296,641.880271150243,611.9985876078223,245.59037081479693,1938.1675720218527,3891.1527759828905
235.1096599390076,221.6464576763644,104.73398308057205,290.39468110670015,202.80403356472763,157.28902343069112,851.5511570252453,776.0897211941298,235.18317499310942,637.7139840725512,614.9578700637989,245.97164417923122,1949.1656823072385,3811.1592062033023
108.68034311025019,237.9466232861478,164.70038556022337,160.30737279811643,356.8522674954773,59.981272539619276,1156.3698493362144,71.37088313359652,380.5788327558482,197.53520221977465,55.41425780502418,190.17126689043636,448.6402693636147,1016.7150069512585
94.1372152865539,206.22455998149482,164.70038556022337,173.40478052943809,349.69026038111815,55.869670374985525,1114.544930764913,73.23120051842875,382.51433617817526,210.77653750858667,61.77070023195833,206.0913732865059,473.2957310407839,1074.9175926611617
97.15110130378353,227.75354477456256,158.82298560074656,155.73820989102373,365.13562065473457,59.66549118214605,1161.0227909708096,64.54399092920873,389.42285893755366,217.89987751794703,49.27478080058211,205.0172870366036,531.4487957972823,925.7613833095096
84.63799649240602,196.1174083699007,158.82298560074656,168.29642632489828,360.36023318766416,64.84043873417936,1135.4982053281503,67.83499119891269,390.9695431374141,229.27015455942583,66.97572219899264,213.28989933335814,540.6553951932987,1360.6180906180168
105.15948838306042,218.0910648704299,169.5273291672874,149.74910496156352,382.3081116181956,77.77243718301673,1231.9661877769715,59.01244674220424,394.5247686245978,238.5244816885956,55.71500195499948,206.0161872490092,523.4392180857104,793.7110715737484
93.35742866911932,186.41411318827232,169.5273291672874,172.22973017204546,369.3782613418539,67.9295107888993,1177.909574991805,61.74492216195958,397.98547452178684,250.93447421998263,68.24314397387428,229.19496852192913,592.20814238278,973.7558533000971
104.18851441315053,205.61877533654905,152.26676313133774,152.13787278134595,377.24486903614695,70.47079885617465,1192.3624795704866,51.67428948286341,392.5935615472689,261.42400053654126,55.96633813747744,222.08451754756882,667.0662190438524,1149.3668069868288
100.6225480634734,171.92468967707146,152.26676313133774,154.06263534117406,378.7335525785133,68.26032935387366,1136.8880729355055,62.64285826687935,390.66450264244236,268.2938561909239,61.154174724514306,235.36881628637963,740.9476922575454,1760.1609902019381
121.35456085911103,192.74477754520322,149.44621263908357,137.11140614519516,383.4359021805898,74.11195124335042,1164.9260204029931,53.343419515214045,385.82896634537695,293.79696010863535,46.817271460802836,220.02442012025546,791.5349952163805,1632.8624360359777
111.23022386751848,160.2343349331221,149.44621263908357,143.42273694963296,365.1463615172303,57.47650340484219,1079.3385316656518,64.84903142418082,383.39079055809657,299.18242856565126,45.390884920928386,237.64802730867424,871.031227178964,2089.6863553274598
115.9175362620983,183.69023045851685,142.4818373947157,117.8745214094295,365.5867368796962,64.17880160424156,1073.755431338657,58.9329643597117,379.51978371344484,326.9110391931632,53.68927528767974,231.11113839176366,996.4056735722894,1956.2805467444698
104.26155227814579,148.76094561165135,142.4818373947157,121.06455757163656,346.9556367888686,54.310097140127304,998.0924995504297,69.03152328130565,380.8989104583208,333.40926100508113,64.59984341421314,235.99178631132412,1059.4306324661604,2522.9791930560846
108.15618902029519,173.47352204943303,171.30601599712693,105.21104452305791,350.1134503635822,83.67776338498986,1088.2083359172975,63.89309466176677,383.910648303049,362.6458887274579,67.31942979896606,216.43697204557606,1057.7786064074642,1837.3791988800729
99.7912053060452,142.5248008447116,171.30601599712693,115.174268577162,321.12171430618463,55.24670035004294,1001.0741629802089,76.42768119814207,385.3413311879206,368.9829976018887,86.9494301021954,229.2121539019311,1131.3557807441152,2235.0123731119006
101.48611340839442,164.3738633402506,192.14114107275824,96.27249875135688,322.02179858360387,66.4794943515372,1030.5170152624871,68.87470668881993,382.83441388064784,396.9006474093839,86.56061087973397,220.85361470518285,1241.0587991404539,2177.280237179627
90.16954067941116,133.68936735300264,192.14114107275824,104.83511433559298,308.8513529872876,51.511028372877995,997.1644890305237,81.73151910016605,387.71935814520924,402.7071576763632,115.29671440966038,226.11019281221147,1292.0066809113775,2626.2375487769177
98.81163864613079,159.10654437072216,204.5640226391392,81.67996296017033,315.46342794169556,75.30203880824162,1041.0194306141027,77.09576284558229,384.81932527046513,426.68505911921096,115.47930907213825,219.82464007777241,1397.8315669647293,2244.7156682935224
84.70029349489339,127.83130094602797,204.5640226391392,89.49501451447365,306.1768782250253,57.60539375483014,980.6665242319848,90.58198979937244,389.66989877503164,434.92330065597156,131.75386393067947,236.8596480012461,1434.01096183038,2786.6630710624236
