timestamp,orchestrator_cpu_usage,clientthree_cpu_usage,api-gateway_cpu_usage,clientone_cpu_usage,clienttwo_cpu_usage,server_cpu_usage,orchestrator_cpu_usage_anomaly,orchestrator_cpu_usage_anomaly_score,clientthree_cpu_usage_anomaly,clientthree_cpu_usage_anomaly_score,api-gateway_cpu_usage_anomaly,api-gateway_cpu_usage_anomaly_score,clientone_cpu_usage_anomaly,clientone_cpu_usage_anomaly_score,clienttwo_cpu_usage_anomaly,clienttwo_cpu_usage_anomaly_score,server_cpu_usage_anomaly,server_cpu_usage_anomaly_score
2026-04-15 14:35:30.305999994,0.0009149174324604,0.002401963907609,0.0012841972823352,0.0032662785085072,0.0032607847516299,0.0011474511022493,1,0.015306150574201871,-1,-0.23315785881829698,1,0.09004787715067392,1,0.0905945291537471,1,0.0891785071584188,1,0.09550018113240033
2026-04-15 14:35:45.305999994,0.0009149174324604,0.0035925051433406,0.0012841972823352,0.0032662785085072,0.0035294076946885,0.0011474511022493,1,0.015306150574201871,1,0.12899893988105732,1,0.09004787715067392,1,0.0905945291537471,1,0.0677016335533866,1,0.09550018113240033
2026-04-15 14:36:00.305999994,0.0009149174324604,0.0035925051433406,0.0012841972823352,0.0032662785085072,0.0035294076946885,0.0011474511022493,1,0.015306150574201871,1,0.12899893988105732,1,0.09004787715067392,1,0.0905945291537471,1,0.0677016335533866,1,0.09550018113240033
2026-04-15 14:36:15.305999994,0.0009149174324604,0.0035925051433406,0.0012841972823352,0.0032662785085072,0.0035294076946885,0.0011474511022493,1,0.015306150574201871,1,0.12899893988105732,1,0.09004787715067392,1,0.0905945291537471,1,0.0677016335533866,1,0.09550018113240033
2026-04-15 14:36:30.305999994,0.0010568147331768,0.0033069695937638,0.0010369657904454,0.0032431157820363,0.0034063600284002,0.0010100188452972,1,0.02862627819184299,1,0.036574782131650274,1,0.036632530356820125,1,0.07039227054074315,1,0.01137948085558843,1,0.041234986372058025
2026-04-15 14:36:45.305999994,0.0010568147331768,0.0030303894362397,0.0010369657904454,0.0032431157820363,0.003283348198846,0.0010100188452972,1,0.02862627819184299,-1,-0.021575460805279945,1,0.036632530356820125,1,0.07039227054074315,1,0.08077769465743989,1,0.041234986372058025
2026-04-15 14:37:00.305999994,0.0010568147331768,0.0030303894362397,0.0010369657904454,0.0032431157820363,0.003283348198846,0.0010100188452972,1,0.02862627819184299,-1,-0.021575460805279945,1,0.036632530356820125,1,0.07039227054074315,1,0.08077769465743989,1,0.041234986372058025
2026-04-15 14:37:15.305999994,0.0010568147331768,0.0030303894362397,0.0010369657904454,0.0032431157820363,0.003283348198846,0.0010100188452972,1,0.02862627819184299,-1,-0.021575460805279945,1,0.036632530356820125,1,0.07039227054074315,1,0.08077769465743989,1,0.041234986372058025
2026-04-15 14:37:30.305999994,0.0,0.0042670659248867,0.0,0.0,0.0031965617299962,0.0012520127033257,-1,-0.15413010041031683,1,0.03269581527996129,-1,-0.21219498734416364,-1,-0.22844025535447898,1,0.09601995814605668,1,0.07788026123871922
2026-04-15 14:37:45.305999994,0.001272911175331,0.0042670659248867,0.0011974525673345,0.0033666559495377,0.0031965617299962,0.0012520127033257,1,0.027572523749704703,1,0.03269581527996129,1,0.09419729872442822,1,0.13478324017088883,1,0.09601995814605668,1,0.07788026123871922
2026-04-15 14:38:00.305999994,0.001272911175331,0.0042670659248867,0.0011974525673345,0.0033666559495377,0.0031965617299962,0.0012520127033257,1,0.027572523749704703,1,0.03269581527996129,1,0.09419729872442822,1,0.13478324017088883,1,0.09601995814605668,1,0.07788026123871922
2026-04-15 14:38:15.305999994,0.001272911175331,0.0042670659248867,0.0011974525673345,0.0033666559495376,0.0031965617299962,0.0012520127033257,1,0.027572523749704703,1,0.03269581527996129,1,0.09419729872442822,1,0.13478324017088883,1,0.09601995814605668,1,0.07788026123871922
2026-04-15 14:38:30.305999994,0.0,0.0,0.0010157397672064,0.002623649925457,0.0,0.0012621406157237,-1,-0.15413010041031683,-1,-0.2128645835752131,-1,-0.02983460738259358,-1,-0.12018395512310243,-1,-0.22094901257195,1,0.07595668983792825
2026-04-15 14:38:45.305999994,0.0013118255832159,0.0035026179697916,0.0014682475419317,0.003635731545575,0.0035489865341726,0.0012621406157237,1,0.017282702378259795,1,0.11261512705185855,1,0.01936473078363493,1,0.0476833935192742,1,0.09328362383816802,1,0.07595668983792825
2026-04-15 14:39:00.305999994,0.0013118255832159,0.0035026179697916,0.0014682475419317,0.003635731545575,0.0035489865341726,0.0012621406157237,1,0.017282702378259795,1,0.11261512705185855,1,0.01936473078363493,1,0.0476833935192742,1,0.09328362383816802,1,0.07595668983792825
2026-04-15 14:39:15.305999994,0.0013118255832159,0.0035026179697916,0.0014682475419317,0.003635731545575,0.0035489865341726,0.0012621406157237,1,0.017282702378259795,1,0.11261512705185855,1,0.01936473078363493,1,0.0476833935192742,1,0.09328362383816802,1,0.07595668983792825
2026-04-15 14:39:30.305999994,0.0012213357215059,0.0040632414500177,0.00176205836345,0.003491987710999,0.0026452668831844,0.0018495524816924,1,0.010883311165310106,-1,-0.01799695141183255,-1,-0.12095524909111777,1,0.07375878906695055,-1,-0.05497590488825843,-1,-0.08795108702568244
2026-04-15 14:39:45.305999994,0.0011031630817043,0.0058765484018962,0.0020352945258957,0.003359089916517,0.0040160680408415,0.0018495524816924,1,0.08036276912384854,-1,-0.22463480223808818,-1,-0.18384953846894814,1,0.13257554520355347,-1,-0.08834244200167907,-1,-0.08795108702568244
2026-04-15 14:40:00.305999994,0.0011031630817043,0.0058765484018962,0.0020352945258957,0.003359089916517,0.0040160680408415,0.0018495524816924,1,0.08036276912384854,-1,-0.22463480223808818,-1,-0.18384953846894814,1,0.13257554520355347,-1,-0.08834244200167907,-1,-0.08795108702568244
2026-04-15 14:40:15.305999994,0.0011031630817043,0.0058765484018962,0.0020352945258957,0.003359089916517,0.0030048723090081,0.0018495524816924,1,0.08036276912384854,-1,-0.22463480223808818,-1,-0.18384953846894814,1,0.13257554520355347,1,0.02669858820858484,-1,-0.08795108702568244
2026-04-15 14:40:30.305999994,0.0007199058410689,0.0039985994175969,0.0,0.0033946252165362,0.0037826572151719,0.0,-1,-0.13428768265635715,-1,-0.013115689089590932,-1,-0.21219498734416364,1,0.1216480212618955,1,0.03130243447901804,-1,-0.23010310700150594
2026-04-15 14:40:45.305999994,0.0011507552743792,0.0042992297448625,0.001318271874184,0.0033946252165362,0.0036169614889914,0.0009525982804304,1,0.10935097225238333,-1,-0.023949081051700682,1,0.06335764277002942,1,0.1216480212618955,1,0.05411907795089255,1,0.0020275498711819773
2026-04-15 14:41:00.305999994,0.0011507552743792,0.0042992297448625,0.001318271874184,0.0033946252165362,0.0036169614889914,0.0009525982804304,1,0.10935097225238333,-1,-0.023949081051700682,1,0.06335764277002942,1,0.1216480212618955,1,0.05411907795089255,1,0.0020275498711819773
2026-04-15 14:41:15.305999994,0.0011507552743792,0.0042992297448625,0.001318271874184,0.0033946252165362,0.0036169614889914,0.0009525982804304,1,0.10935097225238333,-1,-0.023949081051700682,1,0.06335764277002942,1,0.1216480212618955,1,0.05411907795089255,1,0.0020275498711819773
2026-04-15 14:41:30.305999994,0.0,0.0,0.0017219013196604,0.0024037322374698,0.0,0.0011074795956492,-1,-0.15413010041031683,-1,-0.2128645835752131,-1,-0.014100363923240211,-1,-0.18589369416997403,-1,-0.22094901257195,1,0.08869747213377249
2026-04-15 14:41:45.305999994,0.0011407245767167,0.0038286959017915,0.0017219013196604,0.0033348887610283,0.0030856128726927,0.0016274099517267,1,0.11006593593488068,1,0.05881843905650913,-1,-0.014100363923240211,1,0.10938617154733504,1,0.06090070309046103,-1,-0.0808872044019241
2026-04-15 14:42:00.305999994,0.0011407245767167,0.0038286959017915,0.0017219013196604,0.0033348887610283,0.0030856128726927,0.0016274099517267,1,0.11006593593488068,1,0.05881843905650913,-1,-0.014100363923240211,1,0.10938617154733504,1,0.06090070309046103,-1,-0.0808872044019241
2026-04-15 14:42:15.305999994,0.0011407245767167,0.0038286959017915,0.0017219013196604,0.0033348887610283,0.0030856128726927,0.0016274099517267,1,0.11006593593488068,1,0.05881843905650913,-1,-0.014100363923240211,1,0.10938617154733504,1,0.06090070309046103,-1,-0.0808872044019241
2026-04-15 14:42:30.305999994,0.0011262673621801,0.0038286959017915,0.0015288435690653,0.0034292942874005,0.0020771826105487,0.0013888663544177,1,0.07990892794901644,1,0.05881843905650913,-1,-0.03917308107750961,1,0.10946168124659011,-1,-0.1838858354966667,-1,-0.06034131841780532
2026-04-15 14:42:45.305999994,0.0011117011319688,0.0034806330126945,0.0013258700224464,0.0034292942874005,0.0024841780473003,0.0011598270790623,1,0.08600719244997002,1,0.09863494852198912,1,0.04954452871272236,1,0.10946168124659011,-1,-0.02914780755442703,1,0.08831778420892256
2026-04-15 14:43:00.305999994,0.0011117011319688,0.0034806330126945,0.0013258700224464,0.0034292942874005,0.0032559634940122,0.0011598270790623,1,0.08600719244997002,1,0.09863494852198912,1,0.04954452871272236,1,0.10946168124659011,1,0.09039201592803636,1,0.08831778420892256
2026-04-15 14:43:15.305999994,0.0011117011319688,0.0034806330126945,0.0013258700224464,0.0034292942874005,0.0023005145732089,0.0011598270790623,1,0.08600719244997002,1,0.09863494852198912,1,0.04954452871272236,1,0.10946168124659011,-1,-0.09629281145023483,1,0.08831778420892256
2026-04-15 14:43:30.305999994,0.0013806005361929,0.0035761480596602,0.0,0.0,0.0038504817600537,0.0031364166187647,-1,-0.061404143195026184,1,0.11457246454741637,-1,-0.21219498734416364,-1,-0.22844025535447898,-1,-0.03314437525114411,-1,-0.20952288605609248
2026-04-15 14:43:45.305999994,0.0016560870587808,0.0036936691508673,0.0012865594301478,0.0036621226945486,0.0042152051271122,0.0031364166187647,-1,-0.1422073875487767,1,0.07356798299437434,1,0.09102261889080843,1,0.06661337619227697,-1,-0.1391715376812419,-1,-0.20952288605609248
2026-04-15 14:44:00.305999994,0.0016560870587808,0.0036936691508673,0.0012865594301478,0.0036621226945486,0.0042152051271122,0.0031364166187647,-1,-0.1422073875487767,1,0.07356798299437434,1,0.09102261889080843,1,0.06661337619227697,-1,-0.1391715376812419,-1,-0.20952288605609248
2026-04-15 14:44:15.305999994,0.0016560870587808,0.0036936691508673,0.0012865594301478,0.0036621226945486,0.0042152051271122,0.0031364166187647,-1,-0.1422073875487767,1,0.07356798299437434,1,0.09102261889080843,1,0.06661337619227697,-1,-0.1391715376812419,-1,-0.20952288605609248
2026-04-15 14:44:30.305999994,0.0,0.0035182712712895,0.0009584823328529,0.0033644445205715,0.0030068657604919,0.0008941331237614,-1,-0.15413010041031683,1,0.09872434287532944,-1,-0.06568884782975504,1,0.1378569593560534,1,0.05550003393584246,-1,-0.027855199845190914
2026-04-15 14:44:45.305999994,0.0011584250912613,0.0033629053222054,0.0011435723207875,0.0033644445205715,0.0030068657604919,0.0008941331237614,1,0.11038002806066177,1,0.09707164783901229,1,0.02801268855786404,1,0.1378569593560534,1,0.05550003393584246,-1,-0.027855199845190914
2026-04-15 14:45:00.305999994,0.0011584250912613,0.0033629053222054,0.0014807199034766,0.0033644445205715,0.0030068657604919,0.0008941331237614,1,0.11038002806066177,1,0.09707164783901229,-1,-0.0019909013460370772,1,0.1378569593560534,1,0.05550003393584246,-1,-0.027855199845190914
2026-04-15 14:45:15.305999994,0.0011584250912613,0.0033629053222054,0.0010714859401533,0.0033644445205715,0.0030068657604919,0.0008941331237614,1,0.11038002806066177,1,0.09707164783901229,1,0.0026643636412278515,1,0.1378569593560534,1,0.05550003393584246,-1,-0.027855199845190914
2026-04-15 14:45:30.305999994,0.0005809292049434,0.0030534674215645,0.0008863959522187,0.0035205860750197,0.0,0.0,-1,-0.1959924659311022,1,0.011869563361880053,-1,-0.15601339652108281,1,0.04147591043527282,-1,-0.22094901257195,-1,-0.23010310700150594
2026-04-15 14:45:45.305999994,0.0008214061117282,0.0030534674215645,0.001575981475486,0.0036723475452411,0.003156393587382,0.0010881885684682,-1,-0.042132525392000075,1,0.011869563361880053,-1,-0.016498889656365034,1,0.05674624193933708,1,0.07593713160353466,1,0.10267535867371835
2026-04-15 14:46:00.305999994,0.0008214061117282,0.0030534674215645,0.001575981475486,0.0036723475452411,0.003156393587382,0.0010881885684682,-1,-0.042132525392000075,1,0.011869563361880053,-1,-0.016498889656365034,1,0.05674624193933708,1,0.07593713160353466,1,0.10267535867371835
2026-04-15 14:46:15.305999994,0.0008214061117282,0.0030534674215645,0.001575981475486,0.0036723475452411,0.003156393587382,0.0010881885684682,-1,-0.042132525392000075,1,0.011869563361880053,-1,-0.016498889656365034,1,0.05674624193933708,1,0.07593713160353466,1,0.10267535867371835
2026-04-15 14:46:30.305999994,0.0011397732593739,0.0033643927873124,0.0009372502168226,0.0,0.0024286017475401,0.0010982472675862,1,0.10809580687674264,1,0.10372318976087358,-1,-0.08098117542071481,-1,-0.22844025535447898,-1,-0.05131665996493773,1,0.10540546888001906
2026-04-15 14:46:45.305999994,0.0014316011114754,0.0033643927873124,0.0012949543884023,0.0034793362496713,0.0035547232672617,0.0010982472675862,-1,-0.0365333093069623,1,0.10372318976087358,1,0.08320150765602757,1,0.09159479357200606,1,0.08723016572721809,1,0.10540546888001906
2026-04-15 14:47:00.305999994,0.0014316011114754,0.0033643927873124,0.0012949543884023,0.0034793362496713,0.0035547232672617,0.0010982472675862,-1,-0.0365333093069623,1,0.10372318976087358,1,0.08320150765602757,1,0.09159479357200606,1,0.08723016572721809,1,0.10540546888001906
2026-04-15 14:47:15.305999994,0.0014316011114754,0.0033643927873124,0.0012949543884023,0.0034793362496713,0.0035547232672617,0.0010982472675862,-1,-0.0365333093069623,1,0.10372318976087358,1,0.08320150765602757,1,0.09159479357200606,1,0.08723016572721809,1,0.10540546888001906
2026-04-15 14:47:30.305999994,0.0008934734161095,0.0036308509976034,0.0012383935957304,0.0025627428453755,0.0025140632194239,0.0010845307505046,1,0.01822629000125381,1,0.11422064879060334,1,0.007654555935299789,-1,-0.12120406651488425,-1,-0.03280329513409741,1,0.09651593710627027
2026-04-15 14:47:45.305999994,0.0008934734161095,0.0036308509976034,0.0011847948860092,0.0038943267435125,0.0032289879057924,0.0010719721862657,1,0.01822629000125381,1,0.11422064879060334,1,0.08445548725761365,-1,-0.06056963026093298,1,0.09238086182265709,1,0.0809348629252874
2026-04-15 14:48:00.305999994,0.0008934734161095,0.0036308509976034,0.0011847948860092,0.0038943267435125,0.0032289879057924,0.0010719721862657,1,0.01822629000125381,1,0.11422064879060334,1,0.08445548725761365,-1,-0.06056963026093298,1,0.09238086182265709,1,0.0809348629252874
2026-04-15 14:48:15.305999994,0.0008934734161095,0.0036308509976034,0.0011847948860092,0.00289496136932,0.0032289879057924,0.0010719721862657,1,0.01822629000125381,1,0.11422064879060334,1,0.08445548725761365,-1,-0.13815889810220494,1,0.09238086182265709,1,0.0809348629252874
2026-04-15 14:48:30.305999994,0.0,0.0035988413888738,0.0011126794490429,0.0038206677365839,0.0027033904770595,0.0011905615511248,-1,-0.15413010041031683,1,0.12909952017311055,1,0.05339237644117223,-1,-0.05177100702673232,-1,-0.05736991631296007,1,0.07520870847984007
2026-04-15 14:48:45.305999994,0.0015398582727166,0.0035988413888738,0.0011126794490429,0.0037673206373879,0.0037815386625845,0.0011905615511248,-1,-0.0818887375712749,1,0.12909952017311055,1,0.05339237644117223,1,0.00881516879445543,1,0.04638536279893496,1,0.07520870847984007
2026-04-15 14:49:00.305999994,0.0015398582727166,0.0035988413888738,0.0011126794490429,0.0037673206373879,0.0037815386625845,0.0011905615511248,-1,-0.0818887375712749,1,0.12909952017311055,1,0.05339237644117223,1,0.00881516879445543,1,0.04638536279893496,1,0.07520870847984007
2026-04-15 14:49:15.305999994,0.0015398582727166,0.0035988413888738,0.0011126794490429,0.0037673206373879,0.0037815386625845,0.0011905615511248,-1,-0.0818887375712749,1,0.12909952017311055,1,0.05339237644117223,1,0.00881516879445543,1,0.04638536279893496,1,0.07520870847984007
2026-04-15 14:49:30.305999994,0.0,0.0,0.0011949102784008,0.0041496614379532,0.0037222542305635,0.0013244487244356,-1,-0.15413010041031683,-1,-0.2128645835752131,1,0.10147660611600934,-1,-0.1280138273931697,1,0.02568880542323876,1,0.046319530972614986
2026-04-15 14:49:45.305999994,0.0011670682603091,0.004214174806617,0.0011949102784008,0.0041496614379532,0.0036713431447991,0.0013244487244356,1,0.10260550895448761,-1,-0.0004202268641836371,1,0.10147660611600934,-1,-0.1280138273931697,1,0.057547924779773774,1,0.046319530972614986
2026-04-15 14:50:00.305999994,0.0011670682603091,0.004214174806617,0.0011949102784008,0.0041496614379532,0.0036713431447991,0.0013244487244356,1,0.10260550895448761,-1,-0.0004202268641836371,1,0.10147660611600934,-1,-0.1280138273931697,1,0.057547924779773774,1,0.046319530972614986
2026-04-15 14:50:15.305999994,0.0011670682603091,0.004214174806617,0.0011949102784008,0.0041496614379532,0.0036713431447991,0.0013244487244356,1,0.10260550895448761,-1,-0.0004202268641836371,1,0.10147660611600934,-1,-0.1280138273931697,1,0.057547924779773774,1,0.046319530972614986
2026-04-15 14:50:30.305999994,0.0011670682603091,0.0,0.0,0.0,0.0,0.0,1,0.10260550895448761,-1,-0.2128645835752131,-1,-0.21219498734416364,-1,-0.22844025535447898,-1,-0.22094901257195,-1,-0.23010310700150594
