aggregator_energy,api-gateway_energy,authority_energy,clientone_energy,clientthree_energy,clienttwo_energy,orchestrator_energy,policy_energy,policy-enforcer_energy,rabbitmq_energy,server_energy,sidecar_energy,system_processes_energy
4203.006614285257,2881.4820385163453,4131.458796419872,4047.1045641185897,3646.991624635577,3552.248557875641,1456.8587820451914,3277.5381468717956,1435.1339212192308,9036.334059366154,3844.0662912884595,54119.638032400435,394481.3603922334
4219.117688003204,2860.8286426830127,4148.09494065064,4062.6933400769217,3661.65303969968,3565.7421540294868,1464.558447109295,3283.06708102564,1443.5240558346152,9068.713761930261,3856.1550371294857,53935.93544246498,395675.4292540166
4232.943577473589,2845.9431181210257,4163.155166225642,4074.5282708461527,3672.5943126317943,3581.9735398425637,1467.97366207359,3289.432196410256,1447.2375957941024,9092.234166317952,3868.268802514102,53785.05710380813,396692.70113331923
4250.016440294102,2825.2267488902567,4178.012838020513,4095.0045426282036,3688.5001382728205,3595.2399783041024,1476.0100684838455,3291.9212292307698,1455.1742714351276,9113.910884266668,3882.1812989070513,53608.68486493397,397423.36859688134
4266.689216645298,2810.6853804378206,4198.30127757372,4110.203997756409,3701.9015566784187,3607.8598001153837,1480.6610082935895,3296.9259673260076,1460.8560078846149,9152.156105668497,3896.2319495480756,53485.58867039779,398528.96731752815
4284.286075619658,2790.0581785147438,4214.958832060899,4127.130487298534,3719.5208675758545,3624.043453961538,1488.8751044474363,3307.07626224359,1469.0527386538458,9183.591462811355,3913.2015783717943,53306.686004129355,399472.997210039
4297.376442249634,2775.7718471142857,4233.482793828754,4139.048566968864,3729.4916735919414,3636.369295682967,1493.272303579305,3313.4600611217957,1474.246544185348,9212.632952785896,3926.6033494340663,53162.09960198862,400365.45214204997
4301.871073202015,2754.079030264469,4247.216071301283,4152.518336947113,3741.2571424564107,3649.075397331319,1501.1553191470696,3323.928953475784,1482.9762255040296,9229.211561760254,3942.062029165063,52951.305830612364,401469.48754651815
4315.1491503665075,2738.7727377057695,4261.95092893109,4166.264026850959,3748.79996412388,3659.288565008333,1505.8233379206729,3328.518348774929,1488.8818358360577,9264.823057161966,3951.4714249983967,52802.824428198546,402761.5970930138
4323.810859501123,2718.685529372435,4278.987510661857,4179.382568632478,3762.416016207211,3670.815779751922,1514.635898016827,3340.098633076923,1498.7048702911854,9300.284059298718,3972.4530003076925,52673.02736607712,404142.82503130473
4340.579140937606,2703.697557957264,4295.554667653846,4191.530585726496,3770.037762133903,3682.3091001611106,1520.4871163517093,3350.365713205128,1505.6522534179483,9328.186866695127,3985.069513128205,52489.58731046049,405085.1593056558
4351.821205040169,2682.0291391538462,4319.184449705128,4206.181375256409,3788.593104014246,3696.871277511538,1529.838939001282,3360.0725890909084,1516.0020354692303,9350.902688490001,4008.484045384617,52315.38373372038,405766.1873854359
4376.27497058782,2667.011123626154,4344.173564403845,4222.31819576923,3802.1728519589747,3710.986664010257,1534.5441152865385,3366.7957103030294,1521.0311227715383,9383.744097944405,4025.606353076924,52174.914484044544,406705.85429198976
4389.337864818589,2645.891895421025,4361.380955429487,4237.458396182984,3823.7182878564113,3725.3658691384626,1544.165900542949,3375.588622457264,1530.84263431,9414.1641404852,4046.2090661048946,52029.94720835925,407817.4936398912
4408.641861775289,2631.859102074242,4385.6189004341495,4251.802460868297,3837.3084408009327,3738.3906287920745,1549.2909447284383,3383.628624059828,1536.2270389458038,9438.156008264104,4060.866508995338,51871.117040658406,408695.1671009475
4421.634803500231,2608.9278707222606,4407.5701212966205,4270.429808108973,3855.3227951132853,3752.0602628247084,1558.4395869195805,3391.9393912820506,1545.3643961719115,9454.590021084614,4086.2865828750005,51740.132767388015,409380.30801253865
4441.303310780343,2593.95698341891,4430.105587443912,4287.892413878205,3870.081914472115,3766.3999161400643,1563.1441546865387,3399.718929743589,1551.5475847772439,9494.866697937177,4102.466227105769,51597.704254374876,410283.7670472301
4458.092913344445,2572.166049124038,4450.109297379809,4306.581406474358,3891.9411660746787,3782.1840171016033,1572.0898630198715,3410.0043330769245,1561.121615225962,9523.568627424358,4125.483021814102,51470.888126702484,411297.8543454181
4471.59675793718,2556.7734014679486,4470.390797416668,4322.991733397435,3905.883403410256,3796.010787520514,1576.7425128512816,3419.4352204395614,1566.5958015115386,9546.643242620603,4142.26616925,51308.77284768377,412211.9626756082
4483.380020757692,2533.3259335192306,4488.311842288463,4344.272113740843,3928.206608538461,3812.977082392308,1584.121128235897,3430.585107162393,1575.8753463833334,9563.006350221334,4161.941442791666,51171.94648009059,412847.93581772904
4500.752827878571,2517.7044839083333,4503.083480832419,4363.922604125459,3946.243974982599,3829.2167785742663,1589.4717268650181,3438.8682853675214,1582.349828599359,9596.767565652819,4180.812564128663,51027.59018473919,413799.08527133154
4517.438325131319,2493.883031985256,4525.346018378205,4385.736615025642,3968.112496044871,3844.9141581530203,1597.083661846703,3450.4761633173075,1592.0181779583327,9624.700932319485,4196.85725556282,50892.70700555,414627.29373024177
4529.160268692735,2479.370026501026,4542.786641428206,4402.528809897437,3981.935463658718,3864.501938023332,1601.887794649487,3459.5297222115382,1596.9208626235888,9645.77747392708,4215.263874793589,50732.50235528784,415467.001935027
4546.347531513248,2455.418454706154,4555.222854248718,4421.4462009775625,4002.139885453589,3879.9712418694867,1609.192695931538,3471.298779095021,1606.2085446748717,9664.265771202725,4229.909904915465,50576.66198083395,415952.2787465612
4558.684461416909,2442.2811622973554,4573.34454510657,4436.076987836537,4021.6259432972743,3894.6935762999187,1615.6459169480768,3480.158987239818,1612.727263105208,9698.461170397437,4251.412249867389,50428.31032960914,416845.15450500645
4574.522192586778,2419.6540553262016,4591.207323151441,4455.108853141027,4040.5930867267616,3912.923296251842,1622.8908816916664,3490.7035884900283,1622.2535623840538,9724.343647773001,4265.641238842006,50287.45687479869,417483.27336131834
4588.277013146151,2405.146740134616,4610.56967757353,4466.380106157618,4059.3660176852186,3924.5555491248124,1626.8675290923074,3498.7039111396007,1626.7843707474358,9743.949306370725,4282.4556102598035,50113.6418950033,418270.38409316324
4606.458084790195,2381.9184878721717,4624.608695324673,4488.504672970084,4075.1520757546,3939.9213202409505,1634.0485713245855,3509.4220033198385,1636.0141524216442,9756.139525387818,4298.209462794159,49966.34186385418,418724.53981599474
4617.198199663248,2369.469407036538,4645.232103597863,4505.955858867521,4095.7080417420225,3952.3540075555557,1640.4625268254279,3515.701747921728,1643.0397257643165,9792.326489549592,4314.674798264244,49805.21964290467,419611.3189826645
4638.091507355554,2347.426160241666,4661.59610099252,4529.586265307018,4111.014287468518,3968.4654178119654,1647.7945065262822,3527.3090823846155,1652.8996691403845,9824.17719636471,4333.186199192307,49670.75103224654,420472.4825084412
4651.2789291786785,2335.5356174234144,4681.066468871458,4549.613480894062,4128.913972998515,3976.7415010717264,1654.8980102894059,3533.4505641153846,1659.3902084008098,9852.399970330642,4349.548203915654,49503.82610022913,421095.8470047976
4669.58744874683,2312.659168368084,4697.762833581309,4578.486934471153,4141.942352890553,3994.1214609232793,1662.0766131908906,3544.6920251892566,1669.1977050269907,9874.838719689615,4370.422537228845,49377.42132838601,421580.29444148595
4682.326089162821,2301.3881856867306,4725.9431626022415,4601.808121971152,4159.393654295257,4003.7884741355138,1670.3096774382054,3550.4299125518937,1675.7988370376286,9906.738637218497,4385.54978658782,49221.48075153336,422498.99814880965
4699.189634034616,2276.7238276739095,4740.851252666344,4631.0213729578745,4173.25068185936,4019.160870930385,1677.0893941048716,3562.5813072027972,1685.4079065889107,9941.781039233152,4406.761730786323,49079.45713684188,423514.1733261451
4717.393346282296,2265.239607328937,4770.93763490293,4652.141864716116,4184.9368588570205,4033.5037758604394,1684.9130247956039,3570.056583717949,1690.7635411615383,9965.172699316727,4417.163071445664,48909.568124241785,424414.6999812459
4736.683229066179,2240.179109160439,4783.3507173205135,4681.411717654429,4200.434355194016,4049.6345689007326,1691.1162702168492,3582.2183108584177,1699.792041161538,9993.215212428613,4436.60370234528,48769.42550025632,424855.34163485497
4755.007153985432,2229.4208384261656,4810.515742589162,4704.380892770979,4215.852881167714,4063.4410730089166,1700.4641268918995,3589.509246477146,1706.5966046379365,10026.44366548562,4451.182359979312,48618.390361140686,425706.08641362045
4777.828240815267,2205.8140910485436,4823.653106808276,4733.636306767,4233.896773358857,4080.7431741161417,1708.1435543394518,3604.2667276602556,1715.2436725283803,10064.194962029653,4470.134657371795,48477.72918522612,426612.0496845173
4796.0079721198435,2195.1937064243034,4848.062533662765,4756.863767190635,4244.842584137291,4096.433828314937,1717.2710302352841,3611.5764584294866,1721.3484961364,10089.125047258012,4481.158294495542,48306.39188503629,427363.40140988916
4813.505399656076,2172.2684477843923,4863.381089404126,4785.541908197117,4263.265349744872,4116.509198994982,1724.5581403244705,3622.7729091897436,1729.8905354340577,10119.78372514263,4501.426244777778,48173.01727134898,428075.99353221856
4835.211996836861,2161.2942016100965,4886.101560435097,4808.776902588142,4278.1738731072655,4134.806025962501,1734.3094974028843,3630.6609432923074,1736.52183565673,10153.090282265026,4516.579090931624,48033.478209193236,429044.1178703078
4853.645536900962,2138.142500488301,4900.4170868774045,4834.650459243589,4295.759623107265,4155.85628397532,1741.6040919541665,3642.9356212820517,1745.2844943105767,10197.07069457272,4539.306050387179,47893.60484043569,429942.34720896324
4867.8741404466155,2126.7503008011286,4924.090330268974,4858.154422064102,4310.119646182512,4172.927033206462,1747.8999081472814,3651.1945091025646,1748.327538123385,10222.615484226282,4556.341093976923,47743.996685386,430792.08429981215
4880.798076600462,2103.3592449036923,4938.817743345896,4885.451963141025,4327.861989515845,4189.929802950051,1748.9369932754862,3660.345562317188,1752.8268678669747,10259.636134867304,4572.931306416666,47595.002666723456,431435.8104996224
4898.397510639745,2091.734229282051,4960.084675211538,4910.513533653843,4346.89138709423,4206.003308950641,1755.9061871705119,3667.9091249952507,1756.6735524782052,10292.11282716923,4592.640902570513,47462.7979871482,432400.38410957943
4916.460850383333,2069.127819025641,4974.583822647436,4935.6982993233605,4364.836409530129,4226.218183950641,1757.0390269141026,3674.610260247253,1761.1511358115379,10343.276878451283,4610.368558174975,47318.955985414796,433277.85229811195
4931.3380801749745,2056.736224558262,4991.924784871794,4958.272996616808,4382.8772247854695,4239.4941520468665,1763.738462940171,3682.2553671611718,1764.4929005115382,10364.961708545141,4626.470315297483,47161.641017539696,434052.69892386923
4949.084209092355,2033.5560457833333,5005.448574045585,4985.394349070511,4399.440211964958,4253.213755323218,1765.2747022564106,3690.5687349867367,1768.934368460256,10398.01169160375,4641.722683418269,47003.86949763427,434697.58708056156
4968.914826467629,2021.2820278785712,5028.086861760531,5011.399562898351,4418.643280541346,4267.387163421382,1772.7228860277476,3697.051194314765,1773.315226043772,10426.155673746463,4658.462515606913,46871.99112910789,435572.00617584144
4992.5191870445515,1997.93483648663,5044.759423573719,5040.551129617595,4438.982365477244,4284.05303361369,1774.26005315229,3704.7388309999988,1776.2732745785713,10474.630880421975,4680.790810585542,46744.033124799724,436523.48106155684
5007.197537341998,1986.2245367107873,5069.247055542441,5059.197440183464,4457.992263748453,4295.86194138634,1782.14166079863,3709.416127153845,1779.996483148497,10496.543315006667,4695.292957579353,46591.739717194905,437395.2108005633
5029.138855644384,1962.0053983376658,5084.341185958001,5085.972207935897,4475.309441025199,4310.369442049469,1782.5987949719272,3717.508417923902,1781.8229307612291,10525.514732955382,4717.451186380556,46439.60790286247,438122.8687824399
5045.111832861326,1949.6927229958976,5109.2556266314095,5104.779386141026,4494.952892696282,4323.531944368206,1791.43124703923,3721.9319747890804,1786.7352956646157,10558.284094563436,4732.788031893376,46295.652182251804,439011.82337474724
5065.9431886305565,1925.1719588933336,5128.677969580127,5129.8839576488845,4512.891258721924,4340.959728983591,1791.5883534494867,3730.0279818269214,1788.0730546389748,10604.874877028285,4751.957158336022,46148.49106136439,440064.6956872018
5074.408023660918,1911.8807781773778,5152.445033586021,5146.129786639786,4530.840725047147,4351.160706079198,1799.2453520693543,3737.1003027403826,1792.1698161296117,10624.294813385699,4765.835156888544,45980.06101479162,440829.53303871833
5093.261791030644,1886.5507242071544,5169.452357407362,5170.5100834214745,4546.417457884202,4367.26323399483,1799.1350226648876,3745.649548041956,1792.8812623661706,10657.997116470635,4786.265675235977,45822.62240758713,441684.10621220624
5105.744259764462,1873.0813443069708,5199.239812467949,5189.936839030448,4560.923091830288,4380.594373509415,1807.0571420279641,3754.64657193473,1797.715695058333,10688.337230060257,4802.3850073673875,45679.561393616896,442473.0569887632
5128.5531097243975,1848.0396379768429,5219.252472724359,5212.591867604894,4575.783445195673,4396.929482684093,1808.079064704246,3762.6735390497756,1799.5080059557688,10734.751569803846,4824.304829387529,45525.0669963903,443518.268544781
5138.795835841142,1834.6699591241259,5249.345348266317,5228.4507201689985,4587.952584178671,4409.363111620164,1814.7954759355473,3772.3205552639533,1805.3120558501162,10756.46157452436,4839.804697103148,45370.16732589353,444156.75012933416
5156.795639454195,1808.697310522727,5267.265053977273,5250.916513976246,4599.555703642542,4423.958104044405,1814.372910084732,3778.5456284981683,1805.7973320738927,10788.888016077903,4864.419552539217,45195.551455642206,444969.5283162573
5171.136235008974,1794.6198029653842,5299.734274711915,5270.224764918929,4611.620125654564,4438.595112631523,1821.0042099743584,3786.736612014652,1812.4629049980767,10819.038170976042,4881.355524635747,45062.14892531542,445830.9542023447
5194.13763810098,1769.8265190287327,5317.753921770739,5288.291092639193,4623.529096054262,4453.161484426396,1819.285680562594,3792.9454163461555,1813.7857328638381,10859.883596983369,4906.9590290846145,44885.80699950486,446766.5734284585
5206.255648340914,1756.9432273887912,5342.37306172033,5305.127402346153,4637.401841771172,4467.671957234102,1825.9087796256774,3802.253100641027,1820.7137056542124,10882.23406565075,4918.459108571793,44733.2263515755,447347.687890874
5228.300643395861,1732.0488929565574,5360.209861537179,5325.557978338676,4648.987411917692,4480.365850457546,1824.24019189674,3809.6211246292446,1821.2318668263736,10916.057335415708,4942.576333469372,44551.82709733382,448108.98683848063
5243.128427011075,1719.0270101867525,5381.560861684294,5342.017356009616,4663.804456613318,4497.512714684508,1829.9375384702996,3817.618855398476,1828.44932210203,10950.001861970479,4956.206053554842,44417.00515595238,448854.28714050545
5263.913503399962,1694.6486490756408,5402.077938073181,5361.32399184858,4682.032573066311,4511.930593423823,1828.7979348378205,3824.9647539068847,1829.5963867387818,10991.161367860985,4980.27172840402,44239.39738038535,449997.4410789069
5275.866319030282,1680.7197166875258,5419.255666240124,5374.223933809771,4696.6729787948725,4523.445849034891,1833.0623849829517,3832.0846246153856,1836.8042929844069,11005.178236919937,4993.197826117116,44082.97647174669,450646.8987007963
5294.9241059325705,1655.4903372696463,5435.806307612267,5394.105380681512,4713.488893555786,4537.4723370806305,1832.1719151284824,3838.7582699145282,1837.819059096673,11054.041879850438,5017.841078150639,43871.35178958293,451259.5292801978
5310.9954686502015,1642.8980887457822,5455.0053751136975,5410.214818603239,4732.374458741396,4555.031646330702,1837.208002310999,3842.0456410256397,1846.1624371646083,11078.411794871796,5032.075091139845,43758.4878666888,451440.67487273767
5329.001178501753,1618.459432052429,5472.347724303981,5430.47279903846,4755.212796175606,4571.057521457557,1835.9340830628887,3846.009743589743,1848.99203727058,11100.562564102564,5067.929442083333,43562.19545101374,451572.7755290242
5350.185641025641,1606.8184615384625,5500.629174314102,5445.427510576921,4773.828205128205,4587.867498720513,1840.3443962282047,3844.2030769230764,1853.9158974358973,11101.585128205128,5079.665641025641,43461.64921977965,451051.1694557113
5365.110769230769,1596.7912820512827,5510.336923076923,5460.603076923076,4786.532820512821,4599.640512820512,1834.2123076923071,3846.5666666666657,1848.2989743589744,11095.637435897437,5097.072307692308,43390.80610701121,449817.64683039644
5370.659487179485,1597.2507692307688,5520.356410256412,5466.615384615383,4798.62923076923,4604.682051282051,1833.7958974358971,3848.153333333332,1848.405128205128,11096.84923076923,5104.260512820511,43429.391282051285,449195.5202153724
5370.62205128205,1593.5082051282045,5525.0994871794865,5466.96769230769,4803.177948717947,4609.591282051283,1826.7199999999993,3851.227692307692,1841.962051282051,11106.359999999999,5115.780512820512,43459.03692307693,449035.7512820512
5372.207692307692,1594.7717948717948,5529.2246153846145,5468.460512820511,4810.958974358975,4607.894871794872,1826.2646153846151,3853.9061538461538,1841.2764102564104,11096.88923076923,5120.07846153846,43485.576410256406,448522.71538461535
5373.5543589743575,1589.7666666666664,5531.860512820513,5477.004615384613,4817.6871794871795,4614.323076923077,1819.4087179487178,3855.350769230769,1835.1056410256413,11093.684102564104,5131.612307692307,43531.796923076916,447965.53641025635
5377.18923076923,1589.2635897435896,5541.675897435896,5482.943076923075,4822.287692307691,4615.1461538461535,1819.2666666666662,3857.318461538462,1835.2507692307693,11089.05948717949,5138.167692307693,43572.14923076923,447508.9697435897
5375.273333333332,1582.170769230769,5540.002051282052,5485.493846153847,4828.059999999999,4616.836923076922,1812.0615384615385,3861.6610256410254,1828.3189743589744,11102.720000000001,5145.7369230769245,43594.95076923077,447547.3805128205
5376.296923076922,1582.951282051282,5548.931794871794,5486.492307692309,4834.152820512819,4612.6820512820495,1811.4225641025641,3861.441025641025,1827.3389743589744,11095.238974358974,5150.173846153847,43622.053846153845,447104.78102564096
5378.886666666666,1579.9143589743592,5546.880512820512,5493.870256410257,4838.134358974358,4612.077948717949,1804.318461538461,3863.656923076922,1819.5774358974359,11090.51128205128,5157.893333333333,43647.45948717949,446740.9215384615
5378.897435897436,1579.2974358974354,5554.213846153845,5498.486153846155,4839.677948717949,4606.4820512820515,1802.8994871794873,3864.8251282051274,1818.805128205128,11087.16461538461,5164.820512820513,43678.21076923076,446502.724102564
5376.924102564101,1582.902564102564,5547.172307692305,5494.2241025641015,4836.5205128205125,4604.694358974358,1800.0625641025645,3869.043076923075,1815.7579487179491,11088.1241025641,5160.815384615385,43650.806153846155,447608.24256410246
5365.884615384614,1597.8917948717954,5531.718461538461,5486.696923076922,4824.69282051282,4594.550769230768,1799.6415384615386,3871.07846153846,1812.7646153846156,11074.894871794872,5158.871794871797,43589.740512820514,448548.53999999986
5355.787692307692,1621.6215384615382,5519.988205128204,5473.492820512819,4816.005128205127,4583.282564102564,1803.7276923076922,3870.120512820513,1816.7379487179485,11062.008717948716,5148.841025641027,43847.972769144864,449052.3923076922
5353.9758974358965,1648.2035897435892,5510.114871794872,5472.7676923076915,4809.932307692307,4576.9374358974355,1798.6589743589736,3871.7825641025643,1809.5456410256404,11051.938461538462,5148.970769230768,44479.73897238846,449089.5902564102
5359.177435897434,1673.8430769230772,5506.870256410257,5467.751794871795,4808.514871794871,4575.285641025642,1802.535384615384,3873.664102564102,1812.6087179487174,11055.059999999998,5139.413846153846,44963.9436155,448975.96666666656
5353.463076923076,1699.9589743589743,5502.733846153843,5464.346153846155,4806.77846153846,4571.619487179487,1796.6851282051282,3877.9153846153836,1804.741025641025,11039.69333333333,5141.024615384616,45256.10111623205,448585.1405128204
5354.19282051282,1725.4723076923074,5495.988717948715,5459.401538461539,4802.418461538461,4571.97641025641,1799.274871794871,3876.522564102564,1806.0579487179493,11025.323076923078,5128.4348717948715,45569.64869347543,448147.616923077
5350.677435897435,1751.3509547666665,5487.981025641025,5455.525128205128,4801.010769230768,4568.9805128205135,1792.834871794871,3876.741538461539,1797.6676923076932,11014.970769230766,5126.030769230769,45872.71352992585,448016.6902564103
5350.683076923077,1777.010256410256,5476.957435897435,5447.349743589742,4793.745641025641,4567.306666666666,1794.9630769230764,3875.9230769230767,1798.9523076923076,11015.813846153846,5111.865128205128,46175.418596846255,448268.76871794864
5338.714358974358,1803.3529751307685,5460.755384615383,5441.0164102564095,4790.441025641024,4562.4753846153835,1789.373333333333,3876.6005128205124,1792.2876923076917,11004.535897435897,5107.8082051282045,46452.08170078942,448199.14256410254
5338.0199999999995,1827.9046153846155,5455.21282051282,5434.403076923076,4778.987179487177,4558.961538461538,1791.0594871794867,3876.561538461539,1793.7205128205123,10990.952307692309,5094.206153846153,46761.567311200255,448111.0256410257
5328.210256410258,1852.9367867641029,5434.946666666668,5431.705641025639,4776.589743589743,4554.669743589744,1784.7246153846156,3871.687692307692,1786.4748717948717,10985.265128205128,5087.945128205127,47032.20307594563,448347.06717948715
5327.072307692309,1877.4733333333334,5424.944615384615,5427.011282051281,4764.550769230768,4550.824615384616,1786.4307692307686,3871.328205128206,1788.0543589743586,10985.723076923075,5071.503076923076,47327.8445743405,448747.6251282051
5313.483076923076,1903.916394138461,5409.4702564102545,5421.502564102564,4759.931282051281,4543.4364102564095,1780.2112820512814,3870.769230769232,1780.7189743589743,10970.068717948716,5063.599487179487,47580.47641674918,448833.901025641
5307.6046153846155,1928.948205128204,5404.58205128205,5411.183589743589,4745.950256410257,4536.833846153843,1782.7892307692307,3869.292820512819,1782.4328205128197,10958.17846153846,5047.589743589743,47858.86045943788,448812.7061538461
5299.250256410257,1955.666571153846,5393.088717948717,5406.58717948718,4741.013846153846,4530.851794871793,1776.1415384615382,3866.934871794871,1774.9230769230755,10955.003589743588,5044.2717948717955,48140.41080894022,448890.4923076923
5295.722564102564,1982.0866666666668,5388.575897435895,5391.277435897436,4728.368717948718,4520.866153846152,1778.9312820512816,3865.61076923077,1776.338974358974,10960.039487179487,5031.751282051282,48416.76028743173,449217.022051282
5284.114358974358,2009.7906967333336,5385.103076923074,5382.172307692307,4723.535384615385,4511.544102564101,1772.5153846153846,3865.14923076923,1768.7015384615381,10953.388205128207,5024.168717948717,48692.15145895909,449300.67333333334
5276.626153846152,2036.0071794871794,5374.521538461536,5368.968205128205,4709.166666666667,4502.157435897436,1775.4466666666667,3863.3564102564083,1769.471282051282,10940.885641025641,5018.240512820512,48965.627424370905,449433.2189743589
5272.0199999999995,2062.319733770513,5368.581538461538,5362.593333333333,4705.687692307692,4488.748205128206,1769.1707692307693,3861.7887179487157,1763.5779487179486,10942.478974358974,5011.210256410256,49249.57357983221,449566.4743589743
5269.013333333332,2089.0410256410255,5363.770769230769,5353.484102564102,4692.4820512820515,4480.541025641026,1771.838461538462,3859.3020512820517,1764.2743589743593,10944.692820512819,5003.378974358975,49546.9512721315,449979.55794871785
5263.20205128205,2114.312383555128,5359.131794871794,5347.146666666665,4681.434871794873,4471.069230769232,1763.9538461538468,3857.6307692307696,1756.2625641025643,10936.152820512818,4993.766666666666,49816.59768844229,450081.8743589744
5260.193846153846,2139.5087179487177,5351.14923076923,5338.5841025641,4671.907692307693,4462.924615384615,1767.0892307692309,3855.186153846154,1757.3553846153854,10926.043076923073,4986.329743589743,50110.45977955559,450301.5035897436
5252.513333333333,2166.1412097910247,5340.50205128205,5334.588205128203,4661.54923076923,4457.744102564102,1760.7041025641022,3853.1348717948727,1750.3184615384625,10929.78769230769,4980.1861538461535,50393.749714068625,450437.34205128206
5246.318974358973,2191.8230769230763,5333.346001461675,5322.0148717948705,4653.732307692307,4453.251794871793,1764.0338461538458,3850.9266666666667,1752.0912820512822,10929.719487179485,4974.568205128205,50689.99735879944,450966.5915684305
5241.123076923076,2216.7487665320514,5324.6701040257785,5314.915897435897,4641.383076923077,4449.090256410255,1756.5492307692305,3850.3148717948716,1743.9174358974353,10922.23846153846,4968.55282051282,50973.90484747562,451102.3079786869
5234.446666666666,2242.001538461538,5316.386666666667,5299.930256410255,4635.525641025641,4446.955384615385,1760.5169230769225,3847.282051282051,1746.1061538461533,10909.100512820512,4958.358461538462,51261.19523710833,451169.3379487179
5229.84205128205,2266.3015168487177,5305.755897435896,5291.150256410255,4622.263589743591,4447.36358974359,1752.3871794871795,3845.0420512820506,1738.2507692307684,10907.217435897435,4955.078461538462,51549.928019145074,451500.3374358974
5225.142051282051,2294.1046153846146,5299.939999999999,5270.182564102564,4619.198974358977,4444.914871794871,1757.2374358974364,3842.112820512819,1741.1717948717942,10909.753333333332,4944.96,51846.130189151096,451855.0446153846
5222.131794871794,2318.1214066974358,5284.52358974359,5257.856923076924,4607.143076923077,4440.875384615384,1748.2774358974357,3841.554358974357,1732.923076923076,10908.424102564102,4941.188205128205,52127.88004769816,451846.42974358966
5219.229743589743,2346.0938461538462,5278.971794871796,5234.008205128205,4599.4712820512805,4438.056923076922,1752.8753846153843,3837.747179487178,1734.8902564102555,10896.367179487183,4930.907692307693,52421.07720573356,451839.0446153846
5210.191282051282,2369.1039212397436,5259.928717948717,5223.1456410256405,4592.666666666666,4432.94358974359,1743.5933333333335,3836.2676923076906,1727.0430769230763,10894.290769230769,4928.991794871795,52702.82207546043,452008.5753846153
5202.981538461536,2396.4676923076922,5254.667179487179,5202.55487179487,4587.2697435897435,4427.894871794872,1748.502051282051,3835.0558974358955,1729.0558974358974,10888.490256410258,4918.087692307691,52991.488912876994,452654.8517948717
5194.323589743587,2418.3435047794865,5235.284102564103,5190.095384615384,4579.46,4422.76564102564,1737.7917948717948,3834.3758974358957,1719.7389743589745,10877.383589743591,4911.904102564104,53261.0368077291,452851.0907692307
5184.7282051282045,2444.9641025641017,5230.03641025641,5170.027692307692,4570.655897435897,4415.06923076923,1739.9789743589745,3831.957948717949,1722.3123076923073,10855.566666666666,4901.650256410257,53544.217041802505,452913.7769230769
5175.075897435896,2467.179156508974,5215.85487179487,5156.623076923075,4566.947692307693,4405.695384615384,1729.301025641026,3831.1169230769233,1713.1994871794866,10849.669743589739,4898.752820512819,53830.146692983944,453158.39846153837
5168.069743589741,2494.0476923076926,5208.74769230769,5135.568717948716,4559.69435897436,4395.163076923076,1731.8825641025642,3831.349743589743,1716.1902564102568,10842.121025641023,4888.081538461538,54106.12954756289,453438.10564102564
5158.626666666664,2517.4300808846156,5198.338974358973,5121.007692307691,4554.52717948718,4384.53487179487,1720.79076923077,3831.24,1706.7989743589753,10829.827179487178,4882.559999999999,54378.970566449214,453607.8656410256
5151.170769230767,2544.5461538461536,5194.777948717948,5103.249743589743,4549.362051282052,4372.063589743589,1723.2928205128203,3828.960512820513,1709.7799999999997,10807.87128205128,4871.285128205128,54671.14805516738,453705.2887179486
5147.874358974358,2567.129720596153,5183.32205128205,5089.511794871795,4545.608205128204,4362.562051282052,1716.158461538461,3827.036410256411,1704.077948717948,10803.58512820513,4866.062051282051,54961.90843562368,453869.74153846153
5143.244615384614,2593.5446153846146,5178.343589743589,5071.693846153846,4541.465641025642,4351.211282051282,1724.116923076923,3826.5435897435896,1710.4733333333327,10787.524102564103,4861.557435897434,55254.746223280024,454247.4692307692
5135.084102564101,2616.2239835269224,5168.725128205128,5056.218974358974,4530.825128205129,4342.732307692307,1716.3866666666665,3824.057435897436,1704.1574358974356,10776.537948717945,4852.9256410256385,55517.871590020135,454340.78410256404
5122.867692307692,2642.1215384615375,5164.8076923076915,5039.225128205128,4524.207179487178,4330.90564102564,1724.8251282051285,3823.411794871794,1710.9097435897438,10741.816923076922,4842.837435897434,55790.844038178555,454431.4948717949
5116.204615384616,2664.665586275641,5158.154871794871,5026.718974358975,4517.034871794872,4322.565641025641,1716.918461538462,3821.601538461538,1704.4328205128204,10737.518974358974,4835.8148717948725,56070.27512313445,454647.75999999995
5108.710769230769,2691.5435897435896,5154.323589743589,5008.996410256411,4511.626666666668,4318.983076923077,1725.7082051282052,3820.1753846153856,1711.586666666667,10724.402051282052,4828.8076923076915,56367.775712377166,454941.75538461533
5096.368205128204,2714.537044396154,5144.146153846153,4993.514358974358,4501.424615384615,4309.476923076923,1718.1830769230767,3820.288717948719,1704.9651282051284,10716.103589743589,4822.890256410256,56628.63162082934,455056.3241025641
5086.870256410255,2740.9476923076923,5137.5564102564085,4973.246153846154,4492.059999999999,4302.297435897436,1726.6220512820507,3819.033333333333,1713.243589743589,10684.234871794868,4809.21435897436,56898.646997132164,455065.7553846154
5078.12205128205,2763.6260520884607,5126.552307692306,4964.471282051282,4480.575384615383,4295.9317948717935,1718.1682051282044,3822.3641025641023,1706.9312820512814,10682.283076923077,4807.0630769230775,57177.81342617228,455108.59743589745
5069.724102564102,2792.6589743589734,5122.267179487179,4947.3097435897425,4470.697435897434,4292.325128205129,1726.8605128205127,3819.303076923077,1715.4753846153842,10677.342564102566,4792.921538461538,57463.33210965957,455200.20769230765
5059.887179487178,2815.008044366666,5108.421538461538,4938.423076923077,4457.599999999998,4287.37435897436,1717.07641025641,3824.4999999999995,1707.6430769230765,10665.984102564107,4790.115897435898,57732.12815967668,455242.85692307685
5049.92769230769,2844.6425641025635,5099.59282051282,4921.891282051281,4448.414358974357,4281.823076923077,1726.2815384615385,3824.802564102565,1717.0569230769233,10639.070769230771,4776.792820512819,58006.39735909557,455034.92512820516
5046.58923076923,2866.685811524358,5082.230256410256,4916.592820512818,4437.202564102564,4279.494871794872,1716.962051282051,3829.416410256412,1709.3558974358973,10635.021025641023,4771.667179487179,58279.915794485896,455261.2030769231
5040.292820512821,2897.0917948717943,5073.751794871793,4901.785128205127,4431.741025641025,4272.626153846154,1727.0123076923076,3830.0051282051304,1719.5241025641026,10628.581538461536,4760.1046153846155,58571.759229776944,455463.8430769231
5034.199487179487,2920.660448733333,5055.368205128206,4892.566666666666,4420.577435897435,4269.984102564102,1718.7179487179494,3831.4097435897456,1712.5041025641024,10619.551794871797,4753.289230769231,58838.036215809436,455643.2589743589
5028.0984615384605,2950.7420512820504,5044.755897435898,4879.48,4415.463589743588,4262.86564102564,1728.1230769230776,3833.30923076923,1722.007179487179,10591.528717948719,4739.1897435897445,59130.2424024258,455575.8097435897
5027.741538461537,2974.9350837756406,5024.583076923078,4872.206666666666,4405.608205128204,4258.452307692306,1721.0107692307695,3834.449743589743,1714.8184615384607,10592.42358974359,4734.50923076923,59402.489536596906,455900.6943589744
5024.652307692307,3005.072307692308,5021.137435897436,4858.711794871793,4404.304615384615,4252.744102564103,1731.2405128205128,3835.7379487179496,1725.0646153846149,10583.964615384613,4719.539487179486,59719.26607519793,456055.7866666666
5019.291794871795,3030.0595245602576,4995.709743589742,4848.16,4397.108205128206,4246.795384615385,1724.6015384615387,3835.7451282051284,1718.1369230769226,10576.116923076921,4711.944615384614,59967.56042497989,456115.12205128203
5007.126666666666,3058.961538461539,4989.6384615384595,4836.878974358976,4399.057948717948,4240.888205128204,1734.0825641025647,3834.927692307691,1727.0358974358976,10551.549230769228,4695.812820512819,60268.71606294743,456118.1712820513
5002.902564102565,3082.753566885897,4971.583589743586,4830.624102564103,4392.8923076923065,4234.925128205127,1726.9789743589745,3833.1841025641006,1719.5174358974364,10550.895384615382,4690.164102564103,60537.49966487723,456449.1030769231
4994.6456410256405,3112.1374358974354,4965.169743589741,4819.0102564102535,4393.069230769231,4231.557435897435,1737.9107692307691,3834.7384615384594,1729.1564102564107,10545.405641025638,4675.300512820512,60845.48446228011,456691.4276923077
4988.386153846152,3137.1924389038454,4950.237948717949,4814.139487179485,4388.072307692309,4221.656410256409,1732.7646153846147,3834.7379487179464,1721.9492307692308,10537.702564102563,4668.9369230769225,61112.33329026834,456928.08153846156
4979.558461538462,3166.1128205128207,4942.044102564104,4803.023076923074,4382.423076923075,4215.644615384615,1742.502564102564,3834.7892307692287,1730.8712820512817,10515.67435897436,4655.420512820512,61407.11716599029,456908.94717948715
4975.116923076924,3191.059167619231,4931.9851282051295,4803.139999999998,4379.108717948717,4211.606666666667,1739.4020512820514,3835.0399999999977,1722.54,10522.27641025641,4651.79641025641,61704.89591774051,457245.6912820513
4966.313333333333,3219.195897435897,4924.781025641026,4788.673333333333,4372.669743589743,4206.348205128205,1748.4769230769227,3834.810256410256,1730.8261538461538,10514.290256410257,4641.860000000001,62004.98342472416,457364.03641025646
4958.6764102564075,3242.84769232564,4916.864102564102,4785.803076923076,4365.533846153846,4196.67846153846,1743.9476923076916,3836.6928205128206,1721.5435897435898,10494.695384615387,4637.218974358973,62271.298779371595,457627.9574358974
4950.048717948717,3271.0661538461522,4909.328205128205,4772.974358974358,4357.27641025641,4188.422564102563,1753.4123076923067,3835.157948717948,1729.9994871794868,10467.84564102564,4621.21282051282,62540.41122498008,457536.0779487179
4943.766153846153,3294.2099559384606,4900.265641025641,4773.30717948718,4350.426666666665,4181.289743589745,1749.2882051282052,3837.4876923076913,1722.787179487179,10468.271282051279,4616.047179487178,62818.424248560856,457712.9215384615
4934.18,3323.313333333332,4895.577948717947,4761.255897435897,4341.039487179486,4173.708205128206,1759.1538461538469,3837.0938461538462,1733.0410256410257,10473.439999999997,4602.873333333333,63104.49274740402,457784.4143589744
4927.6153846153875,3347.4086609102565,4881.217948717947,4760.104615384614,4329.0574358974345,4166.149230769231,1756.218461538462,3839.317948717949,1727.1364102564105,10460.717435897432,4594.973846153846,63366.29007068771,457844.3994871795
4922.751794871795,3376.729743589744,4875.3974358974365,4752.978461538463,4319.252307692308,4157.172820512821,1765.7974358974363,3838.4958974358965,1737.5107692307695,10450.19487179487,4585.23282051282,63656.201876297295,457709.0476923077
