timestamp,api-gateway_energy,clientone_energy,clientthree_energy,clienttwo_energy,kernel_processes_energy,orchestrator_energy,policy-enforcer_energy,rabbitmq_energy,server_energy,sidecar_energy,api-gateway_cpu_usage,clientone_cpu_usage,clientthree_cpu_usage,clienttwo_cpu_usage,orchestrator_cpu_usage,policy-enforcer_cpu_usage,rabbitmq_cpu_usage,server_cpu_usage,sidecar_cpu_usage,api-gateway_memory_usage,clientone_memory_usage,clientthree_memory_usage,clienttwo_memory_usage,orchestrator_memory_usage,policy-enforcer_memory_usage,rabbitmq_memory_usage,server_memory_usage,sidecar_memory_usage,api-gateway_memory_rss_usage,clientone_memory_rss_usage,clientthree_memory_rss_usage,clienttwo_memory_rss_usage,orchestrator_memory_rss_usage,policy-enforcer_memory_rss_usage,rabbitmq_memory_rss_usage,server_memory_rss_usage,sidecar_memory_rss_usage,api-gateway_memory_cache_usage,clientone_memory_cache_usage,clientthree_memory_cache_usage,clienttwo_memory_cache_usage,orchestrator_memory_cache_usage,policy-enforcer_memory_cache_usage,rabbitmq_memory_cache_usage,server_memory_cache_usage,sidecar_memory_cache_usage,api-gateway_carbon_coal,clientone_carbon_coal,clientthree_carbon_coal,clienttwo_carbon_coal,kernel_processes_carbon_coal,orchestrator_carbon_coal,policy-enforcer_carbon_coal,rabbitmq_carbon_coal,server_carbon_coal,sidecar_carbon_coal,api-gateway_carbon_emission,clientone_carbon_emission,clientthree_carbon_emission,clienttwo_carbon_emission,kernel_processes_carbon_emission,orchestrator_carbon_emission,policy-enforcer_carbon_emission,rabbitmq_carbon_emission,server_carbon_emission,sidecar_carbon_emission
2026-06-27 16:02:25.084000111,0.0,0.0,0.0,0.0,43472.46429900452,0.0,0.0,106.90834172328509,0.0,153.77187777118434,0.11507122256395919,0.07600711396201686,0.0,0.04483515332690451,0.01102517730715183,0.016475366992543157,0.22634488057040977,0.062126181642440256,0.1590898464276599,29032.182301132394,157230.73433227057,0.0,515732.61330761807,1246.8398491235853,3041.821381702764,259486.34581105167,399747.9162794156,673376.7043773272,26999.35691318328,144790.61385489788,0.0,1540.4435872709737,0.0,2083.4393025361396,238750.8021390374,351294.54626566044,749195.164351811,92278.8200754928,0.0,0.0,789.9710703953712,131167.55212780117,708.3693628622875,5451.598336304218,0.0,1024.6377550523298,0.0,0.0,0.0,0.0,0.0503250837611963,0.0,0.0,0.00016281552124983167,0.0,0.00016378924263958335,0.0,0.0,0.0,0.0,0.02850831972238409,0.0,0.0,9.22930071289358e-05,0.0,9.278771882867276e-05
2026-06-27 16:02:40.084000111,0.0,0.0,0.0,0.0,43472.48251445181,0.0,0.0,106.90834172328509,0.0,153.77187777118434,0.12761468174329782,0.05357044731304582,0.0,0.04483515332690451,0.01236453337055937,0.016475366992543157,0.22634488057040977,0.06480012463647698,0.15446764168376148,3435.3152613449156,110817.53181350371,0.0,515732.61330761807,1398.3079358035648,3041.821381702764,259486.34581105167,676974.0637426553,830412.1639494956,7913.494084169538,102049.63123338079,0.0,1540.4435872709737,0.0,2083.4393025361396,238750.8021390374,571833.105822304,853999.3201048857,195751.62498127905,0.0,0.0,789.9710703953712,147101.994846535,708.3693628622875,5451.598336304218,0.0,909.8244600979795,0.0,0.0,0.0,0.0,0.0506986480569665,0.0,0.0,0.0001640335414518519,0.0,0.00016505234420208334,0.0,0.0,0.0,0.0,0.028719565590585406,0.0,0.0,9.298149784836939e-05,0.0,9.350118841707147e-05
2026-06-27 16:02:55.084000111,0.0,0.0,0.0,0.0,41456.60547950683,0.0,0.0,105.6906058929035,0.0,144.28492368829885,0.12761468174329782,0.02025718883559572,0.021738433442415297,0.04483515332690451,0.016072272760890457,0.016475366992543157,0.1358426692167747,0.06480012463647698,0.07868199212735533,3435.3152613449156,3424.140777662831,11587.965797529823,515732.61330761807,1817.6170401597512,3041.821381702764,1620119.2331016466,676974.0637426553,479259.4098106725,7913.494084169538,3338.5372582212603,12409.500686160669,1540.4435872709737,0.0,2083.4393025361396,1262385.5949993003,571833.105822304,513795.9654808417,195751.62498127905,0.0,0.0,789.9710703953712,191213.31262480584,708.3693628622875,226849.65247002846,0.0,0.0,0.0,0.0,0.0,0.0,0.051072212352736714,0.0,0.0,0.00016525156165387209,0.0,0.00016631544576458334,0.0,0.0,0.0,0.0,0.028899127377824265,0.0,0.0,9.331659259248567e-05,0.0,9.381524819326682e-05
2026-06-27 16:03:10.084000111,0.0,0.0,0.0,0.0,41456.60547950683,0.0,0.0,105.6906058929035,0.0,144.28492368829885,0.06481004522203276,0.02025718883559572,0.021738433442415293,0.04483515332690451,0.016072272760890457,0.002627197448601856,0.048651943992856106,0.0348541453260251,0.0782275120239879,277176.1286974572,3424.140777662831,11587.965797529821,515732.61330761807,1817.6170401597512,2752.5941112819637,2930966.409452064,345627.2201755174,404549.7075314656,134731.64800948923,3338.5372582212603,12409.500686160667,1540.4435872709737,0.0,2752.5941112819637,2248565.475236416,292659.05891514657,456683.91330489947,96896.2562087627,0.0,0.0,789.9710703953712,191213.31262480584,0.0,440146.7268106152,0.0,0.0,0.0,0.0,0.0,0.0,0.05133182885263604,0.0,0.0,0.0001656099392849673,0.0,0.00016651743093670034,0.0,0.0,0.0,0.0,0.029110142198876195,0.0,0.0,9.400248578999135e-05,0.0,9.452569312753687e-05
2026-06-27 16:03:25.084000111,0.0,0.0,0.0,0.0,40302.28323776499,0.0,0.0,104.87838378450452,0.0,126.63248433124419,0.06481004522203276,0.02025718883559572,0.021738433442415293,0.04483515332690451,0.011762626755664021,0.002627197448601856,0.048651943992856106,0.0348541453260251,0.055809659504275015,277176.1286974572,3424.140777662831,11587.965797529821,515732.61330761807,1330.238177649582,2752.5941112819637,2930966.409452064,345627.2201755174,569895.092209964,134731.64800948923,3338.5372582212603,12409.500686160667,1540.4435872709737,0.0,2752.5941112819637,2248565.475236416,292659.05891514657,577221.2409801726,96896.2562087627,0.0,0.0,789.9710703953712,139941.05628873603,0.0,440146.7268106152,0.0,0.0,0.0,0.0,0.0,0.0,0.051704559400318754,0.0,0.0,0.00016682166967712416,0.0,0.0001677725344720539,0.0,0.0,0.0,0.0,0.029317091576655664,0.0,0.0,9.434216611670965e-05,0.0,9.484853815431874e-05
2026-06-27 16:03:40.084000111,0.0,0.0,0.0,0.0,40302.28323776499,0.0,0.0,104.87838378450452,0.0,126.63248433124419,0.06481004522203276,0.02025718883559572,0.021738433442415293,0.00262764291068619,0.008251995184887955,0.002627197448601856,0.048651943992856106,0.0348541453260251,0.042415452583928925,277176.1286974572,3424.140777662831,11587.965797529821,460703.11359606107,173281.60997592442,2752.5941112819637,2930966.409452064,345627.2201755174,669124.2374770474,134731.64800948923,3338.5372582212603,12409.500686160667,337012.11448162165,0.0,2752.5941112819637,2248565.475236416,292659.05891514657,630233.9018134808,96896.2562087627,0.0,0.0,0.0,79801.07414037903,0.0,440146.7268106152,0.0,0.0,0.0,0.0,0.0,0.0,0.05207728994800146,0.0,0.0,0.00016803340006928106,0.0,0.0001690276380074074,0.0,0.0,0.0,0.0,0.029528077248583116,0.0,0.0,9.502555145574845e-05,0.0,9.555609166106554e-05
2026-06-27 16:03:55.084000111,0.0,0.0,0.0,0.0,38278.04844592308,0.0,0.0,112.96070835639176,0.0,117.24165060907727,0.0032500689958896755,0.02025718883559572,0.01404905304602543,0.0029786614539687116,0.008251995184887955,0.002627197448601856,0.048651943992856106,0.004345026605393606,0.03890826080544547,545491.9553728714,3424.140777662831,243045.62219086135,522246.9920136885,173281.60997592442,2752.5941112819637,2930966.409452064,8049.3409118394,600261.3383583074,259036.52378156193,3338.5372582212603,187184.2320600548,382032.5017697136,0.0,2752.5941112819637,2248565.475236416,8235.094932881848,506085.142847573,0.0,0.0,0.0,0.0,79801.07414037903,0.0,440146.7268106152,0.0,0.0,0.0,0.0,0.0,0.0,0.052450020495684174,0.0,0.0,0.0001692451304614379,0.0,0.00017028274154276093,0.0,0.0,0.0,0.0,0.029695391932721586,0.0,0.0,9.582097888663717e-05,0.0,9.632846920171131e-05
2026-06-27 16:04:10.084000111,0.0,0.0,0.0,0.0,38278.053246531155,0.0,0.0,112.96070835639176,0.0,117.24165060907727,0.0032500689958896755,0.0,0.0029441570942992717,0.004212222519390258,0.0026505768925147058,0.002627197448601856,0.048651943992856106,0.004345026605393606,0.02720553206668047,545491.9553728714,0.0,378812.977691193,735172.2037646491,296095.8626900461,2752.5941112819637,2930966.409452064,8049.3409118394,740693.2855789794,259036.52378156193,0.0,288612.00271779974,539374.3112800276,0.0,2752.5941112819637,2248565.475236416,8235.094932881848,544858.5452654385,0.0,0.0,0.0,0.0,0.0,0.0,440146.7268106152,0.0,0.0,0.0,0.0,0.0,0.0,0.052738669095273506,0.0,0.0,0.00017003224338984127,0.0,0.00017095456186993463,0.0,0.0,0.0,0.0,0.029906112221268814,0.0,0.0,9.650516423375763e-05,0.0,9.703649917568963e-05
2026-06-27 16:04:25.084000111,0.0,0.0,0.0,0.0,37531.88118637879,0.0,0.0,119.3315064108974,0.0,119.14067969515719,0.0029850380237312455,0.0,0.0041944206937605385,0.004212222519390258,0.0026505768925147058,0.0026542215474157018,0.05121337818218753,0.0030317905919867816,0.019427165103390726,491437.53835122474,0.0,539679.4198820282,738526.5410115285,296095.8626900461,4042.3609793129626,3049076.133518942,5616.517058357184,617224.2841063697,222364.04878620524,0.0,411173.7648141133,540244.6474571022,0.0,4120.098690453597,1180759.6025738304,5746.128990473119,452405.87939033506,0.0,0.0,0.0,0.0,0.0,0.0,230914.97637070803,0.0,0.0,0.0,0.0,0.0,0.0,0.05311083763567968,0.0,0.0,0.00017124095529460318,0.0,0.00017220539765424835,0.0,0.0,0.0,0.0,0.03008343015460953,0.0,0.0,9.729662760804347e-05,0.0,9.77965554950631e-05
2026-06-27 16:04:40.084000111,0.0,0.0,0.0,0.0,37533.52846092455,0.0,0.0,119.3315064108974,0.0,119.14067969515719,0.002985038023731246,0.006192455588858809,0.0041944206937605385,0.004212222519390258,0.0026505768925147058,0.001970418415984822,0.05400893278854435,0.002669705041537315,0.022073753849260424,491437.53835122485,74.85927333869436,539679.4198820282,738526.5410115285,296095.8626900461,4144.410643266533,3177981.3322337596,4945.738649037235,781532.9293694757,222364.0487862053,37.42963666934718,411173.7648141133,540244.6474571022,0.0,4272.588292027353,15354.050305506616,5059.871079399632,574253.6477978904,0.0,0.0,0.0,0.0,0.0,0.0,2559.0083842511026,0.0,0.0,0.0,0.0,0.0,0.0,0.053483006176085826,0.0,0.0,0.00017244966719936507,0.0,0.0001734562334385621,0.0,0.0,0.0,0.0,0.030293916964430366,0.0,0.0,9.798156816192857e-05,0.0,9.850496233117679e-05
2026-06-27 16:04:55.084000111,0.0,0.0,0.0,0.0,37542.100546145404,0.0,0.0,115.11094812641672,0.0,115.17575676756917,0.002750330858933177,0.006192455588858809,0.0041944206937605385,0.003154381336735942,0.0026505768925147058,0.002687982924226254,0.05400893278854435,0.006706816792634062,0.022073753849260424,443567.81633104087,74.85927333869436,539679.4198820282,553055.8575495528,296095.8626900461,5653.674848808253,3177981.3322337596,2980.5276077191,781532.9293694757,189887.49496236397,37.42963666934718,411173.7648141133,404569.70764613233,0.0,5828.530771967271,15354.050305506616,2980.5276077191,574253.6477978904,0.0,0.0,0.0,0.0,0.0,0.0,2559.0083842511026,0.0,0.0,0.0,0.0,0.0,0.0,0.053855174716491996,0.0,0.0,0.00017365837910412695,0.0,0.00017470706922287582,0.0,0.0,0.0,0.0,0.030474570201418957,0.0,0.0,9.832541506977277e-05,0.0,9.882343480826429e-05
2026-06-27 16:05:10.084000111,0.0,0.0,0.0,0.0,37540.350501666864,0.0,0.0,115.11094812641672,0.0,115.17575676756917,0.002750330858933177,0.0061924555888588076,0.0041944206937605385,0.0028033627934534204,0.0,0.002687982924226254,0.05400893278854435,0.006706816792634062,0.02482412740732728,443567.81633104087,74.85927333869435,539679.4198820282,491511.9791319253,0.0,5653.674848808253,3177981.3322337596,2980.5276077191,930397.5778630013,189887.49496236397,37.429636669347175,411173.7648141133,359549.32035804045,0.0,5828.530771967271,15354.050305506616,2980.5276077191,676708.2741758003,0.0,0.0,0.0,0.0,0.0,0.0,2559.0083842511026,0.0,0.0,0.0,0.0,0.0,0.0,0.0541146591558961,0.0,0.0,0.00017445466022962961,0.0,0.00017535936815492062,0.0,0.0,0.0,0.0,0.03068476513699066,0.0,0.0,9.900798775968978e-05,0.0,9.952905742116402e-05
2026-06-27 16:05:25.084000111,0.0,0.0,0.0,0.0,37464.00328013548,0.0,0.0,115.47382668471346,0.0,115.42702075596247,0.002750330858933177,0.0061924555888588076,0.0029474194215055303,0.008900263947782136,0.0,0.0026524443455031113,0.05400893278854435,0.006706816792634062,0.0314081317930429,443567.81633104087,74.85927333869435,379232.7283511013,390.2996807851732,0.0,197839.5963193826,3177981.3322337596,2980.5276077191,1246265.8104974038,189887.49496236397,37.429636669347175,288931.8045348774,507.3895850207252,0.0,101792.10448204214,15354.050305506616,2980.5276077191,890965.0792251959,0.0,0.0,0.0,0.0,0.0,0.0,2559.0083842511026,0.0,0.0,0.0,0.0,0.0,0.0,0.05448592837128104,0.0,0.0,0.00017566052134074071,0.0,0.00017660594910730157,0.0,0.0,0.0,0.0,0.03086133904005669,0.0,0.0,9.93680296692597e-05,0.0,9.986414362640292e-05
2026-06-27 16:05:40.084000111,0.0,0.0,0.0,0.0,37464.01900792767,0.0,0.0,115.47382668471346,0.0,115.42702075596247,0.002041257364460497,0.0061924555888588076,0.007149390678074924,0.008900263947782136,0.003203587523039328,0.0026524443455031113,0.05400893278854435,0.006706816792634062,0.028061790806729436,329209.8726167829,74.85927333869435,245777.21229382858,390.2996807851732,242126.8332260369,197839.5963193826,3177981.3322337596,2980.5276077191,970094.8358503291,140931.86143474764,37.429636669347175,190291.4706603322,507.3895850207252,121840.04303616626,101792.10448204214,15354.050305506616,2980.5276077191,622529.7788609004,0.0,0.0,0.0,0.0,0.0,0.0,2559.0083842511026,0.0,0.0,0.0,0.0,0.0,0.0,0.054857282649389494,0.0,0.0,0.00017686638245185181,0.0,0.00017785253005968252,0.0,0.0,0.0,0.0,0.031071346357374616,0.0,0.0,0.0001000483940186746,0.0,0.00010056715777217271
2026-06-27 16:05:55.084000111,0.0,0.0,0.0,0.0,39339.7120165356,0.0,0.0,126.72249633284457,0.0,119.20469395919461,0.0018120631262160652,0.006101034593219086,0.009391384902794005,0.008900263947782136,0.003203587523039328,0.0026524443455031117,0.07955713610534058,0.006706816792634062,0.030896143127518844,292245.8879225295,416852.1599071657,22787.789205723555,390.2996807851732,242126.8332260369,197839.5963193826,2705905.4527868456,2980.5276077191,1042294.7609702705,125107.90352121729,315037.88555643853,22703.701422676604,507.3895850207252,121840.04303616626,101792.10448204215,2069542.2560754444,2980.5276077191,625073.3059247228,0.0,0.0,0.0,0.0,0.0,0.0,417474.0660137831,0.0,0.0,0.0,0.0,0.0,0.0,0.05522863692749796,0.0,0.0,0.00017807224356296291,0.0,0.00017909911101206347,0.0,0.0,0.0,0.0,0.031378314937266547,0.0,0.0,0.000100983306771742,0.0,0.00010109549288365326
2026-06-27 16:06:10.084000111,0.0,0.0,0.0,0.0,39339.7120165356,0.0,0.0,126.72249633284457,0.0,119.20469395919461,0.0029062558204283905,0.00687713573977375,0.009391384902794005,0.008900263947782136,0.003203587523039328,0.0026137148173993843,0.07955713610534058,0.0,0.03806985454910612,747.1653913728051,469879.13988975924,22787.789205723555,390.2996807851732,242126.8332260369,407281.56935721484,2705905.4527868456,0.0,1335508.2301191038,432.56943711057136,355113.2630113142,22703.701422676604,507.3895850207252,121840.04303616626,206372.08653175159,2069542.2560754444,0.0,800711.9497348231,0.0,0.0,0.0,0.0,0.0,0.0,417474.0660137831,0.0,0.0,0.0,0.0,0.0,0.0,0.055710859701406074,0.0,0.0,0.00017914941163843845,0.0,0.0001793688288432099,0.0,0.0,0.0,0.0,0.031588972886038486,0.0,0.0,0.00010166539044800899,0.0,0.00010179729441341039
2026-06-27 16:06:25.084000111,0.0,0.0,0.0,0.0,41388.56977244062,0.0,0.0,122.41041780575317,0.0,114.77709469641407,0.0029062558204283905,0.009313213758655965,0.009391384902794005,0.008900263947782136,0.003203587523039328,0.0026137148173993843,0.07955713610534058,0.0,0.0316884976786386,747.1653913728051,636323.7597911227,22787.789205723555,390.2996807851732,242126.8332260369,407281.56935721484,2705905.4527868456,0.0,1083537.6004783623,432.56943711057136,480904.52945850836,22703.701422676604,507.3895850207252,121840.04303616626,206372.08653175159,2069542.2560754444,0.0,625949.9041487994,0.0,0.0,0.0,0.0,0.0,0.0,417474.0660137831,0.0,0.0,0.0,0.0,0.0,0.0,0.05608295971892359,0.0,0.0,0.00018035440713393396,0.0,0.00018060865754691358,0.0,0.0,0.0,0.0,0.03186484133193814,0.0,0.0,0.00010223608326748738,0.0,0.00010234335643490346
2026-06-27 16:06:40.084000111,0.0,0.0,0.0,0.0,41388.57281928874,0.0,0.0,122.41041780575317,0.0,114.77709469641407,0.0029062558204283905,0.009313213758655965,0.009391384902794005,0.0,0.0,0.0018904636258302884,0.07955713610534058,0.006974954373953903,0.02707093161078396,747.1653913728051,636323.7597911227,22787.789205723555,0.0,0.0,294581.1024276102,2705905.4527868456,414398.9560382408,957239.0878335835,432.56943711057136,480904.52945850836,22703.701422676604,0.0,0.0,149266.0639094363,2069542.2560754444,347353.0084821893,706586.9855146256,0.0,0.0,0.0,0.0,0.0,0.0,417474.0660137831,0.0,0.0,0.0,0.0,0.0,0.0,0.05645505973644112,0.0,0.0,0.00018155940262942942,0.0,0.0001818484862506173,0.0,0.0,0.0,0.0,0.032075974000211206,0.0,0.0,0.00010291742459143203,0.0,0.0001030440916311077
2026-06-27 16:06:55.084000111,0.0,0.0,0.0,0.0,41541.55458655046,0.0,0.0,122.02584310117211,0.0,114.53334400128026,0.0029062558204283905,0.009313213758655965,0.0,0.0,0.0,0.0016726540577136732,0.07955713610534058,0.006974954373953903,0.019832694642326492,747.1653913728051,636323.7597911227,0.0,0.0,0.0,260640.97164784232,2705905.4527868456,414398.9560382408,739570.3284128937,432.56943711057136,480904.52945850836,0.0,0.0,0.0,132068.39003179033,2069542.2560754444,347353.0084821893,601051.038222159,0.0,0.0,0.0,0.0,0.0,0.0,417474.0660137831,0.0,0.0,0.0,0.0,0.0,0.0,0.05682715975395863,0.0,0.0,0.00018276439812492493,0.0,0.00018308831495432096,0.0,0.0,0.0,0.0,0.03226096770991072,0.0,0.0,0.00010369154930472979,0.0,0.00010379861415740154
2026-06-27 16:07:10.084000111,0.0,0.0,0.0,0.0,41541.55458655046,0.0,0.0,122.02584310117211,0.0,114.53334400128026,0.0029062558204283905,0.006624126765996929,0.0041028879928618825,0.0048609668625783226,0.0,0.0029781250545854723,0.07955713610534058,0.006974954373953903,0.02038052104057124,747.1653913728051,452592.3444154337,3515.919538282564,474028.6134096358,0.0,152989.76995499246,2705905.4527868456,414398.9560382408,499530.9352673936,432.56943711057136,342048.68996102473,3608.443736658421,337941.3811770165,0.0,77532.30586495409,2069542.2560754444,347353.0084821893,457492.80993509234,0.0,0.0,0.0,0.0,0.0,0.0,417474.0660137831,0.0,0.0,0.0,0.0,0.0,0.0,0.057269668487407804,0.0,0.0,0.00018393358730467836,0.0,0.00018414332646966966,0.0,0.0,0.0,0.0,0.03247192959118581,0.0,0.0,0.00010437350084016475,0.0,0.00010449971265533808
2026-06-27 16:07:25.084000111,0.0,0.0,0.0,0.0,41778.75108630712,0.0,0.0,127.79543939191892,0.0,120.28123749833296,0.002290956927746152,0.006637023305417035,0.0041028879928618825,0.0048609668625783226,0.0,0.0031972012977327055,0.03988224599790859,0.006974954373953903,0.02862401974147795,329.4175685463011,281469.113264954,3515.919538282564,474028.6134096358,0.0,114.55847255369927,2439732.925750141,414398.9560382408,453087.9421188934,366.0195206070012,212707.80715786832,3608.443736658421,337941.3811770165,0.0,76.37231503579952,1865828.3323948195,347353.0084821893,525633.7123601041,0.0,0.0,0.0,0.0,0.0,0.0,381724.39868071757,0.0,0.0,0.0,0.0,0.0,0.0,0.05764226261140022,0.0,0.0,0.00018513834826959063,0.0,0.00018538191205525525,0.0,0.0,0.0,0.0,0.0326647163515196,0.0,0.0,0.000105022806350188,0.0,0.00010512684087513334
2026-06-27 16:07:40.084000111,0.0,0.0,0.0,0.0,41780.221135308755,0.0,0.0,127.79543939191892,0.0,120.28123749833296,0.0033157423693740136,0.004516365128804823,0.0041028879928618825,0.0048609668625783226,0.0027888982857336288,0.0031972012977327055,0.03988224599790859,0.006974954373953903,0.035569767670707735,476.7718572167615,276.3428648533165,3515.919538282564,474028.6134096358,5334.641374119399,114.55847255369927,2439732.925750141,414398.9560382408,311718.3783172454,529.7465080186239,184.22857656887766,3608.443736658421,337941.3811770165,4191.503936808099,76.37231503579952,1865828.3323948195,347353.0084821893,430715.27362626756,0.0,0.0,0.0,0.0,0.0,0.0,381724.39868071757,0.0,0.0,0.0,0.0,0.0,0.0,0.05801485673539263,0.0,0.0,0.0001863431092345029,0.0,0.00018662049764084083,0.0,0.0,0.0,0.0,0.032875561073664156,0.0,0.0,0.0001057045459689004,0.0,0.00010582744640680538
2026-06-27 16:07:55.084000111,0.0,0.0,0.0,0.0,42001.05887298231,0.0,0.0,126.50286704893978,0.0,119.29830644085884,0.0033157423693740136,0.004516365128804823,0.0041028879928618825,0.0048609668625783226,0.0027888982857336288,0.0031972012977327055,0.03988224599790859,0.0,0.037887300549848055,476.7718572167615,276.3428648533165,3515.919538282564,474028.6134096358,5334.641374119399,114.55847255369927,2439732.925750141,0.0,235733.5487411313,529.7465080186239,184.22857656887766,3608.443736658421,337941.3811770165,4191.503936808099,76.37231503579952,1865828.3323948195,0.0,336671.83639606775,0.0,0.0,0.0,0.0,0.0,0.0,381724.39868071757,0.0,0.0,0.0,0.0,0.0,0.0,0.05838745085938505,0.0,0.0,0.00018754787019941517,0.0,0.0001878590832264264,0.0,0.0,0.0,0.0,0.03306328954339966,0.0,0.0,0.00010599766827150173,0.0,0.00010611603234877558
2026-06-27 16:08:10.084000111,0.0,0.0,0.0,0.0,42002.55977526275,0.0,0.0,126.50286704893978,0.0,119.29830644085884,0.0033157423693740136,0.004516365128804823,0.0041028879928618825,0.0048609668625783226,0.0027888982857336288,0.0031972012977327055,0.03988224599790859,0.004148506270641308,0.03220395819240695,476.7718572167615,276.3428648533165,3515.919538282564,474028.6134096358,5334.641374119399,114.55847255369927,2439732.925750141,420501.5649621172,395868.4250698022,529.7465080186239,184.22857656887766,3608.443736658421,337941.3811770165,4191.503936808099,76.37231503579952,1865828.3323948195,341104.92801174265,335501.9971350409,0.0,0.0,0.0,0.0,0.0,0.0,381724.39868071757,0.0,0.0,0.0,0.0,0.0,0.0,0.05868655979931403,0.0,0.0,0.000188004376611396,0.0,0.00018823352134152044,0.0,0.0,0.0,0.0,0.033273987215880714,0.0,0.0,0.00010667691757090795,0.0,0.00010681392814157181
2026-06-27 16:08:25.084000111,0.0,0.0,0.0,0.0,39790.68719923399,0.0,0.0,114.81134277008411,0.0,114.78613957767973,0.0033157423693740136,0.004516365128804823,0.0041028879928618825,0.0027067216428479602,0.0027888982857336288,0.001969966796399919,0.03988224599790859,0.004148506270641308,0.029197688190550207,476.7718572167615,276.3428648533165,3515.919538282564,439231.07526309043,5334.641374119399,143.43317737477247,2439732.925750141,420501.5649621172,293631.5063966218,529.7465080186239,184.22857656887766,3608.443736658421,304979.22724765184,4191.503936808099,0.0,1865828.3323948195,341104.92801174265,249000.1709722006,0.0,0.0,0.0,0.0,0.0,0.0,381724.39868071757,0.0,0.0,0.0,0.0,0.0,0.0,0.05905868491295551,0.0,0.0,0.000189204361654131,0.0,0.00018946644678011695,0.0,0.0,0.0,0.0,0.03346362614799519,0.0,0.0,0.00010700004441381751,0.0,0.00010711084294014677
2026-06-27 16:08:40.084000111,0.0,0.0,0.0,0.0,39791.85991921098,0.0,0.0,114.81134277008411,0.0,114.78613957767973,0.0033157423693740136,0.0042659377039170054,0.00416855819887081,0.0030563399521653517,0.0,0.002222808658014787,0.03988224599790859,0.004148506270641308,0.0291261102393077,476.7718572167615,833.7114840069205,468733.5869025963,495965.10491069226,0.0,161.8425798332547,2439732.925750141,420501.5649621172,477619.9968413838,529.7465080186239,98.08370400081418,356485.24652129743,344372.3883763516,0.0,0.0,1865828.3323948195,341104.92801174265,313058.31578298,0.0,0.0,0.0,0.0,0.0,0.0,381724.39868071757,0.0,0.0,0.0,0.0,0.0,0.0,0.05943081002659698,0.0,0.0,0.00019040434669686607,0.0,0.00019069937221871344,0.0,0.0,0.0,0.0,0.033674191505190805,0.0,0.0,0.00010767704050377963,0.0,0.00010780613582901469
2026-06-27 16:08:55.084000111,0.0,0.0,0.0,0.0,37993.314145371594,0.0,0.0,119.90039203136247,0.0,123.97123285862855,0.0032004647421574575,0.003980803502842231,0.00416855819887081,0.004195419711808703,0.0,0.003034102339378413,0.027685431063518333,0.004148506270641308,0.03327840372150842,2879.780737033396,1468.3259077175192,468733.5869025963,680808.3557712224,0.0,220.91282950178655,48999.19861557938,420501.5649621172,1006928.6338322901,2879.780737033396,0.0,356485.24652129743,472717.93354439747,0.0,0.0,48999.19861557938,341104.92801174265,658732.5595583214,0.0,0.0,0.0,0.0,0.0,0.0,0.0,0.0,0.0,0.0,0.0,0.0,0.0,0.05980293514023847,0.0,0.0,0.00019160433173960113,0.0,0.00019193229765730992,0.0,0.0,0.0,0.0,0.03385514911623303,0.0,0.0,0.00010851957957211511,0.0,0.00010893112720782997
2026-06-27 16:09:10.084000111,0.0,0.0,0.0,0.0,37993.355723277826,0.0,0.0,119.90039203136247,0.0,124.83470193615476,0.003101991935038371,0.003980803502842231,0.00416855819887081,0.004195419711808703,0.0025055560602275525,0.003034102339378413,0.027685431063518333,0.004067201465608174,0.030263768107652505,4932.48632823289,1468.3259077175192,468733.5869025963,680808.3557712224,312783.5941225899,220.91282950178655,48999.19861557938,478987.20060203434,1060482.7036091362,4887.234160083964,0.0,356485.24652129743,472717.93354439747,157996.41178207254,0.0,48999.19861557938,194950.1656211255,636959.0897042977,0.0,0.0,0.0,0.0,0.0,0.0,0.0,0.0,0.0,0.0,0.0,0.0,0.0,0.06008500453696321,0.0,0.0,0.00019245826202166669,0.0,0.00019327749005071225,0.0,0.0,0.0,0.0,0.034065530636222106,0.0,0.0,0.00010919760997471201,0.0,0.0001096799741939037
2026-06-27 16:09:25.084000111,0.0,0.0,0.0,0.0,38115.95292705693,0.0,0.0,116.51153487131616,0.0,144.74240650753447,0.003101991935038371,0.003980803502842231,0.00416855819887081,0.0032411714983578135,0.0025055560602275525,0.003034102339378413,0.027685431063518333,0.004067201465608174,0.031927498850615334,4932.48632823289,1468.3259077175192,468733.5869025963,525958.4952510578,312783.5941225899,220.91282950178655,48999.19861557938,478987.20060203434,1116627.761358033,4887.234160083964,0.0,356485.24652129743,365198.2395597243,157996.41178207254,0.0,48999.19861557938,194950.1656211255,708058.1027146946,0.0,0.0,0.0,0.0,0.0,0.0,0.0,0.0,0.0,0.0,0.0,0.0,0.0,0.06045656913856578,0.0,0.0,0.00019365609327166665,0.0,0.00019462441099088316,0.0,0.0,0.0,0.0,0.034257769770236216,0.0,0.0,0.00010979742477949781,0.0,0.00011172573194065105
2026-06-27 16:09:40.084000111,0.0,0.0,0.0,0.0,38115.95292705693,0.0,0.0,116.51153487131616,0.0,148.00444144552623,0.003101991935038371,0.003980803502842231,0.00416855819887081,0.002891553189040421,0.0025055560602275525,0.003034102339378413,0.027685431063518333,0.00298526200024954,0.03159337905731162,4932.48632823289,1468.3259077175192,468733.5869025963,469224.46560345596,312783.5941225899,220.91282950178655,48999.19861557938,420028.2441318879,898776.5917976837,4887.234160083964,0.0,356485.24652129743,325805.07843102445,157996.41178207254,0.0,48999.19861557938,0.0,651822.0209581727,0.0,0.0,0.0,0.0,0.0,0.0,0.0,0.0,0.0,0.0,0.0,0.0,0.0,0.06082813374016835,0.0,0.0,0.00019485392452166665,0.0,0.00019597133193105412,0.0,0.0,0.0,0.0,0.034468039964426815,0.0,0.0,0.00011047497252230687,0.0,0.00011259052653141368
2026-06-27 16:09:55.084000111,0.0,0.0,0.0,0.0,37948.73384806176,0.0,0.0,113.14357722926748,0.0,159.7219228707446,0.003101991935038371,0.004030967651327191,0.00416855819887081,0.0025419348797230293,0.0025055560602275525,0.0020473532621781763,0.027685431063518333,0.003958752141427819,0.03231406591243984,4932.48632823289,281984.01626462105,468733.5869025963,412490.4359558541,312783.5941225899,149.06768182056524,48999.19861557938,556998.9202884989,609744.8061188627,4887.234160083964,207913.21968607674,356485.24652129743,286411.91730232467,157996.41178207254,0.0,48999.19861557938,0.0,499928.97124987043,0.0,0.0,0.0,0.0,0.0,0.0,0.0,0.0,0.0,0.0,0.0,0.0,0.0,0.061199698341770914,0.0,0.0,0.00019605175577166664,0.0,0.00019731825287122503,0.0,0.0,0.0,0.0,0.03465271417880012,0.0,0.0,0.00011095212039843125,0.0,0.00011402675258793782
2026-06-27 16:10:10.084000111,0.0,0.0,0.0,0.0,37948.73384806176,0.0,0.0,113.14357722926748,0.0,164.79973220786508,0.003101991935038371,0.004030967651327191,0.0,0.004163332941788485,0.00257712614659037,0.002372266678736313,0.027685431063518333,0.003958752141427819,0.028007051083539212,4932.48632823289,281984.01626462105,0.0,377481.11355360533,183519.04822174407,237854.98325337196,48999.19861557938,556998.9202884989,333204.5934269908,4887.234160083964,207913.21968607674,0.0,259329.25007970736,92687.21480958439,0.0,48999.19861557938,0.0,303052.1597546818,0.0,0.0,0.0,0.0,0.0,0.0,0.0,0.0,0.0,0.0,0.0,0.0,0.0,0.061494111165125875,0.0,0.0,0.00019675357039078585,0.0,0.0002024926941512963,0.0,0.0,0.0,0.0,0.034862829347331564,0.0,0.0,0.00011162844657220158,0.0,0.00011494724068076855
2026-06-27 16:10:25.084000111,0.0,0.0,0.0,0.0,38057.89002753649,0.0,0.0,113.33004407166149,0.0,178.84074863817895,0.0,0.004085830101233564,0.004330747061580932,0.004163332941788485,0.00257712614659037,0.002372266678736313,0.0,0.003039210994710221,0.027521509404714203,0.0,588772.3995015331,339525.8945467804,377481.11355360533,183519.04822174407,237854.98325337196,0.0,427618.90164004185,343903.4757230922,0.0,435299.290104874,257071.129707113,259329.25007970736,92687.21480958439,0.0,0.0,0.0,324242.7373164245,0.0,0.0,0.0,0.0,0.0,0.0,0.0,0.0,0.0,0.0,0.0,0.0,0.0,0.06186520727315434,0.0,0.0,0.00019794838949647694,0.0,0.0002041860115124074,0.0,0.0,0.0,0.0,0.035057070185874485,0.0,0.0,0.0001119367616109349,0.0,0.00011621497529569384
2026-06-27 16:10:40.084000111,0.0,0.0,0.0,0.0,38057.89002753648,0.0,0.0,113.33004407166148,0.0,185.83244102998333,0.0,0.004085830101233564,0.004330747061580932,0.004163332941788485,0.0019942540928050765,0.002372266678736313,0.04356624196905258,0.004890400764661687,0.03233401032340588,0.0,588772.3995015332,339525.8945467804,377481.11355360533,49.142106120753404,237854.98325337196,2198407.818296986,274250.5086365809,436627.2445612358,0.0,435299.29010487406,257071.129707113,259329.25007970736,0.0,0.0,1674500.8415528005,10123.24708131358,339926.928158703,0.0,0.0,0.0,0.0,0.0,0.0,5967.387566736041,0.0,0.0,0.0,0.0,0.0,0.0,0.06223630338118278,0.0,0.0,0.000199143208602168,0.0,0.0002058793288735185,0.0,0.0,0.0,0.0,0.03526709036905626,0.0,0.0,0.00011261087153372339,0.0,0.0001171796901690757
2026-06-27 16:10:55.084000111,0.0,0.0,0.0,0.0,38151.30495659477,0.0,0.0,119.37592511101339,0.0,208.78820518462211,0.0031591245216021748,0.004085830101233564,0.004330747061580932,0.004163332941788485,0.0026786988542052783,0.002372266678736313,0.04356624196905258,0.004890400764661687,0.03214540297945232,26995.888082137863,588772.3995015332,339525.8945467804,377481.11355360533,66.00808985866921,237854.98325337196,2198407.818296986,274250.5086365809,494712.5515493273,26927.283538091768,435299.29010487406,257071.129707113,259329.25007970736,0.0,0.0,1674500.8415528005,10123.24708131358,261974.32589300442,0.0,0.0,0.0,0.0,0.0,0.0,5967.387566736041,0.0,0.0,0.0,0.0,0.0,0.0,0.06260739948921125,0.0,0.0,0.00020033802770785906,0.0,0.00020757264623462964,0.0,0.0,0.0,0.0,0.035462368908427876,0.0,0.0,0.00011325608738205395,0.0,0.00011898717548370098
2026-06-27 16:11:10.084000111,0.0,0.0,0.0,0.0,38151.30495659477,0.0,0.0,119.37592511101339,0.0,217.80398707844938,0.0031591245216021748,0.0028818835142648005,0.004330747061580932,0.004163332941788485,0.002809196503507571,0.002372266678736313,0.04356624196905258,0.005730780318672285,0.03871634292692306,26995.888082137863,415282.43459396897,339525.8945467804,377481.11355360533,4053.904258183028,237854.98325337196,2198407.818296986,19201.579077226743,577897.6662573401,26927.283538091768,307032.30845199927,257071.129707113,259329.25007970736,4053.904258183028,0.0,1674500.8415528005,19254.769046969755,293669.9220271516,0.0,0.0,0.0,0.0,0.0,0.0,5967.387566736041,0.0,0.0,0.0,0.0,0.0,0.0,0.06292390299487322,0.0,0.0,0.00020082106682645505,0.0,0.00021134873139634148,0.0,0.0,0.0,0.0,0.03567230189777778,0.0,0.0,0.00011393002536870361,0.0,0.0001199927850540605
2026-06-27 16:11:25.084000111,0.0,0.0,0.0,0.0,38729.53694134588,0.0,0.0,122.09146491888973,0.0,242.81736698648496,0.0031591245216021748,0.0025413976724953363,0.004330747061580932,0.0,0.002809196503507571,0.0,0.04356624196905258,0.005730780318672285,0.035336890645851986,26995.888082137863,366218.0679688411,339525.8945467804,0.0,4053.904258183028,0.0,2198407.818296986,19201.579077226743,461720.72254004405,26927.283538091768,270757.3676099264,257071.129707113,0.0,4053.904258183028,0.0,1674500.8415528005,19254.769046969755,204674.8716408549,0.0,0.0,0.0,0.0,0.0,0.0,5967.387566736041,0.0,0.0,0.0,0.0,0.0,0.0,0.06329467542455769,0.0,0.0,0.00020201166603280425,0.0,0.00021319482133536584,0.0,0.0,0.0,0.0,0.03588441278721531,0.0,0.0,0.00011491797655269484,0.0,0.00012231790466390974
