timestamp,aggregator_energy,api-gateway_energy,authority_energy,clientone_energy,clientthree_energy,clienttwo_energy,orchestrator_energy,policy_energy,policy-enforcer_energy,rabbitmq_energy,server_energy,sidecar_energy,system_processes_energy,aggregator_cpu_usage,authority_cpu_usage,clientone_cpu_usage,clientthree_cpu_usage,clienttwo_cpu_usage,policy_cpu_usage,server_cpu_usage,sidecar_cpu_usage,aggregator_memory_usage,authority_memory_usage,clientone_memory_usage,clientthree_memory_usage,clienttwo_memory_usage,policy_memory_usage,server_memory_usage,sidecar_memory_usage,aggregator_memory_rss_usage,authority_memory_rss_usage,clientone_memory_rss_usage,clientthree_memory_rss_usage,clienttwo_memory_rss_usage,policy_memory_rss_usage,server_memory_rss_usage,sidecar_memory_rss_usage,aggregator_memory_cache_usage,authority_memory_cache_usage,clientone_memory_cache_usage,clientthree_memory_cache_usage,clienttwo_memory_cache_usage,policy_memory_cache_usage,server_memory_cache_usage,sidecar_memory_cache_usage,aggregator_carbon_coal,api-gateway_carbon_coal,authority_carbon_coal,clientone_carbon_coal,clientthree_carbon_coal,clienttwo_carbon_coal,orchestrator_carbon_coal,policy_carbon_coal,policy-enforcer_carbon_coal,rabbitmq_carbon_coal,server_carbon_coal,sidecar_carbon_coal,system_processes_carbon_coal,aggregator_carbon_emission,api-gateway_carbon_emission,authority_carbon_emission,clientone_carbon_emission,clientthree_carbon_emission,clienttwo_carbon_emission,orchestrator_carbon_emission,policy_carbon_emission,policy-enforcer_carbon_emission,rabbitmq_carbon_emission,server_carbon_emission,sidecar_carbon_emission,system_processes_carbon_emission
2026-06-25 22:05:42.196000099,727.0451999999999,525.5568,692.1827999999997,699.4188000000013,623.242799999999,640.6955999999996,280.7171999999996,633.4128000000006,327.77639999999997,1363.2551999999969,667.4112,9851.453999999998,71443.60919999999,0.022814059520848896,0.01070473063772605,0.0,0.007840449413229018,0.006563873444532685,0.008014009984125572,0.008404526642524583,0.021774954482095873,11981.288710460558,12053.821423103745,0.0,1456.614509246088,29319.111917999926,0.0,285215.5199172271,673601.0457553703,11932.781468717803,12053.821423103745,0.0,2822.1906116642954,29357.84258103559,0.0,276421.7278841179,639003.397791219,0.0,0.0,0.0,0.0,0.0,0.0,0.0,0.0,0.0012126983313851855,0.0006204114092148148,0.001207206018062963,0.0012393335283666668,0.0010479186626555555,0.0010431214876529102,0.00043579916638373985,0.0009468307389364338,0.0004130402828227643,0.0023175401471264546,0.0011639294101238092,0.012693844852559753,0.11296423808902066,0.000691949294957792,0.00035776153421285647,0.0006854520801778905,0.0007047828526725643,0.0005954377074862901,0.0005892066518717443,0.0002508859226894392,0.0005395820023446931,0.0002395483476414313,0.001335339190055433,0.000660831767464218,0.007248790398261828,0.06435608020316494
2026-06-25 22:05:57.196000099,727.0451999999999,525.5568,667.3787999999996,699.4188000000013,614.242799999999,630.9432000000008,280.7171999999996,629.0964000000006,327.77639999999997,1363.2551999999969,669.7115999999995,9555.0048,72204.58080000001,0.022814059520848896,0.01070473063772605,0.0,0.007840449413229018,0.006563873444532685,0.00801400998412557,0.008404526642524583,0.023434956214241354,11981.288710460558,12053.821423103745,0.0,1456.614509246088,29319.111917999926,0.0,285215.5199172271,451983.18836925225,11932.781468717803,12053.821423103745,0.0,2822.1906116642954,29357.84258103559,0.0,276421.7278841179,429033.807945646,0.0,0.0,0.0,0.0,0.0,0.0,0.0,0.0,0.0012197891686867727,0.0006240379647703704,0.0012142435398883593,0.0012465691176523812,0.0010540191209888886,0.0010491693765417992,0.00043838071516422763,0.0009522417040527129,0.0004154870145300813,0.0023309508237137565,0.0011707075172666666,0.012785574829330949,0.11360787180026095,0.0006959578528453889,0.00035983227044153866,0.0006878825350406138,0.0007088647964089984,0.0005983477798228681,0.0005919246386200675,0.00025234569106983136,0.000543303799595548,0.00024094504142574505,0.0013429474834960457,0.0006640297489286882,0.007285035923284331,0.06478189645292401
2026-06-25 22:06:12.196000099,717.6744,486.61560000000014,667.3787999999996,699.1092000000003,614.242799999999,630.9432000000008,276.12359999999967,629.0964000000006,337.2047999999999,1421.9711999999977,669.7115999999995,9283.895999999999,72661.12199999999,0.022814059520848896,0.0,0.004882117677697789,0.007840449413229018,0.006563873444532685,0.00801400998412557,0.008404526642524583,0.0218553251969637,11981.288710460558,0.0,293425.89802258316,1456.614509246088,29319.111917999926,0.0,285215.5199172271,416189.2343571432,11932.781468717803,0.0,286568.3724910245,2822.1906116642954,29357.84258103559,0.0,276421.7278841179,398147.721504859,0.0,0.0,0.0,0.0,0.0,0.0,0.0,0.0,0.0012253973477028425,0.0006331926406413437,0.0012172724476527128,0.0012497134341354008,0.001058014173617571,0.0010538830520015505,0.0004409030943777777,0.0009592250391742424,0.0004208959361148148,0.0023445945440583975,0.0011772810253291987,0.012849205258921567,0.11445569377884493,0.0006989657340371426,0.0003611207175277317,0.0006918526433196834,0.000712421493626544,0.0006017937435825579,0.0005953433740503002,0.00025372293940674413,0.0005463714391978206,0.00024344181959605807,0.001351991433241826,0.0006678654826651222,0.007321908064548181,0.06516741004630487
2026-06-25 22:06:27.196000099,717.6744,486.61560000000014,695.1420000000005,699.1092000000003,606.8484000000011,628.4844000000011,276.12359999999967,631.7747999999995,337.2047999999999,1421.9711999999977,684.7812000000004,8748.352800000002,73715.96159999998,0.016607267390737503,0.004571561837456387,0.0048821176776977886,0.00784044941322902,0.006563873444532685,0.00801400998412557,0.00655405254097329,0.01812855048143171,231500.83989787812,14474.07400948823,293425.8980225831,1456.6145092460883,29319.111917999926,0.0,154325.91078951422,357564.73696556553,226781.40217463812,14551.475474779609,286568.37249102443,2822.1906116642963,29357.84258103559,0.0,149567.7196321852,342520.12053517567,0.0,0.0,0.0,0.0,0.0,0.0,0.0,0.0,0.0012324796054547806,0.0006368511852149871,0.0012242867732341082,0.0012569253488640827,0.001064102448811369,0.0010599232206062017,0.00044348429675873007,0.0009646448971287877,0.00042336000952751323,0.00235800655374832,0.001184057940057881,0.01293967531087801,0.11510048210649647,0.0007029685543474873,0.00036318697100665896,0.0006964042518346827,0.0007165004235882298,0.0006048202694260612,0.0005984567411955248,0.0002551822321974418,0.0005501712365857431,0.00024484485352241467,0.001359607814385765,0.0006713290620146711,0.0073426998923423505,0.06560202243037279
2026-06-25 22:06:42.196000099,718.3224000000005,436.74479999999954,695.1420000000005,697.8852,606.8484000000011,628.4844000000011,277.80839999999966,631.7747999999995,351.15479999999997,1480.9212000000036,684.7812000000004,8473.413600000002,73541.61360000001,0.0100933755903555,0.005165407417280725,0.0048821176776977886,0.00784044941322902,0.0026919028906225314,0.00861099495196219,0.00655405254097329,0.020595966382671166,461881.7797663435,16354.255264428308,293425.8980225831,1456.6145092460883,252422.01633421067,693.6720403843022,154325.91078951422,349147.5822217962,452260.3032562764,16441.711174933273,286568.37249102443,2822.1906116642963,245612.87800505286,40633.173750203554,149567.7196321852,335026.10084892414,0.0,0.0,0.0,0.0,0.0,3943.665173315963,0.0,0.0,0.0012395618632067185,0.0006405097297886304,0.001231301098815504,0.001264137263592765,0.0010701907240051676,0.0010659633892108526,0.0004460654991396825,0.0009700647550833332,0.00042582408294021155,0.0023714185634382424,0.001190834854786563,0.01303014536283445,0.11574527043414798,0.0007067288069952682,0.0003639961315724166,0.0007003776943595869,0.000719837478086847,0.0006082638340275937,0.0006018737330729196,0.0002568635091678467,0.0005532429662823724,0.00024752118964181994,0.0013691694934200786,0.0006751626613365102,0.007379041003514447,0.06595745193146622
2026-06-25 22:06:57.196000099,718.3224000000005,436.74479999999954,691.1819999999989,697.8852,605.181600000001,617.2848000000004,277.80839999999966,663.3107999999999,351.15479999999997,1480.9212000000036,700.3584,7897.939199999999,73626.70319999999,0.0100933755903555,0.007126146957892067,0.0048821176776977886,0.0024243742144912303,0.0037936685377223996,0.006713823049670282,0.003332111244709442,0.017555709162013617,461881.7797663435,22562.175059280966,293425.8980225831,11234.812511579185,355735.51517457905,1143.4783713203944,0.0,330253.80663877307,452260.3032562764,22682.828401843966,286568.37249102443,11311.239807576321,346139.4729331177,66981.44459696003,0.0,316982.4556536864,0.0,0.0,0.0,0.0,0.0,5183.743373331131,0.0,0.0,0.0012466441209586566,0.0006441682743622739,0.001238315424396899,0.0012713491783214472,0.0010762789991989664,0.001072003557815504,0.00044864670152063485,0.0009754846130378787,0.00042828815635291,0.002384830573128165,0.0011976117695152453,0.013120615414790893,0.11639005876179949,0.0007107302522642077,0.0003660552631557499,0.000703247387051303,0.0007239121989163923,0.0006112640049514848,0.0006046603789320478,0.00025832406674639074,0.000558004754215473,0.00024893147839660914,0.001376796711214086,0.0006787476224225228,0.007398222444543144,0.06634221682554413
2026-06-25 22:07:12.196000099,723.3875999999988,392.9724000000004,691.1819999999989,699.9263999999991,605.181600000001,617.2848000000004,292.06080000000026,663.3107999999999,370.5300000000003,1592.7552,700.3584,7661.102400000002,74143.05119999999,0.0100933755903555,0.007126146957892067,0.0048821176776977886,0.0033745552294626494,0.0037936685377223996,0.009390436571704483,0.004372243740278756,0.00792891868879354,461881.7797663435,22562.175059280966,293425.8980225831,15638.05417759655,355735.51517457905,1599.3512247135327,0.0,114781.66305004961,452260.3032562764,22682.828401843966,286568.37249102443,15744.435498532583,346139.4729331177,92230.66740221232,0.0,110691.19945125762,0.0,0.0,0.0,0.0,0.0,5998.797362848604,0.0,0.0,0.0012515044636631312,0.0006442016370777776,0.0012444192608106058,0.0012763047249984849,0.001080834458367677,0.0010763850229227273,0.0004514659245720929,0.0009851936598108642,0.0004350145243447028,0.0024044119329,0.0012032796479015152,0.01303930555189021,0.11721254672607702,0.0007146386330763585,0.00036702242640471524,0.0007072145807444846,0.0007273847569158096,0.000614705061981788,0.0006080738123752295,0.0002603867014712841,0.0005610858202858435,0.0002518115284684735,0.0013883813472025035,0.000682579812252068,0.007435371122930564,0.06672067034223213
2026-06-25 22:07:27.196000099,723.3875999999988,392.9724000000004,703.4867999999999,699.9263999999991,613.2563999999993,616.5899999999991,292.06080000000026,660.7044000000004,370.5300000000003,1592.7552,708.3467999999998,7159.326296300003,74347.96320000001,0.0100933755903555,0.007126146957892067,0.0,0.0033745552294626494,0.0037936685377223996,0.009390436571704483,0.004372243740278756,0.005413778135387416,461881.7797663435,22562.175059280966,0.0,15638.05417759655,355735.51517457905,1599.3512247135327,0.0,8644.661452077009,452260.3032562764,22682.828401843966,0.0,15744.435498532583,346139.4729331177,93685.07366302732,0.0,8644.661452077009,0.0,0.0,0.0,0.0,0.0,6813.851352366078,0.0,0.0,0.00125857415495101,0.0006478396787444443,0.0012514284369469695,0.001283503878407576,0.0010869140644282833,0.001082415824059091,0.00045404848852558134,0.0009906372394404938,0.0004375029797710594,0.0024178584442636365,0.001210050301310606,0.013122652008840528,0.11785831782607703,0.0007186395567055721,0.00036907544089535203,0.0007110722312003674,0.0007314560998483941,0.000617856094699925,0.0006112903806047124,0.00026185065082355677,0.0005648105075637822,0.0002532300970555947,0.001396030367632133,0.0006859206517269766,0.00745957590988178,0.06710663725577806
2026-06-25 22:07:42.196000099,724.107599999999,351.5147999999994,703.4867999999999,704.9988000000011,613.2563999999993,616.5899999999991,304.6607999999996,660.7044000000004,388.44720000000024,1674.7380000000026,708.3467999999998,6861.4211213,74052.75240000003,0.0100933755903555,0.004961401665758405,0.0,0.0033745552294626494,0.0037936685377223996,0.011049075271646464,0.0031328826716107393,0.00520356867846831,461881.7797663435,15708.350330647892,0.0,15638.05417759655,355735.51517457905,49744.26200758489,0.0,49974.941953936715,452260.3032562764,15792.352204073817,0.0,15744.435498532583,346139.4729331177,91048.16186947848,0.0,46313.07410602235,0.0,0.0,0.0,0.0,0.0,3711.963522371046,0.0,0.0,0.0012656438462388887,0.0006514777204111111,0.0012584376130833333,0.001290703031816667,0.001092993670488889,0.0010884466251954545,0.0004566310524790697,0.0009960808190701232,0.00043999143519741606,0.0024313049556272726,0.001216820954719697,0.013205998465790842,0.11850408892607706,0.0007226630547376901,0.00037027356299719987,0.0007150388143164722,0.000734986649110865,0.0006212955304302621,0.0006147027151103302,0.00026389189339478647,0.0005678950904245884,0.00025611376331861793,0.0014071954606441758,0.000689750085835591,0.007491460742614925,0.06746179776943315
2026-06-25 22:07:57.196000099,724.107599999999,351.5147999999994,714.0744000000014,704.9988000000011,632.1636000000018,610.7184000000018,304.6607999999996,668.019599999998,388.44720000000024,1674.7380000000026,695.7647999999992,6311.275859,73562.87880000002,0.006151148141785512,0.004707383846346571,0.002647775334122817,0.0033745552294626494,0.0037936685377223996,0.011049075271646464,0.0037177855692466766,0.0043081688006015376,341180.8738475634,201845.16105377013,176138.04770766367,15638.05417759655,355735.51517457905,49744.26200758489,104351.42327435079,77746.0917243143,332338.22367290844,196814.05026857572,168385.7215361191,15744.435498532583,346139.4729331177,91048.16186947848,100089.54583864092,71354.83774589915,0.0,0.0,0.0,0.0,0.0,4108.540821769662,0.0,0.0,0.0012727135375267679,0.0006551157620777776,0.0012654467892196967,0.0012979021852257576,0.0010990732765494948,0.0010944774263318183,0.00045921361643255803,0.001001524398699753,0.00044247989062377256,0.002444751466990909,0.001223591608128788,0.01328934492274116,0.11914986002607703,0.0007266641034969493,0.00037232184153053325,0.0007188868025740107,0.00073905499212568,0.000625112429631889,0.0006177759243908429,0.00026535905866819476,0.0005715514857859451,0.00025754049350962916,0.0014148636410837362,0.0006934522797221969,0.007519820716472849,0.06782849996979372
2026-06-25 22:08:12.196000099,735.5267999999986,296.8163999999993,714.0744000000014,724.1759999999986,632.1636000000018,610.7184000000018,314.07479999999987,668.019599999998,396.54360000000065,1734.0443999999993,695.7647999999992,6059.429258999999,73340.76600000002,0.0027828607836890753,0.002992114388368999,0.002647775334122817,0.002431460780473102,0.003220479922534579,0.011049075271646464,0.003717785569246677,0.003152065463624649,238052.5432728045,328983.9572192513,176138.04770766367,11267.652425352137,279693.57581626164,49744.26200758489,104351.4232743508,87678.72435902107,229875.3318466603,320299.46524064173,168385.7215361191,11344.30312212324,269951.5235876176,91048.16186947848,100089.54583864093,80461.41035177291,0.0,0.0,0.0,0.0,0.0,4505.118121168278,0.0,0.0,0.0012796565607382717,0.0006552867131911111,0.0012720517766182718,0.0013030638965145678,0.0011053027991679012,0.0010995568012849384,0.0004638990059833332,0.0010091248152666666,0.0004502347074722223,0.002471693937564938,0.0012292552914562964,0.013257098929410668,0.11983851394167487,0.0007304929025655877,0.000373302447026205,0.00072285273103327,0.0007427307441596836,0.0006285539559467038,0.0006211863867389912,0.00026736140050654067,0.0005746391572859451,0.0002603873768078815,0.001426337447734402,0.000697281008733308,0.007551827707040474,0.06820122513977114
2026-06-25 22:08:27.196000099,735.5267999999986,296.8163999999993,749.4408000000003,724.1759999999986,653.9976000000001,628.0271999999994,314.07479999999987,674.5463999999995,396.54360000000065,1734.0443999999993,698.9076,5783.003999999996,72222.2028,0.0027828607836890753,0.002992114388368999,0.002647775334122817,0.0029091499230438915,0.002626517308095187,0.012620915404759249,0.003256301075268809,0.003918697623478746,238052.5432728045,328983.9572192513,176138.04770766367,151687.8199960213,200895.65849630913,95369.69144939087,177933.76344086023,289890.8933108811,229875.3318466603,320299.46524064173,168385.7215361191,143110.61784753267,191002.3044598075,88549.24285551634,170666.6666666667,268541.488162585,0.0,0.0,0.0,0.0,0.0,0.0,0.0,0.0,0.0012867255514790125,0.0006589055798577777,0.0012790587173590125,0.0013102517816997528,0.0011113832343530867,0.0011055823531367903,0.00046649332984696973,0.0010145800652666664,0.00045275261466919196,0.002485214272750123,0.001236019830345185,0.013327978602053767,0.12048451735290676,0.0007344930070124742,0.00037534487564891563,0.0007271551064026762,0.0007467969337714049,0.0006326197604516336,0.0006248299256706952,0.00026883151423246664,0.0005786810350033361,0.00026182193105973335,0.0014340261424626627,0.0007006544039378123,0.0075808089248839755,0.0685673899883586
2026-06-25 22:08:42.196000099,759.9851999999995,290.50559999999956,749.4408000000003,728.9675999999998,653.9976000000001,628.0271999999994,327.06359999999995,674.5463999999995,405.24480000000034,1778.4720000000007,698.9076,5811.8687999999975,71599.64759999998,0.0027828607836890753,0.002992114388368999,0.0026477753341228173,0.0029091499230438915,0.002626517308095187,0.012620915404759249,0.003256301075268809,0.00411348523377585,238052.5432728045,328983.9572192513,176138.0477076637,151687.8199960213,200895.65849630913,95369.69144939087,177933.76344086023,390018.96327511425,229875.3318466603,320299.46524064173,168385.72153611912,143110.61784753267,191002.3044598075,88549.24285551634,170666.6666666667,360434.7004868454,0.0,0.0,0.0,0.0,0.0,0.0,0.0,0.0,0.0012937945422197533,0.0006625244465244444,0.001286065658099753,0.001317439666884938,0.0011174636695382718,0.001111607904988642,0.00046908765371060597,0.0010200353152666666,0.0004552705218661616,0.0024987346079353087,0.001242784369234074,0.013398858274696866,0.12113052076413862,0.0007387941465077695,0.000376330260896326,0.0007311228804319803,0.000750620845639439,0.000636064705975443,0.0006282416606780214,0.0002708846456468974,0.000581773808110863,0.00026473948693760813,0.0014453349775272472,0.0007044806354652847,0.0076133354961427846,0.06892070538174466
2026-06-25 22:08:57.196000099,759.9851999999995,290.50559999999956,744.3540000000005,728.9675999999998,678.1967999999985,633.8879999999994,327.06359999999995,675.1511999999998,405.24480000000034,1778.4720000000007,699.4044000000005,5825.9303999999975,70416.47879999997,0.0027828607836890753,0.002992114388368999,0.0026940597926430948,0.0029091499230438915,0.002626517308095187,0.012041204973684405,0.003256301075268809,0.004352018215976113,238052.5432728045,328983.9572192513,99840.36358471806,151687.8199960213,200895.65849630913,56209.37281753317,177933.76344086023,570061.7940223161,229875.3318466603,320299.46524064173,95428.8690053496,143110.61784753267,191002.3044598075,45002.88715611523,170666.6666666667,532474.8936962314,0.0,0.0,0.0,0.0,0.0,4099.214491939722,0.0,0.0,0.0013008635329604939,0.000666143313191111,0.001293072598840494,0.0013246275520701232,0.0011235441047234569,0.0011176334568404939,0.0004716819775742423,0.0010254905652666666,0.00045778842906313137,0.002512254943120494,0.001249548908122963,0.01346973794733996,0.12177652417537053,0.0007427958833990737,0.00037836696062821,0.0007354094568342279,0.0007546857212662506,0.0006403652961975725,0.0006316712779149564,0.00027235793639048716,0.0005855796796274418,0.00026618212245775456,0.0014530429785379999,0.0007079799384121447,0.007642860280653974,0.06929239726397739
2026-06-25 22:09:12.196000099,737.1467999999984,309.2220000000007,744.3540000000005,715.1184000000004,678.1967999999985,633.8879999999994,329.4972000000006,675.1511999999998,390.0924000000001,1814.0435999999963,699.4044000000005,5793.271199999998,71629.98839999999,0.0028175269502248423,0.002992114388368999,0.0019395788667437312,0.0029091499230438915,0.002626517308095187,0.012041204973684405,0.003256301075268809,0.00388758356669568,141534.49439548864,328983.9572192513,2016.7976585552328,151687.8199960213,200895.65849630913,56209.37281753317,177933.76344086023,645968.296877683,136625.4849148127,320299.46524064173,1900.4439474847386,143110.61784753267,191002.3044598075,45002.88715611523,170666.6666666667,602233.6837133211,0.0,0.0,0.0,0.0,0.0,4099.214491939722,0.0,0.0,0.0013081572159159421,0.0006659814134193236,0.0013012469123584542,0.0013306832488980676,0.001132254368838164,0.001124103914038647,0.0004762679867071605,0.0010339065648439713,0.0004655121460755557,0.0025391736934468594,0.0012549172986183572,0.013471445527832335,0.12242486441231014,0.0007453577305498781,0.0003801896057661397,0.0007393789604356772,0.0007573106899634854,0.0006438148765055433,0.0006350831095091593,0.000274153467651663,0.0005886762264891438,0.00026801699170863046,0.0014643898924662194,0.0007118043963106955,0.007672184602650177,0.06971186969396032
2026-06-25 22:09:27.196000099,737.1467999999984,309.2220000000007,746.6688000000013,715.1184000000004,668.9519999999995,621.5220000000007,329.4972000000006,648.7775999999998,390.0924000000001,1814.0435999999963,664.5239999999993,5806.591199999999,73271.16,0.00199020508483129,0.0,0.0027528894742500976,0.0036152105082461216,0.002626517308095187,0.012041204973684405,0.0,0.0042954783238373815,220.78771965259546,0.0,2862.487904526395,206823.44264588074,200895.65849630913,56209.37281753317,0.0,635932.9998822474,132.47263179155726,0.0,2697.344371572949,201563.01260124866,191002.3044598075,45002.88715611523,0.0,593024.4467467184,0.0,0.0,0.0,0.0,0.0,4099.214491939722,0.0,0.0,0.0013152274224376814,0.0006695798228396133,0.0013082601696048307,0.001337865007956039,0.0011383490336932369,0.0011301318850531403,0.00047887320522567906,0.0010393774956950353,0.0004680585294088889,0.0025527657496062796,0.0012616742913719808,0.013540028383911239,0.12307088066053712,0.0007493517430229964,0.0003822251578199031,0.0007423753066395183,0.000761367831723342,0.0006463232226312257,0.0006372231504297837,0.00027562849543789496,0.000592023275085149,0.0002694617415709492,0.0014721170950690566,0.0007135689184642793,0.007699213518648433,0.07018287698515409
2026-06-25 22:09:42.196000099,711.964800000001,360.85319999999973,746.6688000000013,691.1856000000006,668.9519999999995,621.5220000000007,303.4044000000003,648.7775999999998,364.62239999999946,1790.7803999999983,664.5239999999993,6058.388696199997,73436.8248,0.0022292256919088484,0.006606365472028758,0.0027528894742500976,0.0036152105082461216,0.0045503653418662825,0.011447666370378962,0.0,0.007543674865148234,247.30398935206043,91124.24056431741,2862.487904526395,206823.44264588074,175693.93024113562,16114.940183892639,0.0,559246.3888515702,148.38239361123627,91087.80544214057,2697.344371572949,201563.01260124866,175612.26910693102,417.79474550832765,0.0,532350.2494656257,0.0,0.0,0.0,0.0,0.0,5694.380237127272,0.0,0.0,0.0013222976289594202,0.0006731782322599031,0.0013152734268512076,0.0013450467670140095,0.001144443698548309,0.0011361598560676329,0.0004814784237441974,0.0010448484265460994,0.00047060491274222225,0.0025663578057657007,0.0012684312841256037,0.013608611239990144,0.12371689690876404,0.0007519450160254583,0.0003859294071324113,0.0007463395919405935,0.0007636029741316467,0.0006497677606814048,0.0006406281861430452,0.0002762975845750753,0.0005951211311097103,0.00027096043775186025,0.0014823695625185366,0.000717382313034172,0.007748094081147346,0.07057047547577501
2026-06-25 22:09:57.196000099,711.964800000001,360.85319999999973,745.2864000000002,691.1856000000006,662.9148000000001,609.7103999999988,303.4044000000003,653.6520000000002,364.62239999999946,1790.7803999999983,649.3392000000008,6900.282429899997,73753.77960000001,0.002868247284930701,0.006606365472028758,0.0027528894742500976,0.0033781097738640646,0.0045503653418662825,0.011447666370378962,0.005786340794501532,0.009238053397864703,318.19523639358016,91124.24056431741,2862.487904526395,209617.2577712309,175693.93024113562,16114.940183892639,35481.29133673921,623957.7648894379,190.91714183614812,91087.80544214057,2697.344371572949,209522.08534999538,175612.26910693102,417.79474550832765,35447.04298602808,593893.5964016907,0.0,0.0,0.0,0.0,0.0,6385.731066004148,0.0,0.0,0.0013293678354811597,0.0006767766416801931,0.0013222866840975846,0.0013522285260719805,0.0011505383634033814,0.0011421878270821257,0.00048408364226271595,0.001050319357397163,0.0004731512960755556,0.0025799498619251205,0.001275188276879227,0.013677194096069049,0.124362913156991,0.0007559315938729761,0.0003879738111749645,0.0007501286197095848,0.0007676504331068242,0.0006525981935699929,0.0006432305472452304,0.000277768314274,0.0005990852832410317,0.000272405475311,0.001490109951125554,0.0007199459762550821,0.007829996801881811,0.07097314663001104
2026-06-25 22:10:12.196000099,692.751599999999,407.56680000000057,745.2864000000002,670.8095999999991,662.9148000000001,609.7103999999988,278.22959999999995,653.6520000000002,336.85560000000044,1781.5607999999984,649.3392000000008,7158.943306599998,74635.9092,0.011794530578459727,0.006606365472028758,0.0027528894742500976,0.004706800265470976,0.0045503653418662825,0.008229059573127164,0.005786340794501532,0.01700550163142499,233514.1192575849,91124.24056431741,2862.487904526395,264323.2703490871,175693.93024113562,11584.090460023024,35481.29133673921,718244.4603275377,233448.91916844418,91087.80544214057,2697.344371572949,259688.6918734588,175612.26910693102,300.3282711857821,35447.04298602808,695042.2600583514,0.0,0.0,0.0,0.0,0.0,4744.533333333333,0.0,0.0,0.0013313811064108747,0.0006829451474326241,0.0013272480766203308,0.0013536002296420805,0.0011538651163248226,0.001144533542541371,0.0004858253166285024,0.0010577655609689816,0.0004765090302169082,0.0026046836169021275,0.0012760414726945626,0.01367617233021183,0.12539443513155368,0.0007589604228015423,0.00039163544028355434,0.0007540919724897266,0.0007701364878739116,0.0006560394765806312,0.0006466313391778545,0.0002784724591444185,0.0006021876284875595,0.00027379470948969513,0.0015006937521877565,0.000723752728677068,0.00788262662865456,0.07137510758830864
2026-06-25 22:10:27.196000099,692.751599999999,407.56680000000057,737.3087999999999,670.8095999999991,645.8364,607.8527999999997,278.22959999999995,653.457600000001,336.85560000000044,1781.5607999999984,642.8664000000007,7524.317051850002,75451.23359999998,0.011794530578459727,0.006606365472028758,0.0019422399932355065,0.005358261700095521,0.0045503653418662825,0.0072750873755955845,0.005786340794501532,0.02674310892694876,233514.1192575849,91124.24056431741,2019.5647301962751,357356.99447451264,175693.93024113562,10241.178778031972,35481.29133673921,820741.4206286973,233448.91916844418,91087.80544214057,1903.0513803772594,348065.5055813789,175612.26910693102,265.5120423934215,35447.04298602808,804684.2407073452,0.0,0.0,0.0,0.0,0.0,4744.533333333333,0.0,0.0,0.00133842453016974,0.0006865571687092197,0.0013342504666912528,0.0013607512172307329,0.0011599451216439715,0.0011505420088534276,0.0004884259126429952,0.0010632467363162037,0.0004790597566661835,0.002618334063710638,0.0012827671836874704,0.01374011289126641,0.12604246906210922,0.000762941970654174,0.0003936883332063614,0.0007575251732795712,0.0007741757359511045,0.0006589564815228211,0.0006496184053504042,0.00027993914377562405,0.0006058152020078765,0.00027523945258898586,0.001508448834597479,0.0007271386381081053,0.007929695036943723,0.07178446607127538
2026-06-25 22:10:42.196000099,681.4404000000005,458.94240000000013,737.3087999999999,662.7168000000003,645.8364,607.8527999999997,253.29600000000073,653.457600000001,307.8971999999992,1749.4920000000027,642.8664000000007,7817.554274816668,75153.16799999999,0.011794530578459727,0.006606365472028758,0.0017128325370479982,0.005358261700095521,0.0045503653418662825,0.008215593296130417,0.005786340794501532,0.032887309742902285,233514.1192575849,91124.24056431741,1781.024071485742,388441.89748487744,175693.93024113562,62694.85098890451,35481.29133673921,1021528.5581606306,233448.91916844418,91087.80544214057,1678.2726827461802,379881.4453033358,175612.26910693102,0.0,35447.04298602808,997622.9903028868,0.0,0.0,0.0,0.0,0.0,0.0,0.0,0.0,0.0013454679539286055,0.0006901691899858155,0.001341252856762175,0.0013679022048193852,0.0011660251269631206,0.0011565504751654845,0.000491026508657488,0.001068727911663426,0.00048161048311545887,0.002631984510519148,0.0012894928946803783,0.01380405345232099,0.1266905029926648,0.0007661963245511603,0.0003973640833189096,0.0007614857394129047,0.0007774565496282055,0.0006623950149333474,0.0006530170327819832,0.00028062464234191587,0.00060892024105255,0.00027653771040413687,0.0015181390551694328,0.0007309431759151227,0.007983064451224247,0.07214201116965531
2026-06-25 22:10:57.196000099,681.4404000000005,458.94240000000013,719.9388000000008,662.7168000000003,622.6200000000008,595.7423999999992,253.29600000000073,653.9076000000008,307.8971999999992,1749.4920000000027,633.6468000000011,8152.041353333332,75208.98239999998,0.021169742660857353,0.007636208201723833,0.006683470205450253,0.005358261700095521,0.0045503653418662825,0.008215593296130417,0.0,0.03483627998264495,439235.98802891595,22260.685057405906,218741.98895550944,388441.89748487744,175693.93024113562,62694.85098890451,0.0,1087880.6912219261,434912.43247336044,22260.685057405906,218741.98895550944,381791.276663483,175612.26910693102,0.0,0.0,1062977.3178856513,0.0,0.0,0.0,0.0,0.0,0.0,0.0,0.0,0.0013525113776874705,0.0006937812112624113,0.0013482552468330967,0.0013750531924080378,0.0011721051322822697,0.0011625589414775415,0.0004936271046719807,0.001074209087010648,0.0004841612095647342,0.0026456349573276594,0.0012962186056732863,0.013867994013375568,0.12733853692322036,0.0007701740929574102,0.0003994254061869651,0.0007648814200224035,0.000781491850558761,0.0006652431084027639,0.0006560340240102103,0.00028208724790682813,0.0006129678930080514,0.0002779816886111544,0.001525904035427165,0.0007338576079377583,0.008031369536616836,0.07251059528356377
2026-06-25 22:11:12.196000099,665.7371999999993,510.3000000000008,719.9388000000008,655.8659999999991,622.6200000000008,595.7423999999992,224.39520000000053,653.9076000000008,277.1423999999999,1714.4855999999984,633.6468000000011,8446.55774841667,75325.47480000003,0.016296997143894515,0.00867149992228998,0.006683470205450253,0.005358261700095521,0.0,0.008215593296130419,0.0,0.034301547226090155,368313.6454300681,25278.714729365387,218741.98895550944,388441.89748487744,0.0,62694.85098890452,0.0,967991.5415968981,364657.77777777775,25278.714729365387,218741.98895550944,381791.276663483,0.0,0.0,0.0,944048.6089429028,0.0,0.0,0.0,0.0,0.0,0.0,0.0,0.0,0.0013565537848625,0.0007031567848879629,0.0013533081893967592,0.0013780624311129628,0.001176204430617593,0.0011671576344847224,0.0004934510484260047,0.0010822906368707483,0.000486360516065721,0.0026679399199324074,0.0013006143453972222,0.01413998120620501,0.12811058138784578,0.0007736729352528517,0.0004030905567358625,0.0007688390502272647,0.0007849877560755573,0.000668678577076375,0.0006594306754997937,0.00028262121992055203,0.0006160777164774391,0.00027926457252485764,0.0015352851825132649,0.000737657513791925,0.008085189687598719,0.07287058583472966
2026-06-25 22:11:27.196000099,665.7371999999993,510.3000000000008,706.4964000000002,655.8659999999991,603.4680000000001,583.5239999999997,224.39520000000053,658.9944000000003,277.1423999999999,1714.4855999999984,622.6056000000003,8786.9716731,75779.08560000006,0.0145328519221564,0.012423500646793748,0.006683470205450254,0.005988444012965266,0.0,0.008215593296130419,0.0,0.03916504401818604,328443.79996409983,36216.356063513726,218741.98895550947,481671.0771495232,0.0,62694.85098890452,0.0,1087513.9431772225,328443.79996409983,36216.356063513726,218741.98895550947,468715.34378278506,0.0,0.0,0.0,1054558.8416426443,0.0,0.0,0.0,0.0,0.0,0.0,0.0,0.0,0.0013635816442375,0.0007067986980824072,0.001360300468910648,0.0013851919380574074,0.0011822741632564818,0.0011731587855263888,0.0004960370927522458,0.0010877850246258506,0.000488909400817494,0.0026816347914601847,0.0013073279599805554,0.014232685420916397,0.12875924346267573,0.0007776482401428861,0.000405160125038268,0.0007724305222367871,0.0007890202785085468,0.0006719817373962544,0.0006622314459807079,0.00028407902661846873,0.0006201348017384103,0.00028070771825055213,0.0015430583454384352,0.0007406042395505126,0.008134489199850164,0.07326564340416696
2026-06-25 22:11:42.196000099,677.7972,542.5343999999991,706.4964000000002,664.5887999999993,603.4680000000001,583.5239999999997,200.63159999999982,658.9944000000003,267.6888,1669.8816000000018,622.6056000000003,9116.868712349999,74550.55679999999,0.012768706700418285,0.012423500646793748,0.006683470205450254,0.004467129715171548,0.005997284739731339,0.008215593296130419,0.007700531145293939,0.0414282562462842,288573.9544981316,36216.356063513726,218741.98895550947,359306.55392532976,269822.26007471187,62694.85098890452,3119.098385622906,1021654.0965303638,288573.9544981316,36216.356063513726,218741.98895550947,349642.11665596673,262983.4470313436,0.0,3119.098385622906,995516.8811925139,0.0,0.0,0.0,0.0,0.0,0.0,0.0,0.0,0.0013706095036124999,0.0007104406112768517,0.001367292748424537,0.0013923214450018517,0.0011883438958953706,0.0011791599365680555,0.000498623137078487,0.0010932794123809525,0.0004914582855692671,0.002695329662987963,0.0013140415745638888,0.014325389635627784,0.12940790553750567,0.0007808701373123406,0.00040864348577654744,0.0007763862660890206,0.0007921354378562106,0.0006754165259014089,0.000665625043884488,0.00028463505925760136,0.0006232493825363901,0.0002820426071994364,0.0015519822187717235,0.0007443997519147738,0.008186553260994782,0.07362124268196635
2026-06-25 22:11:57.196000099,677.7972,542.5343999999991,714.7835999999993,664.5887999999993,608.6195999999992,593.3267999999997,200.63159999999982,655.8984000000008,267.6888,1669.8816000000018,642.6107999999999,9548.282265000002,72369.65519999998,0.02177678264695425,0.012423500646793748,0.0,0.0039680927140911095,0.005997284739731339,0.0,0.007700531145293939,0.030473860104466153,417897.21490606864,36216.356063513726,0.0,319167.2974962028,269822.26007471187,0.0,3119.098385622906,696389.5400693899,413182.0466613227,36216.356063513726,0.0,310582.50467406795,262983.4470313436,0.0,3119.098385622906,674824.8055915012,0.0,0.0,0.0,0.0,0.0,0.0,0.0,0.0,0.0013776373629875,0.0007140825244712963,0.001374285027938426,0.001399450951946296,0.0011944136285342594,0.0011851610876097223,0.0005012091814047281,0.0010987738001360544,0.0004940071703210401,0.0027090245345157407,0.001320755189147222,0.014418093850339174,0.1300565676123356,0.0007848416062613201,0.0004107202485486563,0.0007798325114004334,0.0007961632834854625,0.000678211069654687,0.0006683006576968715,0.00028608825356000686,0.0006264155072422701,0.0002834851992131821,0.0015597611493508483,0.0007472428419824951,0.008233959024161372,0.07397668842959591
2026-06-25 22:12:12.196000099,692.3844000000004,542.2716000000003,714.7835999999993,684.6336000000009,608.6195999999992,593.3267999999997,197.50679999999952,655.8984000000008,271.11240000000015,1641.2615999999996,642.6107999999999,9641.545200000002,71904.20400000003,0.022132294195225465,0.009321456064461407,0.0,0.006507793214477381,0.005997284739731339,0.0,0.007700531145293939,0.04066544675243571,382441.56042737816,27173.43375742155,0.0,185591.22294436826,269822.26007471187,0.0,3119.098385622906,733390.7519729892,374964.96492669964,27173.43375742155,0.0,180584.4851231292,262983.4470313436,0.0,3119.098385622906,711771.0162194361,0.0,0.0,0.0,0.0,0.0,0.0,0.0,0.0,0.0013824747356068028,0.0007230932978526074,0.001379718750746485,0.0014039880548049886,0.0011991144420575965,0.0011888344318952385,0.0005005143396708332,0.0011060454996475555,0.0004960833570555556,0.0027277676828730154,0.0013242539097061223,0.014497289092853614,0.13070078853561953,0.00078822371942958,0.0004143690377647911,0.0007837856594684605,0.0007994793005225037,0.0006816426015560475,0.0006716906136254428,0.0002866148190219898,0.0006295303401389368,0.00028516686953124486,0.001568448879267203,0.0007510334999212706,0.008287102148164782,0.07434027106629719
2026-06-25 22:12:27.196000099,692.3844000000004,542.2716000000003,720.3995999999989,684.6336000000009,614.6928000000008,599.3460000000003,197.50679999999952,648.6803999999985,271.11240000000015,1641.2615999999996,655.5383999999999,9699.184800000003,71447.2164,0.022132294195225465,0.012882183045042376,0.00604204809930179,0.0068271784452126755,0.005997284739731339,0.0,0.007700531145293939,0.03988611527032861,382441.56042737816,218544.76443637893,382589.9146625291,3510.3951004843666,269822.26007471187,0.0,3119.098385622906,730967.7420126892,374964.96492669964,212786.69878655818,374836.4313421257,3392.0671757489386,262983.4470313436,0.0,3119.098385622906,709348.0062591361,0.0,418.76841089605546,0.0,0.0,0.0,0.0,0.0,0.0,0.0013894914651986392,0.0007267624900294784,0.0013867031112907028,0.001411104389839002,0.0012051772192684807,0.0011948237533238096,0.0005030835427958333,0.0011115487379808888,0.0004986298153888888,0.0027414879464784576,0.0013309511852163261,0.01458988537361467,0.1313494271289529,0.0007921922179480986,0.0004164537196267441,0.0007878812399115042,0.0008035035538524699,0.0006848058688862829,0.0006746257421387609,0.00028806332179409866,0.000633097218897436,0.0002866106720006326,0.0015762323197705365,0.0007542978710316969,0.008338319699561388,0.07471801249077159
2026-06-25 22:12:42.196000099,701.2260000000008,538.4735999999998,720.3995999999989,707.0328000000011,614.6928000000008,599.3460000000003,193.41720000000018,648.6803999999985,276.85799999999966,1597.7844000000018,655.5383999999999,9756.0504,70497.882,0.022132294195225465,0.013256726639582092,0.00604204809930179,0.0068271784452126755,0.0,0.015356516667101005,0.007700531145293939,0.03847145653613273,382441.56042737816,367427.6030179919,382589.9146625291,3510.3951004843666,0.0,5705.38100585895,3119.098385622906,704195.3172856685,374964.96492669964,356967.70748694136,374836.4313421257,3392.0671757489386,0.0,35.65863128661844,3119.098385622906,684891.2983889172,0.0,760.7196749854904,0.0,0.0,0.0,2451.601623907069,0.0,0.0,0.001396508194790476,0.0007304316822063492,0.0013936874718349203,0.0014182207248730158,0.001211239996479365,0.0012008130747523812,0.0005056527459208333,0.0011170519763142222,0.0005011762737222223,0.0027552082100839002,0.0013376484607265304,0.014682481654375724,0.1319980657222862,0.0007957036118969131,0.00041987509631633663,0.0007918351015175648,0.0008071878636434878,0.0006882360489973939,0.000678013414125293,0.00028857438060732993,0.0006362142780327496,0.0002883045924709057,0.001584475754568485,0.0007580858736747945,0.008391971090323028,0.07507047017355634
2026-06-25 22:12:57.196000099,701.2260000000008,538.4735999999998,723.2507999999997,707.0328000000011,610.9596,596.5919999999984,193.41720000000018,666.5075999999997,276.85799999999966,1597.7844000000018,646.2828000000001,9722.757599999999,69610.21200000001,0.022132294195225465,0.013256726639582092,0.00604204809930179,0.0068271784452126755,0.0,0.015356516667101005,0.0039664605562090395,0.03160764943292857,382441.56042737816,367427.6030179919,382589.9146625291,3510.3951004843666,0.0,5705.38100585895,627.6447058311007,626485.6180729306,374964.96492669964,356967.70748694136,374836.4313421257,3392.0671757489386,0.0,35.65863128661844,627.6447058311007,605603.985523857,0.0,760.7196749854904,0.0,0.0,0.0,2739.8422268072354,0.0,0.0,0.0014035249243823128,0.0007341008743832198,0.001400671832379138,0.0014253370599070295,0.0012173027736902492,0.0012068023961809525,0.0005082219490458333,0.0011225552146475555,0.0005037227320555557,0.0027689284736893425,0.0013443457362367342,0.014775077935136778,0.13264670431561953,0.0007996698295402462,0.00042196644461967,0.0007954274720635004,0.0008112104180968212,0.0006909682217109,0.0006808687198317639,0.00029001818467130306,0.0006407671426656808,0.0002897496485954849,0.0015922614553638644,0.0007610046346159785,0.008440012943448932,0.07543261102954489
2026-06-25 22:13:12.196000099,713.9016000000001,532.9872,723.2507999999997,717.840000000001,610.9596,596.5919999999984,188.2835999999994,666.5075999999997,283.7051999999998,1552.5323999999987,646.2828000000001,9761.3856,69776.09640000001,0.0,0.013256726639582092,0.00604204809930179,0.0068271784452126755,0.0,0.015356516667101005,0.004486922858723883,0.027793240986047713,0.0,367427.6030179919,382589.9146625291,3510.3951004843666,0.0,5705.38100585895,710.0016092034912,462405.7458757841,0.0,356967.70748694136,374836.4313421257,3392.0671757489386,0.0,35.65863128661844,710.0016092034912,443996.36306400393,0.0,760.7196749854904,0.0,0.0,0.0,3028.082829707401,0.0,0.0,0.0014086785253684443,0.0007429449168324443,0.001407268849107111,0.0014305761206257778,0.0012216515020911113,0.001211043274637333,0.0005074520943238094,0.0011313960826993465,0.0005071528603714286,0.002785193986094222,0.0013485608835342223,0.01486124696430259,0.13327283848526802,0.0008036052872973788,0.00042531507617730026,0.0007993795283868337,0.0008150749188660172,0.0006943949224942333,0.000684253745091764,0.00029045614644986333,0.0006438911990872494,0.0002914092015095666,0.0015995307651865097,0.0007647882955626453,0.008494425955158674,0.07579920214739717
2026-06-25 22:13:27.196000099,713.9016000000001,532.9872,729.5759999999996,717.840000000001,614.2355999999985,593.8884,188.2835999999994,667.8971999999989,283.7051999999998,1552.5323999999987,644.5475999999984,9750.963600000001,69844.72320000002,0.02523786661812558,0.013256726639582092,0.00604204809930179,0.0,0.0,0.015356516667101005,0.006245547630178121,0.03130454893752057,418463.2187308016,367427.6030179919,382589.9146625291,0.0,0.0,5705.38100585895,988.2828404686863,447018.37097617,409562.72042594827,356967.70748694136,374836.4313421257,0.0,0.0,35.65863128661844,988.2828404686863,428608.98816438986,0.0,760.7196749854904,0.0,0.0,0.0,3316.3234326075662,0.0,0.0,0.001415685977035111,0.000746639878499111,0.0014142512807737778,0.0014376831072924444,0.001227705743757778,0.0012170238846373332,0.0005100045024870747,0.001136915617013072,0.0005097037634326531,0.0027989267994275556,0.0013552457968675552,0.014953930288818154,0.13392136611672972,0.0008075713529706462,0.0004274126329495774,0.0008031163149234904,0.0008190966907076012,0.0006974278055931418,0.0006871421145823049,0.0002918949590131966,0.0006479933071883437,0.0002928553220762333,0.0016073139532649411,0.0007676324701589953,0.00854292733993063,0.07617106756532664
